:: loading settings :: url = jar:file:/opt/spark/jars/ivy-2.5.0.jar!/org/apache/ivy/core/settings/ivysettings.xml
Ivy Default Cache set to: /root/.ivy2/cache
The jars for the packages stored in: /root/.ivy2/jars
org.apache.spark#spark-sql-kafka-0-10_2.12 added as a dependency
:: resolving dependencies :: org.apache.spark#spark-submit-parent-3c39cbbe-59a8-4a36-a374-67612644de28;1.0
	confs: [default]
	found org.apache.spark#spark-sql-kafka-0-10_2.12;3.3.0 in central
	found org.apache.spark#spark-token-provider-kafka-0-10_2.12;3.3.0 in central
	found org.apache.kafka#kafka-clients;2.8.1 in central
	found org.lz4#lz4-java;1.8.0 in central
	found org.xerial.snappy#snappy-java;1.1.8.4 in central
	found org.slf4j#slf4j-api;1.7.32 in central
	found org.apache.hadoop#hadoop-client-runtime;3.3.2 in central
	found org.spark-project.spark#unused;1.0.0 in central
	found org.apache.hadoop#hadoop-client-api;3.3.2 in central
	found commons-logging#commons-logging;1.1.3 in central
	found com.google.code.findbugs#jsr305;3.0.0 in central
	found org.apache.commons#commons-pool2;2.11.1 in central
:: resolution report :: resolve 1758ms :: artifacts dl 47ms
	:: modules in use:
	com.google.code.findbugs#jsr305;3.0.0 from central in [default]
	commons-logging#commons-logging;1.1.3 from central in [default]
	org.apache.commons#commons-pool2;2.11.1 from central in [default]
	org.apache.hadoop#hadoop-client-api;3.3.2 from central in [default]
	org.apache.hadoop#hadoop-client-runtime;3.3.2 from central in [default]
	org.apache.kafka#kafka-clients;2.8.1 from central in [default]
	org.apache.spark#spark-sql-kafka-0-10_2.12;3.3.0 from central in [default]
	org.apache.spark#spark-token-provider-kafka-0-10_2.12;3.3.0 from central in [default]
	org.lz4#lz4-java;1.8.0 from central in [default]
	org.slf4j#slf4j-api;1.7.32 from central in [default]
	org.spark-project.spark#unused;1.0.0 from central in [default]
	org.xerial.snappy#snappy-java;1.1.8.4 from central in [default]
	---------------------------------------------------------------------
	|                  |            modules            ||   artifacts   |
	|       conf       | number| search|dwnlded|evicted|| number|dwnlded|
	---------------------------------------------------------------------
	|      default     |   12  |   0   |   0   |   0   ||   12  |   0   |
	---------------------------------------------------------------------
:: retrieving :: org.apache.spark#spark-submit-parent-3c39cbbe-59a8-4a36-a374-67612644de28
	confs: [default]
	0 artifacts copied, 12 already retrieved (0kB/21ms)
26/09/16 19:27:41 WARN NativeCodeLoader: Unable to load native-hadoop library for your platform... using builtin-java classes where applicable
26/09/16 19:27:44 INFO SparkContext: Running Spark version 3.3.0
26/09/16 19:27:44 INFO ResourceUtils: ==============================================================
26/09/16 19:27:44 INFO ResourceUtils: No custom resources configured for spark.driver.
26/09/16 19:27:44 INFO ResourceUtils: ==============================================================
26/09/16 19:27:44 INFO SparkContext: Submitted application: stedi-events-customer-risk
26/09/16 19:27:44 INFO ResourceProfile: Default ResourceProfile created, executor resources: Map(cores -> name: cores, amount: 1, script: , vendor: , memory -> name: memory, amount: 1024, script: , vendor: , offHeap -> name: offHeap, amount: 0, script: , vendor: ), task resources: Map(cpus -> name: cpus, amount: 1.0)
26/09/16 19:27:44 INFO ResourceProfile: Limiting resource is cpu
26/09/16 19:27:44 INFO ResourceProfileManager: Added ResourceProfile id: 0
26/09/16 19:27:45 INFO SecurityManager: Changing view acls to: root
26/09/16 19:27:45 INFO SecurityManager: Changing modify acls to: root
26/09/16 19:27:45 INFO SecurityManager: Changing view acls groups to: 
26/09/16 19:27:45 INFO SecurityManager: Changing modify acls groups to: 
26/09/16 19:27:45 INFO SecurityManager: SecurityManager: authentication disabled; ui acls disabled; users  with view permissions: Set(root); groups with view permissions: Set(); users  with modify permissions: Set(root); groups with modify permissions: Set()
26/09/16 19:27:46 INFO Utils: Successfully started service 'sparkDriver' on port 45597.
26/09/16 19:27:46 INFO SparkEnv: Registering MapOutputTracker
26/09/16 19:27:46 INFO SparkEnv: Registering BlockManagerMaster
26/09/16 19:27:47 INFO BlockManagerMasterEndpoint: Using org.apache.spark.storage.DefaultTopologyMapper for getting topology information
26/09/16 19:27:47 INFO BlockManagerMasterEndpoint: BlockManagerMasterEndpoint up
26/09/16 19:27:47 INFO SparkEnv: Registering BlockManagerMasterHeartbeat
26/09/16 19:27:47 INFO DiskBlockManager: Created local directory at /tmp/blockmgr-e5b2c6db-3bd8-4f3a-8c4b-9401e1a98263
26/09/16 19:27:47 INFO MemoryStore: MemoryStore started with capacity 434.4 MiB
26/09/16 19:27:47 INFO SparkEnv: Registering OutputCommitCoordinator
26/09/16 19:27:48 WARN Utils: Service 'SparkUI' could not bind on port 4040. Attempting port 4041.
26/09/16 19:27:48 WARN Utils: Service 'SparkUI' could not bind on port 4041. Attempting port 4042.
26/09/16 19:27:48 INFO Utils: Successfully started service 'SparkUI' on port 4042.
26/09/16 19:27:48 INFO SparkContext: Added JAR file:///root/.ivy2/jars/org.apache.spark_spark-sql-kafka-0-10_2.12-3.3.0.jar at spark://spark:45597/jars/org.apache.spark_spark-sql-kafka-0-10_2.12-3.3.0.jar with timestamp 1789586864502
26/09/16 19:27:48 INFO SparkContext: Added JAR file:///root/.ivy2/jars/org.apache.spark_spark-token-provider-kafka-0-10_2.12-3.3.0.jar at spark://spark:45597/jars/org.apache.spark_spark-token-provider-kafka-0-10_2.12-3.3.0.jar with timestamp 1789586864502
26/09/16 19:27:48 INFO SparkContext: Added JAR file:///root/.ivy2/jars/org.apache.kafka_kafka-clients-2.8.1.jar at spark://spark:45597/jars/org.apache.kafka_kafka-clients-2.8.1.jar with timestamp 1789586864502
26/09/16 19:27:48 INFO SparkContext: Added JAR file:///root/.ivy2/jars/com.google.code.findbugs_jsr305-3.0.0.jar at spark://spark:45597/jars/com.google.code.findbugs_jsr305-3.0.0.jar with timestamp 1789586864502
26/09/16 19:27:48 INFO SparkContext: Added JAR file:///root/.ivy2/jars/org.apache.commons_commons-pool2-2.11.1.jar at spark://spark:45597/jars/org.apache.commons_commons-pool2-2.11.1.jar with timestamp 1789586864502
26/09/16 19:27:48 INFO SparkContext: Added JAR file:///root/.ivy2/jars/org.spark-project.spark_unused-1.0.0.jar at spark://spark:45597/jars/org.spark-project.spark_unused-1.0.0.jar with timestamp 1789586864502
26/09/16 19:27:48 INFO SparkContext: Added JAR file:///root/.ivy2/jars/org.apache.hadoop_hadoop-client-runtime-3.3.2.jar at spark://spark:45597/jars/org.apache.hadoop_hadoop-client-runtime-3.3.2.jar with timestamp 1789586864502
26/09/16 19:27:48 INFO SparkContext: Added JAR file:///root/.ivy2/jars/org.lz4_lz4-java-1.8.0.jar at spark://spark:45597/jars/org.lz4_lz4-java-1.8.0.jar with timestamp 1789586864502
26/09/16 19:27:48 INFO SparkContext: Added JAR file:///root/.ivy2/jars/org.xerial.snappy_snappy-java-1.1.8.4.jar at spark://spark:45597/jars/org.xerial.snappy_snappy-java-1.1.8.4.jar with timestamp 1789586864502
26/09/16 19:27:48 INFO SparkContext: Added JAR file:///root/.ivy2/jars/org.slf4j_slf4j-api-1.7.32.jar at spark://spark:45597/jars/org.slf4j_slf4j-api-1.7.32.jar with timestamp 1789586864502
26/09/16 19:27:48 INFO SparkContext: Added JAR file:///root/.ivy2/jars/org.apache.hadoop_hadoop-client-api-3.3.2.jar at spark://spark:45597/jars/org.apache.hadoop_hadoop-client-api-3.3.2.jar with timestamp 1789586864502
26/09/16 19:27:48 INFO SparkContext: Added JAR file:///root/.ivy2/jars/commons-logging_commons-logging-1.1.3.jar at spark://spark:45597/jars/commons-logging_commons-logging-1.1.3.jar with timestamp 1789586864502
26/09/16 19:27:48 INFO SparkContext: Added file file:///root/.ivy2/jars/org.apache.spark_spark-sql-kafka-0-10_2.12-3.3.0.jar at spark://spark:45597/files/org.apache.spark_spark-sql-kafka-0-10_2.12-3.3.0.jar with timestamp 1789586864502
26/09/16 19:27:48 INFO Utils: Copying /root/.ivy2/jars/org.apache.spark_spark-sql-kafka-0-10_2.12-3.3.0.jar to /tmp/spark-1df940a9-4fac-4007-b276-b2f0b7395c76/userFiles-4ad4a5ef-1d7f-4907-9354-1a5db9f976c5/org.apache.spark_spark-sql-kafka-0-10_2.12-3.3.0.jar
26/09/16 19:27:48 INFO SparkContext: Added file file:///root/.ivy2/jars/org.apache.spark_spark-token-provider-kafka-0-10_2.12-3.3.0.jar at spark://spark:45597/files/org.apache.spark_spark-token-provider-kafka-0-10_2.12-3.3.0.jar with timestamp 1789586864502
26/09/16 19:27:48 INFO Utils: Copying /root/.ivy2/jars/org.apache.spark_spark-token-provider-kafka-0-10_2.12-3.3.0.jar to /tmp/spark-1df940a9-4fac-4007-b276-b2f0b7395c76/userFiles-4ad4a5ef-1d7f-4907-9354-1a5db9f976c5/org.apache.spark_spark-token-provider-kafka-0-10_2.12-3.3.0.jar
26/09/16 19:27:48 INFO SparkContext: Added file file:///root/.ivy2/jars/org.apache.kafka_kafka-clients-2.8.1.jar at spark://spark:45597/files/org.apache.kafka_kafka-clients-2.8.1.jar with timestamp 1789586864502
26/09/16 19:27:48 INFO Utils: Copying /root/.ivy2/jars/org.apache.kafka_kafka-clients-2.8.1.jar to /tmp/spark-1df940a9-4fac-4007-b276-b2f0b7395c76/userFiles-4ad4a5ef-1d7f-4907-9354-1a5db9f976c5/org.apache.kafka_kafka-clients-2.8.1.jar
26/09/16 19:27:48 INFO SparkContext: Added file file:///root/.ivy2/jars/com.google.code.findbugs_jsr305-3.0.0.jar at spark://spark:45597/files/com.google.code.findbugs_jsr305-3.0.0.jar with timestamp 1789586864502
26/09/16 19:27:48 INFO Utils: Copying /root/.ivy2/jars/com.google.code.findbugs_jsr305-3.0.0.jar to /tmp/spark-1df940a9-4fac-4007-b276-b2f0b7395c76/userFiles-4ad4a5ef-1d7f-4907-9354-1a5db9f976c5/com.google.code.findbugs_jsr305-3.0.0.jar
26/09/16 19:27:48 INFO SparkContext: Added file file:///root/.ivy2/jars/org.apache.commons_commons-pool2-2.11.1.jar at spark://spark:45597/files/org.apache.commons_commons-pool2-2.11.1.jar with timestamp 1789586864502
26/09/16 19:27:48 INFO Utils: Copying /root/.ivy2/jars/org.apache.commons_commons-pool2-2.11.1.jar to /tmp/spark-1df940a9-4fac-4007-b276-b2f0b7395c76/userFiles-4ad4a5ef-1d7f-4907-9354-1a5db9f976c5/org.apache.commons_commons-pool2-2.11.1.jar
26/09/16 19:27:48 INFO SparkContext: Added file file:///root/.ivy2/jars/org.spark-project.spark_unused-1.0.0.jar at spark://spark:45597/files/org.spark-project.spark_unused-1.0.0.jar with timestamp 1789586864502
26/09/16 19:27:48 INFO Utils: Copying /root/.ivy2/jars/org.spark-project.spark_unused-1.0.0.jar to /tmp/spark-1df940a9-4fac-4007-b276-b2f0b7395c76/userFiles-4ad4a5ef-1d7f-4907-9354-1a5db9f976c5/org.spark-project.spark_unused-1.0.0.jar
26/09/16 19:27:48 INFO SparkContext: Added file file:///root/.ivy2/jars/org.apache.hadoop_hadoop-client-runtime-3.3.2.jar at spark://spark:45597/files/org.apache.hadoop_hadoop-client-runtime-3.3.2.jar with timestamp 1789586864502
26/09/16 19:27:48 INFO Utils: Copying /root/.ivy2/jars/org.apache.hadoop_hadoop-client-runtime-3.3.2.jar to /tmp/spark-1df940a9-4fac-4007-b276-b2f0b7395c76/userFiles-4ad4a5ef-1d7f-4907-9354-1a5db9f976c5/org.apache.hadoop_hadoop-client-runtime-3.3.2.jar
26/09/16 19:27:48 INFO SparkContext: Added file file:///root/.ivy2/jars/org.lz4_lz4-java-1.8.0.jar at spark://spark:45597/files/org.lz4_lz4-java-1.8.0.jar with timestamp 1789586864502
26/09/16 19:27:48 INFO Utils: Copying /root/.ivy2/jars/org.lz4_lz4-java-1.8.0.jar to /tmp/spark-1df940a9-4fac-4007-b276-b2f0b7395c76/userFiles-4ad4a5ef-1d7f-4907-9354-1a5db9f976c5/org.lz4_lz4-java-1.8.0.jar
26/09/16 19:27:48 INFO SparkContext: Added file file:///root/.ivy2/jars/org.xerial.snappy_snappy-java-1.1.8.4.jar at spark://spark:45597/files/org.xerial.snappy_snappy-java-1.1.8.4.jar with timestamp 1789586864502
26/09/16 19:27:48 INFO Utils: Copying /root/.ivy2/jars/org.xerial.snappy_snappy-java-1.1.8.4.jar to /tmp/spark-1df940a9-4fac-4007-b276-b2f0b7395c76/userFiles-4ad4a5ef-1d7f-4907-9354-1a5db9f976c5/org.xerial.snappy_snappy-java-1.1.8.4.jar
26/09/16 19:27:48 INFO SparkContext: Added file file:///root/.ivy2/jars/org.slf4j_slf4j-api-1.7.32.jar at spark://spark:45597/files/org.slf4j_slf4j-api-1.7.32.jar with timestamp 1789586864502
26/09/16 19:27:48 INFO Utils: Copying /root/.ivy2/jars/org.slf4j_slf4j-api-1.7.32.jar to /tmp/spark-1df940a9-4fac-4007-b276-b2f0b7395c76/userFiles-4ad4a5ef-1d7f-4907-9354-1a5db9f976c5/org.slf4j_slf4j-api-1.7.32.jar
26/09/16 19:27:48 INFO SparkContext: Added file file:///root/.ivy2/jars/org.apache.hadoop_hadoop-client-api-3.3.2.jar at spark://spark:45597/files/org.apache.hadoop_hadoop-client-api-3.3.2.jar with timestamp 1789586864502
26/09/16 19:27:48 INFO Utils: Copying /root/.ivy2/jars/org.apache.hadoop_hadoop-client-api-3.3.2.jar to /tmp/spark-1df940a9-4fac-4007-b276-b2f0b7395c76/userFiles-4ad4a5ef-1d7f-4907-9354-1a5db9f976c5/org.apache.hadoop_hadoop-client-api-3.3.2.jar
26/09/16 19:27:49 INFO SparkContext: Added file file:///root/.ivy2/jars/commons-logging_commons-logging-1.1.3.jar at spark://spark:45597/files/commons-logging_commons-logging-1.1.3.jar with timestamp 1789586864502
26/09/16 19:27:49 INFO Utils: Copying /root/.ivy2/jars/commons-logging_commons-logging-1.1.3.jar to /tmp/spark-1df940a9-4fac-4007-b276-b2f0b7395c76/userFiles-4ad4a5ef-1d7f-4907-9354-1a5db9f976c5/commons-logging_commons-logging-1.1.3.jar
26/09/16 19:27:49 INFO StandaloneAppClient$ClientEndpoint: Connecting to master spark://spark:7077...
26/09/16 19:27:50 INFO TransportClientFactory: Successfully created connection to spark/172.18.0.4:7077 after 244 ms (0 ms spent in bootstraps)
26/09/16 19:27:50 INFO StandaloneSchedulerBackend: Connected to Spark cluster with app ID app-20260916192750-0008
26/09/16 19:27:50 INFO StandaloneAppClient$ClientEndpoint: Executor added: app-20260916192750-0008/0 on worker-20260916185327-172.18.0.6-33449 (172.18.0.6:33449) with 1 core(s)
26/09/16 19:27:50 INFO StandaloneSchedulerBackend: Granted executor ID app-20260916192750-0008/0 on hostPort 172.18.0.6:33449 with 1 core(s), 1024.0 MiB RAM
26/09/16 19:27:50 INFO Utils: Successfully started service 'org.apache.spark.network.netty.NettyBlockTransferService' on port 45481.
26/09/16 19:27:50 INFO NettyBlockTransferService: Server created on spark:45481
26/09/16 19:27:50 INFO BlockManager: Using org.apache.spark.storage.RandomBlockReplicationPolicy for block replication policy
26/09/16 19:27:50 INFO BlockManagerMaster: Registering BlockManager BlockManagerId(driver, spark, 45481, None)
26/09/16 19:27:50 INFO BlockManagerMasterEndpoint: Registering block manager spark:45481 with 434.4 MiB RAM, BlockManagerId(driver, spark, 45481, None)
26/09/16 19:27:50 INFO BlockManagerMaster: Registered BlockManager BlockManagerId(driver, spark, 45481, None)
26/09/16 19:27:50 INFO BlockManager: Initialized BlockManager: BlockManagerId(driver, spark, 45481, None)
26/09/16 19:27:50 INFO StandaloneAppClient$ClientEndpoint: Executor updated: app-20260916192750-0008/0 is now RUNNING
26/09/16 19:27:52 INFO StandaloneSchedulerBackend: SchedulerBackend is ready for scheduling beginning after reached minRegisteredResourcesRatio: 0.0
26/09/16 19:28:12 WARN ResolveWriteToStream: Temporary checkpoint location created which is deleted normally when the query didn't fail: /tmp/temporary-211e3298-1aa8-4a5f-9194-d41e8f5e277e. If it's required to delete it under any circumstances, please set spark.sql.streaming.forceDeleteTempCheckpointLocation to true. Important to know deleting temp checkpoint folder is best effort.
26/09/16 19:28:12 WARN ResolveWriteToStream: spark.sql.adaptive.enabled is not supported in streaming DataFrames/Datasets and will be disabled.
-------------------------------------------
Batch: 0
-------------------------------------------
+--------------------+-----+
|            customer|score|
+--------------------+-----+
| Eric.Ahmed@test.com| -4.5|
|Ashley.Fibonnaci@...| 29.5|
|Jerry.Abram@test.com| 12.0|
|Eric.Staples@test...|-16.5|
|Neeraj.Anandh@tes...|-18.5|
|Edward.Aristotle@...| -5.0|
| John.Smith@test.com| -3.0|
|   Jason.Wu@test.com| -1.5|
|Jerry.Smith@test.com| -4.0|
|Ashley.Olson@test...| -1.0|
|Neeraj.Spencer@te...| -3.0|
|Frank.Fibonnaci@t...| -2.5|
|John.Jefferson@te...|  0.0|
|Dan.Anderson@test...| -3.0|
|Senthil.Fibonnaci...| -3.0|
|Danny.Spencer@tes...| -3.0|
|Travis.Davis@test...|  0.0|
|Gail.Gonzalez@tes...|  3.0|
|David.Anderson@te...|-20.5|
|Bobby.Fibonnaci@t...|-15.0|
+--------------------+-----+
only showing top 20 rows

-------------------------------------------
Batch: 1
-------------------------------------------
+-------------------+-----+
|           customer|score|
+-------------------+-----+
|John.Abram@test.com| -2.0|
+-------------------+-----+

-------------------------------------------
Batch: 2
-------------------------------------------
+--------------------+-----+
|            customer|score|
+--------------------+-----+
|Eric.Phillips@tes...| 30.0|
+--------------------+-----+

-------------------------------------------
Batch: 3
-------------------------------------------
+--------------------+-----+
|            customer|score|
+--------------------+-----+
|Gail.Hansen@test.com| -3.0|
+--------------------+-----+

-------------------------------------------
Batch: 4
-------------------------------------------
+--------------------+-----+
|            customer|score|
+--------------------+-----+
|Frank.Doshi@test.com| 14.5|
+--------------------+-----+

-------------------------------------------
Batch: 5
-------------------------------------------
+--------------------+-----+
|            customer|score|
+--------------------+-----+
|John.Spencer@test...| 12.5|
+--------------------+-----+

-------------------------------------------
Batch: 6
-------------------------------------------
+--------------------+-----+
|            customer|score|
+--------------------+-----+
|Christina.Lincoln...| -2.0|
+--------------------+-----+

-------------------------------------------
Batch: 7
-------------------------------------------
+--------------------+-----+
|            customer|score|
+--------------------+-----+
|Danny.Ahmed@test.com| -2.5|
+--------------------+-----+

-------------------------------------------
Batch: 8
-------------------------------------------
+--------------------+-----+
|            customer|score|
+--------------------+-----+
|Ashley.Khatib@tes...| -5.0|
+--------------------+-----+

-------------------------------------------
Batch: 9
-------------------------------------------
+--------------------+-----+
|            customer|score|
+--------------------+-----+
|Jason.Spencer@tes...| -4.0|
+--------------------+-----+

-------------------------------------------
Batch: 10
-------------------------------------------
+--------------------+-----+
|            customer|score|
+--------------------+-----+
|Craig.Fibonnaci@t...| -2.0|
+--------------------+-----+

-------------------------------------------
Batch: 11
-------------------------------------------
+-------------------+-----+
|           customer|score|
+-------------------+-----+
|Lyn.Harris@test.com| -4.5|
+-------------------+-----+

-------------------------------------------
Batch: 12
-------------------------------------------
+--------------------+-----+
|            customer|score|
+--------------------+-----+
|Dan.Gonzalez@test...| -2.5|
+--------------------+-----+

-------------------------------------------
Batch: 13
-------------------------------------------
+--------------------+-----+
|            customer|score|
+--------------------+-----+
|Sarah.Abram@test.com| -3.5|
+--------------------+-----+

-------------------------------------------
Batch: 14
-------------------------------------------
+--------------------+-----+
|            customer|score|
+--------------------+-----+
|Larry.Anandh@test...| -1.0|
+--------------------+-----+

-------------------------------------------
Batch: 15
-------------------------------------------
+-----------------+-----+
|         customer|score|
+-----------------+-----+
|Bobby.Wu@test.com| -3.5|
+-----------------+-----+

-------------------------------------------
Batch: 16
-------------------------------------------
+--------------------+-----+
|            customer|score|
+--------------------+-----+
|Angie.Hansen@test...| -1.5|
+--------------------+-----+

-------------------------------------------
Batch: 17
-------------------------------------------
+--------------------+-----+
|            customer|score|
+--------------------+-----+
|Santosh.Mitra@tes...| -1.0|
+--------------------+-----+

-------------------------------------------
Batch: 18
-------------------------------------------
+--------------------+-----+
|            customer|score|
+--------------------+-----+
|Chris.Smith@test.com| 10.0|
+--------------------+-----+

-------------------------------------------
Batch: 19
-------------------------------------------
+--------------------+-----+
|            customer|score|
+--------------------+-----+
|Edward.Doshi@test...| 24.0|
+--------------------+-----+

-------------------------------------------
Batch: 20
-------------------------------------------
+--------------------+-----+
|            customer|score|
+--------------------+-----+
|Jane.Phillips@tes...|-10.5|
+--------------------+-----+

-------------------------------------------
Batch: 21
-------------------------------------------
+--------------------+-----+
|            customer|score|
+--------------------+-----+
|Jane.Howard@test.com| 27.0|
+--------------------+-----+

-------------------------------------------
Batch: 22
-------------------------------------------
+-------------------+-----+
|           customer|score|
+-------------------+-----+
|Ben.Khatib@test.com| -9.0|
+-------------------+-----+

-------------------------------------------
Batch: 23
-------------------------------------------
+--------------------+-----+
|            customer|score|
+--------------------+-----+
|Sarah.Aristotle@t...| 31.0|
+--------------------+-----+

-------------------------------------------
Batch: 24
-------------------------------------------
+--------------------+-----+
|            customer|score|
+--------------------+-----+
|Sarah.Clark@test.com| 26.0|
+--------------------+-----+

-------------------------------------------
Batch: 25
-------------------------------------------
+--------------------+-----+
|            customer|score|
+--------------------+-----+
|Ben.Jackson@test.com|  1.0|
+--------------------+-----+

-------------------------------------------
Batch: 26
-------------------------------------------
+--------------------+-----+
|            customer|score|
+--------------------+-----+
|Santosh.Olson@tes...| -7.5|
+--------------------+-----+

-------------------------------------------
Batch: 27
-------------------------------------------
+-------------------+-----+
|           customer|score|
+-------------------+-----+
|John.Abram@test.com|-22.5|
+-------------------+-----+

-------------------------------------------
Batch: 28
-------------------------------------------
+--------------------+-----+
|            customer|score|
+--------------------+-----+
|Eric.Phillips@tes...| 14.0|
+--------------------+-----+

-------------------------------------------
Batch: 29
-------------------------------------------
+--------------------+-----+
|            customer|score|
+--------------------+-----+
|Gail.Hansen@test.com|-11.0|
+--------------------+-----+

-------------------------------------------
Batch: 30
-------------------------------------------
+--------------------+-----+
|            customer|score|
+--------------------+-----+
|Frank.Doshi@test.com| 26.5|
+--------------------+-----+

-------------------------------------------
Batch: 31
-------------------------------------------
+--------------------+-----+
|            customer|score|
+--------------------+-----+
|John.Spencer@test...|-14.5|
+--------------------+-----+

-------------------------------------------
Batch: 32
-------------------------------------------
+--------------------+-----+
|            customer|score|
+--------------------+-----+
|Christina.Lincoln...| -3.0|
+--------------------+-----+

-------------------------------------------
Batch: 33
-------------------------------------------
+--------------------+-----+
|            customer|score|
+--------------------+-----+
|Danny.Ahmed@test.com| -2.5|
+--------------------+-----+

-------------------------------------------
Batch: 34
-------------------------------------------
+--------------------+-----+
|            customer|score|
+--------------------+-----+
|Ashley.Khatib@tes...| -4.0|
+--------------------+-----+

-------------------------------------------
Batch: 35
-------------------------------------------
+--------------------+-----+
|            customer|score|
+--------------------+-----+
|Jason.Spencer@tes...| -3.0|
+--------------------+-----+

-------------------------------------------
Batch: 36
-------------------------------------------
+--------------------+-----+
|            customer|score|
+--------------------+-----+
|Craig.Fibonnaci@t...| -1.5|
+--------------------+-----+

-------------------------------------------
Batch: 37
-------------------------------------------
+-------------------+-----+
|           customer|score|
+-------------------+-----+
|Lyn.Harris@test.com| -3.5|
+-------------------+-----+

-------------------------------------------
Batch: 38
-------------------------------------------
+--------------------+-----+
|            customer|score|
+--------------------+-----+
|Dan.Gonzalez@test...| -2.0|
+--------------------+-----+

-------------------------------------------
Batch: 39
-------------------------------------------
+--------------------+-----+
|            customer|score|
+--------------------+-----+
|Sarah.Abram@test.com| -3.0|
+--------------------+-----+

-------------------------------------------
Batch: 40
-------------------------------------------
+--------------------+-----+
|            customer|score|
+--------------------+-----+
|Larry.Anandh@test...| -2.0|
+--------------------+-----+

-------------------------------------------
Batch: 41
-------------------------------------------
+-----------------+-----+
|         customer|score|
+-----------------+-----+
|Bobby.Wu@test.com| -4.5|
+-----------------+-----+

-------------------------------------------
Batch: 42
-------------------------------------------
+--------------------+-----+
|            customer|score|
+--------------------+-----+
|Angie.Hansen@test...| -1.5|
+--------------------+-----+

-------------------------------------------
Batch: 43
-------------------------------------------
+--------------------+-----+
|            customer|score|
+--------------------+-----+
|Santosh.Mitra@tes...|-23.5|
+--------------------+-----+

-------------------------------------------
Batch: 44
-------------------------------------------
+--------------------+-----+
|            customer|score|
+--------------------+-----+
|Chris.Smith@test.com| -7.5|
+--------------------+-----+

-------------------------------------------
Batch: 45
-------------------------------------------
+--------------------+-----+
|            customer|score|
+--------------------+-----+
|Edward.Doshi@test...| -4.0|
+--------------------+-----+

-------------------------------------------
Batch: 46
-------------------------------------------
+--------------------+-----+
|            customer|score|
+--------------------+-----+
|Jane.Phillips@tes...| 14.0|
+--------------------+-----+

-------------------------------------------
Batch: 47
-------------------------------------------
+--------------------+-----+
|            customer|score|
+--------------------+-----+
|Jane.Howard@test.com| -3.5|
+--------------------+-----+

-------------------------------------------
Batch: 48
-------------------------------------------
+-------------------+-----+
|           customer|score|
+-------------------+-----+
|Ben.Khatib@test.com| -5.0|
+-------------------+-----+

-------------------------------------------
Batch: 49
-------------------------------------------
+--------------------+-----+
|            customer|score|
+--------------------+-----+
|Sarah.Aristotle@t...|  7.5|
+--------------------+-----+

-------------------------------------------
Batch: 50
-------------------------------------------
+--------------------+-----+
|            customer|score|
+--------------------+-----+
|Sarah.Clark@test.com|  5.0|
+--------------------+-----+

-------------------------------------------
Batch: 51
-------------------------------------------
+--------------------+-----+
|            customer|score|
+--------------------+-----+
|Ben.Jackson@test.com| 23.0|
+--------------------+-----+

-------------------------------------------
Batch: 52
-------------------------------------------
+--------------------+-----+
|            customer|score|
+--------------------+-----+
|Santosh.Olson@tes...|-25.5|
+--------------------+-----+

-------------------------------------------
Batch: 53
-------------------------------------------
+-------------------+-----+
|           customer|score|
+-------------------+-----+
|John.Abram@test.com|  0.5|
+-------------------+-----+

-------------------------------------------
Batch: 54
-------------------------------------------
+--------------------+-----+
|            customer|score|
+--------------------+-----+
|Eric.Phillips@tes...| 18.5|
+--------------------+-----+

-------------------------------------------
Batch: 55
-------------------------------------------
+--------------------+-----+
|            customer|score|
+--------------------+-----+
|Gail.Hansen@test.com| -9.0|
+--------------------+-----+

-------------------------------------------
Batch: 56
-------------------------------------------
+--------------------+-----+
|            customer|score|
+--------------------+-----+
|Frank.Doshi@test.com| -4.0|
+--------------------+-----+

-------------------------------------------
Batch: 57
-------------------------------------------
+--------------------+-----+
|            customer|score|
+--------------------+-----+
|John.Spencer@test...|-32.0|
+--------------------+-----+

-------------------------------------------
Batch: 58
-------------------------------------------
+--------------------+-----+
|            customer|score|
+--------------------+-----+
|Christina.Lincoln...| -3.0|
+--------------------+-----+

-------------------------------------------
Batch: 59
-------------------------------------------
+--------------------+-----+
|            customer|score|
+--------------------+-----+
|Danny.Ahmed@test.com| -2.0|
+--------------------+-----+

-------------------------------------------
Batch: 60
-------------------------------------------
+--------------------+-----+
|            customer|score|
+--------------------+-----+
|Ashley.Khatib@tes...| -3.0|
+--------------------+-----+

-------------------------------------------
Batch: 61
-------------------------------------------
+--------------------+-----+
|            customer|score|
+--------------------+-----+
|Jason.Spencer@tes...| -4.0|
+--------------------+-----+

-------------------------------------------
Batch: 62
-------------------------------------------
+--------------------+-----+
|            customer|score|
+--------------------+-----+
|Craig.Fibonnaci@t...| -1.0|
+--------------------+-----+

-------------------------------------------
Batch: 63
-------------------------------------------
+-------------------+-----+
|           customer|score|
+-------------------+-----+
|Lyn.Harris@test.com| -2.0|
+-------------------+-----+

-------------------------------------------
Batch: 64
-------------------------------------------
+--------------------+-----+
|            customer|score|
+--------------------+-----+
|Dan.Gonzalez@test...| -2.5|
+--------------------+-----+

-------------------------------------------
Batch: 65
-------------------------------------------
+--------------------+-----+
|            customer|score|
+--------------------+-----+
|Sarah.Abram@test.com| -2.5|
+--------------------+-----+

-------------------------------------------
Batch: 66
-------------------------------------------
+--------------------+-----+
|            customer|score|
+--------------------+-----+
|Larry.Anandh@test...| -3.0|
+--------------------+-----+

-------------------------------------------
Batch: 67
-------------------------------------------
+-----------------+-----+
|         customer|score|
+-----------------+-----+
|Bobby.Wu@test.com| -4.5|
+-----------------+-----+

-------------------------------------------
Batch: 68
-------------------------------------------
+--------------------+-----+
|            customer|score|
+--------------------+-----+
|Angie.Hansen@test...| -3.0|
+--------------------+-----+

-------------------------------------------
Batch: 69
-------------------------------------------
+--------------------+-----+
|            customer|score|
+--------------------+-----+
|Santosh.Mitra@tes...|-18.5|
+--------------------+-----+

-------------------------------------------
Batch: 70
-------------------------------------------
+--------------------+-----+
|            customer|score|
+--------------------+-----+
|Chris.Smith@test.com| -9.5|
+--------------------+-----+

-------------------------------------------
Batch: 71
-------------------------------------------
+--------------------+-----+
|            customer|score|
+--------------------+-----+
|Edward.Doshi@test...| -2.0|
+--------------------+-----+

-------------------------------------------
Batch: 72
-------------------------------------------
+--------------------+-----+
|            customer|score|
+--------------------+-----+
|Jane.Phillips@tes...| 24.0|
+--------------------+-----+

-------------------------------------------
Batch: 73
-------------------------------------------
+--------------------+-----+
|            customer|score|
+--------------------+-----+
|Jane.Howard@test.com|  2.5|
+--------------------+-----+

-------------------------------------------
Batch: 74
-------------------------------------------
+-------------------+-----+
|           customer|score|
+-------------------+-----+
|Ben.Khatib@test.com|-13.0|
+-------------------+-----+

-------------------------------------------
Batch: 75
-------------------------------------------
+--------------------+-----+
|            customer|score|
+--------------------+-----+
|Sarah.Aristotle@t...|-26.5|
+--------------------+-----+

-------------------------------------------
Batch: 76
-------------------------------------------
+--------------------+-----+
|            customer|score|
+--------------------+-----+
|Sarah.Clark@test.com|  7.0|
+--------------------+-----+

-------------------------------------------
Batch: 77
-------------------------------------------
+--------------------+-----+
|            customer|score|
+--------------------+-----+
|Ben.Jackson@test.com| 20.0|
+--------------------+-----+

-------------------------------------------
Batch: 78
-------------------------------------------
+--------------------+-----+
|            customer|score|
+--------------------+-----+
|Santosh.Olson@tes...|-10.0|
+--------------------+-----+

-------------------------------------------
Batch: 79
-------------------------------------------
+-------------------+-----+
|           customer|score|
+-------------------+-----+
|John.Abram@test.com| -3.5|
+-------------------+-----+

-------------------------------------------
Batch: 80
-------------------------------------------
+--------------------+-----+
|            customer|score|
+--------------------+-----+
|Eric.Phillips@tes...| 12.5|
+--------------------+-----+

-------------------------------------------
Batch: 81
-------------------------------------------
+--------------------+-----+
|            customer|score|
+--------------------+-----+
|Gail.Hansen@test.com|  6.5|
+--------------------+-----+

-------------------------------------------
Batch: 82
-------------------------------------------
+--------------------+-----+
|            customer|score|
+--------------------+-----+
|Frank.Doshi@test.com|-21.5|
+--------------------+-----+

-------------------------------------------
Batch: 83
-------------------------------------------
+--------------------+-----+
|            customer|score|
+--------------------+-----+
|John.Spencer@test...| -0.5|
+--------------------+-----+

-------------------------------------------
Batch: 84
-------------------------------------------
+--------------------+-----+
|            customer|score|
+--------------------+-----+
|Christina.Lincoln...| -2.0|
+--------------------+-----+

-------------------------------------------
Batch: 85
-------------------------------------------
+--------------------+-----+
|            customer|score|
+--------------------+-----+
|Danny.Ahmed@test.com| -2.5|
+--------------------+-----+

-------------------------------------------
Batch: 86
-------------------------------------------
+--------------------+-----+
|            customer|score|
+--------------------+-----+
|Ashley.Khatib@tes...| -3.5|
+--------------------+-----+

-------------------------------------------
Batch: 87
-------------------------------------------
+--------------------+-----+
|            customer|score|
+--------------------+-----+
|Jason.Spencer@tes...| -4.5|
+--------------------+-----+

-------------------------------------------
Batch: 88
-------------------------------------------
+--------------------+-----+
|            customer|score|
+--------------------+-----+
|Craig.Fibonnaci@t...| -2.0|
+--------------------+-----+

-------------------------------------------
Batch: 89
-------------------------------------------
+-------------------+-----+
|           customer|score|
+-------------------+-----+
|Lyn.Harris@test.com| -1.5|
+-------------------+-----+

-------------------------------------------
Batch: 90
-------------------------------------------
+--------------------+-----+
|            customer|score|
+--------------------+-----+
|Dan.Gonzalez@test...| -4.0|
+--------------------+-----+

-------------------------------------------
Batch: 91
-------------------------------------------
+--------------------+-----+
|            customer|score|
+--------------------+-----+
|Sarah.Abram@test.com| -1.5|
+--------------------+-----+

-------------------------------------------
Batch: 92
-------------------------------------------
+--------------------+-----+
|            customer|score|
+--------------------+-----+
|Larry.Anandh@test...| -2.5|
+--------------------+-----+

-------------------------------------------
Batch: 93
-------------------------------------------
+-----------------+-----+
|         customer|score|
+-----------------+-----+
|Bobby.Wu@test.com| -4.0|
+-----------------+-----+

-------------------------------------------
Batch: 94
-------------------------------------------
+--------------------+-----+
|            customer|score|
+--------------------+-----+
|Angie.Hansen@test...| -4.0|
+--------------------+-----+

-------------------------------------------
Batch: 95
-------------------------------------------
+--------------------+-----+
|            customer|score|
+--------------------+-----+
|Santosh.Mitra@tes...| 26.5|
+--------------------+-----+

-------------------------------------------
Batch: 96
-------------------------------------------
+--------------------+-----+
|            customer|score|
+--------------------+-----+
|Chris.Smith@test.com| 26.5|
+--------------------+-----+

-------------------------------------------
Batch: 97
-------------------------------------------
+--------------------+-----+
|            customer|score|
+--------------------+-----+
|Edward.Doshi@test...|-17.0|
+--------------------+-----+

-------------------------------------------
Batch: 98
-------------------------------------------
+--------------------+-----+
|            customer|score|
+--------------------+-----+
|Jane.Phillips@tes...|  3.5|
+--------------------+-----+

-------------------------------------------
Batch: 99
-------------------------------------------
+--------------------+-----+
|            customer|score|
+--------------------+-----+
|Jane.Howard@test.com| 16.0|
+--------------------+-----+

-------------------------------------------
Batch: 100
-------------------------------------------
+-------------------+-----+
|           customer|score|
+-------------------+-----+
|Ben.Khatib@test.com| -2.5|
+-------------------+-----+

-------------------------------------------
Batch: 101
-------------------------------------------
+--------------------+-----+
|            customer|score|
+--------------------+-----+
|Sarah.Aristotle@t...| -1.5|
+--------------------+-----+

-------------------------------------------
Batch: 102
-------------------------------------------
+--------------------+-----+
|            customer|score|
+--------------------+-----+
|Sarah.Clark@test.com|-11.5|
+--------------------+-----+

-------------------------------------------
Batch: 103
-------------------------------------------
+--------------------+-----+
|            customer|score|
+--------------------+-----+
|Ben.Jackson@test.com|  1.5|
+--------------------+-----+

-------------------------------------------
Batch: 104
-------------------------------------------
+--------------------+-----+
|            customer|score|
+--------------------+-----+
|Santosh.Olson@tes...| -5.5|
+--------------------+-----+

-------------------------------------------
Batch: 105
-------------------------------------------
+-------------------+-----+
|           customer|score|
+-------------------+-----+
|John.Abram@test.com|-12.5|
+-------------------+-----+

-------------------------------------------
Batch: 106
-------------------------------------------
+--------------------+-----+
|            customer|score|
+--------------------+-----+
|Eric.Phillips@tes...|-11.0|
+--------------------+-----+

-------------------------------------------
Batch: 107
-------------------------------------------
+--------------------+-----+
|            customer|score|
+--------------------+-----+
|Gail.Hansen@test.com| -3.0|
+--------------------+-----+

-------------------------------------------
Batch: 108
-------------------------------------------
+--------------------+-----+
|            customer|score|
+--------------------+-----+
|Frank.Doshi@test.com|-20.5|
+--------------------+-----+

-------------------------------------------
Batch: 109
-------------------------------------------
+--------------------+-----+
|            customer|score|
+--------------------+-----+
|John.Spencer@test...| 17.5|
+--------------------+-----+

-------------------------------------------
Batch: 110
-------------------------------------------
+--------------------+-----+
|            customer|score|
+--------------------+-----+
|Christina.Lincoln...| -2.0|
+--------------------+-----+

-------------------------------------------
Batch: 111
-------------------------------------------
+--------------------+-----+
|            customer|score|
+--------------------+-----+
|Danny.Ahmed@test.com| -4.0|
+--------------------+-----+

-------------------------------------------
Batch: 112
-------------------------------------------
+--------------------+-----+
|            customer|score|
+--------------------+-----+
|Ashley.Khatib@tes...| -2.5|
+--------------------+-----+

-------------------------------------------
Batch: 113
-------------------------------------------
+--------------------+-----+
|            customer|score|
+--------------------+-----+
|Jason.Spencer@tes...| -3.0|
+--------------------+-----+

-------------------------------------------
Batch: 114
-------------------------------------------
+--------------------+-----+
|            customer|score|
+--------------------+-----+
|Craig.Fibonnaci@t...| -3.0|
+--------------------+-----+

-------------------------------------------
Batch: 115
-------------------------------------------
+-------------------+-----+
|           customer|score|
+-------------------+-----+
|Lyn.Harris@test.com| -3.5|
+-------------------+-----+

-------------------------------------------
Batch: 116
-------------------------------------------
+--------------------+-----+
|            customer|score|
+--------------------+-----+
|Dan.Gonzalez@test...| -4.5|
+--------------------+-----+

-------------------------------------------
Batch: 117
-------------------------------------------
+--------------------+-----+
|            customer|score|
+--------------------+-----+
|Sarah.Abram@test.com| -0.5|
+--------------------+-----+

-------------------------------------------
Batch: 118
-------------------------------------------
+--------------------+-----+
|            customer|score|
+--------------------+-----+
|Larry.Anandh@test...| -3.5|
+--------------------+-----+

-------------------------------------------
Batch: 119
-------------------------------------------
+-----------------+-----+
|         customer|score|
+-----------------+-----+
|Bobby.Wu@test.com| -4.0|
+-----------------+-----+

-------------------------------------------
Batch: 120
-------------------------------------------
+--------------------+-----+
|            customer|score|
+--------------------+-----+
|Angie.Hansen@test...| -4.5|
+--------------------+-----+

-------------------------------------------
Batch: 121
-------------------------------------------
+--------------------+-----+
|            customer|score|
+--------------------+-----+
|Santosh.Mitra@tes...| 15.5|
+--------------------+-----+

-------------------------------------------
Batch: 122
-------------------------------------------
+--------------------+-----+
|            customer|score|
+--------------------+-----+
|Chris.Smith@test.com| -2.5|
+--------------------+-----+

-------------------------------------------
Batch: 123
-------------------------------------------
+--------------------+-----+
|            customer|score|
+--------------------+-----+
|Edward.Doshi@test...|-36.5|
+--------------------+-----+

-------------------------------------------
Batch: 124
-------------------------------------------
+--------------------+-----+
|            customer|score|
+--------------------+-----+
|Jane.Phillips@tes...|  0.0|
+--------------------+-----+

-------------------------------------------
Batch: 125
-------------------------------------------
+--------------------+-----+
|            customer|score|
+--------------------+-----+
|Jane.Howard@test.com|-23.5|
+--------------------+-----+

-------------------------------------------
Batch: 126
-------------------------------------------
+-------------------+-----+
|           customer|score|
+-------------------+-----+
|Ben.Khatib@test.com|  0.5|
+-------------------+-----+

-------------------------------------------
Batch: 127
-------------------------------------------
+--------------------+-----+
|            customer|score|
+--------------------+-----+
|Sarah.Aristotle@t...| 27.0|
+--------------------+-----+

-------------------------------------------
Batch: 128
-------------------------------------------
+--------------------+-----+
|            customer|score|
+--------------------+-----+
|Sarah.Clark@test.com| 15.0|
+--------------------+-----+

-------------------------------------------
Batch: 129
-------------------------------------------
+--------------------+-----+
|            customer|score|
+--------------------+-----+
|Ben.Jackson@test.com|-22.0|
+--------------------+-----+

-------------------------------------------
Batch: 130
-------------------------------------------
+--------------------+-----+
|            customer|score|
+--------------------+-----+
|Santosh.Olson@tes...|  1.0|
+--------------------+-----+

-------------------------------------------
Batch: 131
-------------------------------------------
+--------------------+-----+
|            customer|score|
+--------------------+-----+
|Trevor.Aristotle@...|-26.0|
+--------------------+-----+

-------------------------------------------
Batch: 132
-------------------------------------------
+--------------------+-----+
|            customer|score|
+--------------------+-----+
|Craig.Aristotle@t...| 38.0|
+--------------------+-----+

-------------------------------------------
Batch: 133
-------------------------------------------
+--------------------+-----+
|            customer|score|
+--------------------+-----+
|Lyn.Sanchez@test.com| -5.5|
+--------------------+-----+

-------------------------------------------
Batch: 134
-------------------------------------------
+--------------------+-----+
|            customer|score|
+--------------------+-----+
|Jerry.Doshi@test.com| -3.5|
+--------------------+-----+

-------------------------------------------
Batch: 135
-------------------------------------------
+-------------------+-----+
|           customer|score|
+-------------------+-----+
|Sean.Abram@test.com| -4.0|
+-------------------+-----+

-------------------------------------------
Batch: 136
-------------------------------------------
+--------------------+-----+
|            customer|score|
+--------------------+-----+
|Senthil.Lincoln@t...| -3.0|
+--------------------+-----+

-------------------------------------------
Batch: 137
-------------------------------------------
+------------------+-----+
|          customer|score|
+------------------+-----+
|Dan.Mitra@test.com| -2.0|
+------------------+-----+

-------------------------------------------
Batch: 138
-------------------------------------------
+--------------------+-----+
|            customer|score|
+--------------------+-----+
|Suresh.Habschied@...| -4.0|
+--------------------+-----+

-------------------------------------------
Batch: 139
-------------------------------------------
+--------------------+-----+
|            customer|score|
+--------------------+-----+
|Jason.Habschied@t...| -4.0|
+--------------------+-----+

-------------------------------------------
Batch: 140
-------------------------------------------
+--------------------+-----+
|            customer|score|
+--------------------+-----+
|Jason.Khatib@test...| -2.5|
+--------------------+-----+

-------------------------------------------
Batch: 141
-------------------------------------------
+--------------------+-----+
|            customer|score|
+--------------------+-----+
|Craig.Sanchez@tes...| -2.0|
+--------------------+-----+

-------------------------------------------
Batch: 142
-------------------------------------------
+--------------------+-----+
|            customer|score|
+--------------------+-----+
|Eric.Hansen@test.com| -1.0|
+--------------------+-----+

-------------------------------------------
Batch: 143
-------------------------------------------
+--------------------+-----+
|            customer|score|
+--------------------+-----+
|Senthil.Staples@t...| -3.0|
+--------------------+-----+

-------------------------------------------
Batch: 144
-------------------------------------------
+--------------------+-----+
|            customer|score|
+--------------------+-----+
|Spencer.Howard@te...| -2.5|
+--------------------+-----+

-------------------------------------------
Batch: 145
-------------------------------------------
+--------------------+-----+
|            customer|score|
+--------------------+-----+
|Edward.Jones@test...| -3.0|
+--------------------+-----+

-------------------------------------------
Batch: 146
-------------------------------------------
+----------------+-----+
|        customer|score|
+----------------+-----+
|Eric.Wu@test.com|-23.5|
+----------------+-----+

-------------------------------------------
Batch: 147
-------------------------------------------
+--------------------+-----+
|            customer|score|
+--------------------+-----+
|Frank.Sanchez@tes...|  3.0|
+--------------------+-----+

-------------------------------------------
Batch: 148
-------------------------------------------
+--------------------+-----+
|            customer|score|
+--------------------+-----+
|Gail.Habschied@te...| 26.0|
+--------------------+-----+

-------------------------------------------
Batch: 149
-------------------------------------------
+--------------------+-----+
|            customer|score|
+--------------------+-----+
|Jerry.Jones@test.com| 14.0|
+--------------------+-----+

-------------------------------------------
Batch: 150
-------------------------------------------
+--------------------+-----+
|            customer|score|
+--------------------+-----+
|Santosh.Khatib@te...| -3.0|
+--------------------+-----+

-------------------------------------------
Batch: 151
-------------------------------------------
+--------------------+-----+
|            customer|score|
+--------------------+-----+
|Jason.Lincoln@tes...| 10.0|
+--------------------+-----+

-------------------------------------------
Batch: 152
-------------------------------------------
+--------------------+-----+
|            customer|score|
+--------------------+-----+
|Angie.Abram@test.com| 14.5|
+--------------------+-----+

-------------------------------------------
Batch: 153
-------------------------------------------
+--------------------+-----+
|            customer|score|
+--------------------+-----+
|Travis.Doshi@test...| -0.5|
+--------------------+-----+

-------------------------------------------
Batch: 154
-------------------------------------------
+-------------------+-----+
|           customer|score|
+-------------------+-----+
|Gail.Smith@test.com| -3.0|
+-------------------+-----+

-------------------------------------------
Batch: 155
-------------------------------------------
+-------------------+-----+
|           customer|score|
+-------------------+-----+
|Ben.Hansen@test.com| 24.0|
+-------------------+-----+

-------------------------------------------
Batch: 156
-------------------------------------------
+--------------------+-----+
|            customer|score|
+--------------------+-----+
|Santosh.Huey@test...| 17.5|
+--------------------+-----+

-------------------------------------------
Batch: 157
-------------------------------------------
+------------------+-----+
|          customer|score|
+------------------+-----+
|Lyn.Abram@test.com| 13.5|
+------------------+-----+

-------------------------------------------
Batch: 158
-------------------------------------------
+--------------------+-----+
|            customer|score|
+--------------------+-----+
|Trevor.Aristotle@...|-15.0|
+--------------------+-----+

-------------------------------------------
Batch: 159
-------------------------------------------
+--------------------+-----+
|            customer|score|
+--------------------+-----+
|Craig.Aristotle@t...| 15.5|
+--------------------+-----+

-------------------------------------------
Batch: 160
-------------------------------------------
+--------------------+-----+
|            customer|score|
+--------------------+-----+
|Lyn.Sanchez@test.com| 10.5|
+--------------------+-----+

-------------------------------------------
Batch: 161
-------------------------------------------
+--------------------+-----+
|            customer|score|
+--------------------+-----+
|Jerry.Doshi@test.com|-11.5|
+--------------------+-----+

-------------------------------------------
Batch: 162
-------------------------------------------
+-------------------+-----+
|           customer|score|
+-------------------+-----+
|Sean.Abram@test.com| -4.5|
+-------------------+-----+

-------------------------------------------
Batch: 163
-------------------------------------------
+--------------------+-----+
|            customer|score|
+--------------------+-----+
|Senthil.Lincoln@t...| -3.5|
+--------------------+-----+

-------------------------------------------
Batch: 164
-------------------------------------------
+------------------+-----+
|          customer|score|
+------------------+-----+
|Dan.Mitra@test.com| -0.5|
+------------------+-----+

-------------------------------------------
Batch: 165
-------------------------------------------
+--------------------+-----+
|            customer|score|
+--------------------+-----+
|Suresh.Habschied@...| -3.0|
+--------------------+-----+

-------------------------------------------
Batch: 166
-------------------------------------------
+--------------------+-----+
|            customer|score|
+--------------------+-----+
|Jason.Habschied@t...| -4.0|
+--------------------+-----+

-------------------------------------------
Batch: 167
-------------------------------------------
+--------------------+-----+
|            customer|score|
+--------------------+-----+
|Jason.Khatib@test...| -5.0|
+--------------------+-----+

-------------------------------------------
Batch: 168
-------------------------------------------
+--------------------+-----+
|            customer|score|
+--------------------+-----+
|Craig.Sanchez@tes...| -0.5|
+--------------------+-----+

-------------------------------------------
Batch: 169
-------------------------------------------
+--------------------+-----+
|            customer|score|
+--------------------+-----+
|Eric.Hansen@test.com| -0.5|
+--------------------+-----+

-------------------------------------------
Batch: 170
-------------------------------------------
+--------------------+-----+
|            customer|score|
+--------------------+-----+
|Senthil.Staples@t...| -2.5|
+--------------------+-----+

-------------------------------------------
Batch: 171
-------------------------------------------
+--------------------+-----+
|            customer|score|
+--------------------+-----+
|Spencer.Howard@te...| -0.5|
+--------------------+-----+

-------------------------------------------
Batch: 172
-------------------------------------------
+--------------------+-----+
|            customer|score|
+--------------------+-----+
|Edward.Jones@test...| -3.0|
+--------------------+-----+

-------------------------------------------
Batch: 173
-------------------------------------------
+----------------+-----+
|        customer|score|
+----------------+-----+
|Eric.Wu@test.com| -6.0|
+----------------+-----+

-------------------------------------------
Batch: 174
-------------------------------------------
+--------------------+-----+
|            customer|score|
+--------------------+-----+
|Frank.Sanchez@tes...|-27.0|
+--------------------+-----+

-------------------------------------------
Batch: 175
-------------------------------------------
+--------------------+-----+
|            customer|score|
+--------------------+-----+
|Gail.Habschied@te...|  3.5|
+--------------------+-----+

-------------------------------------------
Batch: 176
-------------------------------------------
+--------------------+-----+
|            customer|score|
+--------------------+-----+
|Jerry.Jones@test.com|  6.5|
+--------------------+-----+

-------------------------------------------
Batch: 177
-------------------------------------------
+--------------------+-----+
|            customer|score|
+--------------------+-----+
|Santosh.Khatib@te...| 22.5|
+--------------------+-----+

-------------------------------------------
Batch: 178
-------------------------------------------
+--------------------+-----+
|            customer|score|
+--------------------+-----+
|Jason.Lincoln@tes...| 29.0|
+--------------------+-----+

-------------------------------------------
Batch: 179
-------------------------------------------
+--------------------+-----+
|            customer|score|
+--------------------+-----+
|Angie.Abram@test.com| 23.5|
+--------------------+-----+

-------------------------------------------
Batch: 180
-------------------------------------------
+--------------------+-----+
|            customer|score|
+--------------------+-----+
|Travis.Doshi@test...|  5.0|
+--------------------+-----+

-------------------------------------------
Batch: 181
-------------------------------------------
+-------------------+-----+
|           customer|score|
+-------------------+-----+
|Gail.Smith@test.com| 19.5|
+-------------------+-----+

-------------------------------------------
Batch: 182
-------------------------------------------
+-------------------+-----+
|           customer|score|
+-------------------+-----+
|Ben.Hansen@test.com| -3.5|
+-------------------+-----+

-------------------------------------------
Batch: 183
-------------------------------------------
+--------------------+-----+
|            customer|score|
+--------------------+-----+
|Santosh.Huey@test...| 18.5|
+--------------------+-----+

-------------------------------------------
Batch: 184
-------------------------------------------
+------------------+-----+
|          customer|score|
+------------------+-----+
|Lyn.Abram@test.com| 16.0|
+------------------+-----+

-------------------------------------------
Batch: 185
-------------------------------------------
+--------------------+-----+
|            customer|score|
+--------------------+-----+
|Trevor.Aristotle@...|-24.5|
+--------------------+-----+

-------------------------------------------
Batch: 186
-------------------------------------------
+--------------------+-----+
|            customer|score|
+--------------------+-----+
|Craig.Aristotle@t...|-23.0|
+--------------------+-----+

-------------------------------------------
Batch: 187
-------------------------------------------
+--------------------+-----+
|            customer|score|
+--------------------+-----+
|Lyn.Sanchez@test.com| 13.0|
+--------------------+-----+

-------------------------------------------
Batch: 188
-------------------------------------------
+--------------------+-----+
|            customer|score|
+--------------------+-----+
|Jerry.Doshi@test.com| -3.5|
+--------------------+-----+

-------------------------------------------
Batch: 189
-------------------------------------------
+-------------------+-----+
|           customer|score|
+-------------------+-----+
|Sean.Abram@test.com| -4.0|
+-------------------+-----+

-------------------------------------------
Batch: 190
-------------------------------------------
+--------------------+-----+
|            customer|score|
+--------------------+-----+
|Senthil.Lincoln@t...| -2.5|
+--------------------+-----+

-------------------------------------------
Batch: 191
-------------------------------------------
+------------------+-----+
|          customer|score|
+------------------+-----+
|Dan.Mitra@test.com|  0.0|
+------------------+-----+

-------------------------------------------
Batch: 192
-------------------------------------------
+--------------------+-----+
|            customer|score|
+--------------------+-----+
|Suresh.Habschied@...| -1.5|
+--------------------+-----+

-------------------------------------------
Batch: 193
-------------------------------------------
+--------------------+-----+
|            customer|score|
+--------------------+-----+
|Jason.Habschied@t...| -3.0|
+--------------------+-----+

-------------------------------------------
Batch: 194
-------------------------------------------
+--------------------+-----+
|            customer|score|
+--------------------+-----+
|Jason.Khatib@test...| -5.0|
+--------------------+-----+

-------------------------------------------
Batch: 195
-------------------------------------------
+--------------------+-----+
|            customer|score|
+--------------------+-----+
|Craig.Sanchez@tes...| -1.0|
+--------------------+-----+

-------------------------------------------
Batch: 196
-------------------------------------------
+--------------------+-----+
|            customer|score|
+--------------------+-----+
|Eric.Hansen@test.com| -1.5|
+--------------------+-----+

-------------------------------------------
Batch: 197
-------------------------------------------
+--------------------+-----+
|            customer|score|
+--------------------+-----+
|Senthil.Staples@t...| -2.5|
+--------------------+-----+

-------------------------------------------
Batch: 198
-------------------------------------------
+--------------------+-----+
|            customer|score|
+--------------------+-----+
|Spencer.Howard@te...| -1.0|
+--------------------+-----+

-------------------------------------------
Batch: 199
-------------------------------------------
+--------------------+-----+
|            customer|score|
+--------------------+-----+
|Edward.Jones@test...| -1.0|
+--------------------+-----+

-------------------------------------------
Batch: 200
-------------------------------------------
+----------------+-----+
|        customer|score|
+----------------+-----+
|Eric.Wu@test.com| 37.0|
+----------------+-----+

-------------------------------------------
Batch: 201
-------------------------------------------
+--------------------+-----+
|            customer|score|
+--------------------+-----+
|Frank.Sanchez@tes...|-22.5|
+--------------------+-----+

-------------------------------------------
Batch: 202
-------------------------------------------
+--------------------+-----+
|            customer|score|
+--------------------+-----+
|Gail.Habschied@te...|-28.5|
+--------------------+-----+

-------------------------------------------
Batch: 203
-------------------------------------------
+--------------------+-----+
|            customer|score|
+--------------------+-----+
|Jerry.Jones@test.com| -6.5|
+--------------------+-----+

-------------------------------------------
Batch: 204
-------------------------------------------
+--------------------+-----+
|            customer|score|
+--------------------+-----+
|Santosh.Khatib@te...|  1.5|
+--------------------+-----+

-------------------------------------------
Batch: 205
-------------------------------------------
+--------------------+-----+
|            customer|score|
+--------------------+-----+
|Jason.Lincoln@tes...| 27.0|
+--------------------+-----+

-------------------------------------------
Batch: 206
-------------------------------------------
+--------------------+-----+
|            customer|score|
+--------------------+-----+
|Angie.Abram@test.com|-14.0|
+--------------------+-----+

-------------------------------------------
Batch: 207
-------------------------------------------
+--------------------+-----+
|            customer|score|
+--------------------+-----+
|Travis.Doshi@test...|  4.5|
+--------------------+-----+

-------------------------------------------
Batch: 208
-------------------------------------------
+-------------------+-----+
|           customer|score|
+-------------------+-----+
|Gail.Smith@test.com| 24.5|
+-------------------+-----+

-------------------------------------------
Batch: 209
-------------------------------------------
+-------------------+-----+
|           customer|score|
+-------------------+-----+
|Ben.Hansen@test.com|-34.0|
+-------------------+-----+

-------------------------------------------
Batch: 210
-------------------------------------------
+--------------------+-----+
|            customer|score|
+--------------------+-----+
|Santosh.Huey@test...|-16.0|
+--------------------+-----+

-------------------------------------------
Batch: 211
-------------------------------------------
+------------------+-----+
|          customer|score|
+------------------+-----+
|Lyn.Abram@test.com| 13.0|
+------------------+-----+

-------------------------------------------
Batch: 212
-------------------------------------------
+--------------------+-----+
|            customer|score|
+--------------------+-----+
|Trevor.Aristotle@...|-15.5|
+--------------------+-----+

-------------------------------------------
Batch: 213
-------------------------------------------
+--------------------+-----+
|            customer|score|
+--------------------+-----+
|Craig.Aristotle@t...|-37.5|
+--------------------+-----+

-------------------------------------------
Batch: 214
-------------------------------------------
+--------------------+-----+
|            customer|score|
+--------------------+-----+
|Lyn.Sanchez@test.com|-18.0|
+--------------------+-----+

-------------------------------------------
Batch: 215
-------------------------------------------
+--------------------+-----+
|            customer|score|
+--------------------+-----+
|Jerry.Doshi@test.com|-19.5|
+--------------------+-----+

-------------------------------------------
Batch: 216
-------------------------------------------
+-------------------+-----+
|           customer|score|
+-------------------+-----+
|Sean.Abram@test.com| -4.5|
+-------------------+-----+

-------------------------------------------
Batch: 217
-------------------------------------------
+--------------------+-----+
|            customer|score|
+--------------------+-----+
|Senthil.Lincoln@t...| -2.0|
+--------------------+-----+

-------------------------------------------
Batch: 218
-------------------------------------------
+------------------+-----+
|          customer|score|
+------------------+-----+
|Dan.Mitra@test.com| -0.5|
+------------------+-----+

-------------------------------------------
Batch: 219
-------------------------------------------
+--------------------+-----+
|            customer|score|
+--------------------+-----+
|Suresh.Habschied@...| -1.5|
+--------------------+-----+

-------------------------------------------
Batch: 220
-------------------------------------------
+--------------------+-----+
|            customer|score|
+--------------------+-----+
|Jason.Habschied@t...| -2.0|
+--------------------+-----+

-------------------------------------------
Batch: 221
-------------------------------------------
+--------------------+-----+
|            customer|score|
+--------------------+-----+
|Jason.Khatib@test...| -4.0|
+--------------------+-----+

-------------------------------------------
Batch: 222
-------------------------------------------
+--------------------+-----+
|            customer|score|
+--------------------+-----+
|Craig.Sanchez@tes...| -2.5|
+--------------------+-----+

-------------------------------------------
Batch: 223
-------------------------------------------
+--------------------+-----+
|            customer|score|
+--------------------+-----+
|Eric.Hansen@test.com| -3.0|
+--------------------+-----+

-------------------------------------------
Batch: 224
-------------------------------------------
+--------------------+-----+
|            customer|score|
+--------------------+-----+
|Senthil.Staples@t...| -2.5|
+--------------------+-----+

-------------------------------------------
Batch: 225
-------------------------------------------
+--------------------+-----+
|            customer|score|
+--------------------+-----+
|Spencer.Howard@te...| -3.0|
+--------------------+-----+

-------------------------------------------
Batch: 226
-------------------------------------------
+--------------------+-----+
|            customer|score|
+--------------------+-----+
|Edward.Jones@test...| -1.5|
+--------------------+-----+

-------------------------------------------
Batch: 227
-------------------------------------------
+----------------+-----+
|        customer|score|
+----------------+-----+
|Eric.Wu@test.com| 21.5|
+----------------+-----+

-------------------------------------------
Batch: 228
-------------------------------------------
+--------------------+-----+
|            customer|score|
+--------------------+-----+
|Frank.Sanchez@tes...| 17.0|
+--------------------+-----+

-------------------------------------------
Batch: 229
-------------------------------------------
+--------------------+-----+
|            customer|score|
+--------------------+-----+
|Gail.Habschied@te...| -9.0|
+--------------------+-----+

-------------------------------------------
Batch: 230
-------------------------------------------
+--------------------+-----+
|            customer|score|
+--------------------+-----+
|Jerry.Jones@test.com| 31.5|
+--------------------+-----+

-------------------------------------------
Batch: 231
-------------------------------------------
+--------------------+-----+
|            customer|score|
+--------------------+-----+
|Santosh.Khatib@te...|-37.5|
+--------------------+-----+

-------------------------------------------
Batch: 232
-------------------------------------------
+--------------------+-----+
|            customer|score|
+--------------------+-----+
|Jason.Lincoln@tes...|  2.0|
+--------------------+-----+

-------------------------------------------
Batch: 233
-------------------------------------------
+--------------------+-----+
|            customer|score|
+--------------------+-----+
|Angie.Abram@test.com|  0.0|
+--------------------+-----+

-------------------------------------------
Batch: 234
-------------------------------------------
+--------------------+-----+
|            customer|score|
+--------------------+-----+
|Travis.Doshi@test...|-10.0|
+--------------------+-----+

-------------------------------------------
Batch: 235
-------------------------------------------
+-------------------+-----+
|           customer|score|
+-------------------+-----+
|Gail.Smith@test.com|-12.5|
+-------------------+-----+

-------------------------------------------
Batch: 236
-------------------------------------------
+-------------------+-----+
|           customer|score|
+-------------------+-----+
|Ben.Hansen@test.com|-16.0|
+-------------------+-----+

-------------------------------------------
Batch: 237
-------------------------------------------
+--------------------+-----+
|            customer|score|
+--------------------+-----+
|Santosh.Huey@test...| -9.5|
+--------------------+-----+

-------------------------------------------
Batch: 238
-------------------------------------------
+------------------+-----+
|          customer|score|
+------------------+-----+
|Lyn.Abram@test.com|  0.5|
+------------------+-----+

-------------------------------------------
Batch: 239
-------------------------------------------
+--------------------+-----+
|            customer|score|
+--------------------+-----+
|Trevor.Aristotle@...| 24.5|
+--------------------+-----+

-------------------------------------------
Batch: 240
-------------------------------------------
+--------------------+-----+
|            customer|score|
+--------------------+-----+
|Craig.Aristotle@t...| -1.5|
+--------------------+-----+

-------------------------------------------
Batch: 241
-------------------------------------------
+--------------------+-----+
|            customer|score|
+--------------------+-----+
|Lyn.Sanchez@test.com| -5.0|
+--------------------+-----+

-------------------------------------------
Batch: 242
-------------------------------------------
+--------------------+-----+
|            customer|score|
+--------------------+-----+
|Jerry.Doshi@test.com|-24.0|
+--------------------+-----+

-------------------------------------------
Batch: 243
-------------------------------------------
+-------------------+-----+
|           customer|score|
+-------------------+-----+
|Sean.Abram@test.com| -4.0|
+-------------------+-----+

-------------------------------------------
Batch: 244
-------------------------------------------
+--------------------+-----+
|            customer|score|
+--------------------+-----+
|Senthil.Lincoln@t...| -1.5|
+--------------------+-----+

-------------------------------------------
Batch: 245
-------------------------------------------
+------------------+-----+
|          customer|score|
+------------------+-----+
|Dan.Mitra@test.com| -2.0|
+------------------+-----+

-------------------------------------------
Batch: 246
-------------------------------------------
+--------------------+-----+
|            customer|score|
+--------------------+-----+
|Suresh.Habschied@...| -2.0|
+--------------------+-----+

-------------------------------------------
Batch: 247
-------------------------------------------
+--------------------+-----+
|            customer|score|
+--------------------+-----+
|Jason.Habschied@t...| -3.0|
+--------------------+-----+

-------------------------------------------
Batch: 248
-------------------------------------------
+--------------------+-----+
|            customer|score|
+--------------------+-----+
|Jason.Khatib@test...| -3.5|
+--------------------+-----+

-------------------------------------------
Batch: 249
-------------------------------------------
+--------------------+-----+
|            customer|score|
+--------------------+-----+
|Craig.Sanchez@tes...| -3.5|
+--------------------+-----+

-------------------------------------------
Batch: 250
-------------------------------------------
+--------------------+-----+
|            customer|score|
+--------------------+-----+
|Eric.Hansen@test.com| -5.0|
+--------------------+-----+

-------------------------------------------
Batch: 251
-------------------------------------------
+--------------------+-----+
|            customer|score|
+--------------------+-----+
|Senthil.Staples@t...| -4.5|
+--------------------+-----+

-------------------------------------------
Batch: 252
-------------------------------------------
+--------------------+-----+
|            customer|score|
+--------------------+-----+
|Spencer.Howard@te...| -4.5|
+--------------------+-----+

-------------------------------------------
Batch: 253
-------------------------------------------
+--------------------+-----+
|            customer|score|
+--------------------+-----+
|Edward.Jones@test...| -4.5|
+--------------------+-----+

-------------------------------------------
Batch: 254
-------------------------------------------
+----------------+-----+
|        customer|score|
+----------------+-----+
|Eric.Wu@test.com|-15.0|
+----------------+-----+

-------------------------------------------
Batch: 255
-------------------------------------------
+--------------------+-----+
|            customer|score|
+--------------------+-----+
|Frank.Sanchez@tes...|  6.5|
+--------------------+-----+

-------------------------------------------
Batch: 256
-------------------------------------------
+--------------------+-----+
|            customer|score|
+--------------------+-----+
|Gail.Habschied@te...| 20.5|
+--------------------+-----+

-------------------------------------------
Batch: 257
-------------------------------------------
+--------------------+-----+
|            customer|score|
+--------------------+-----+
|Jerry.Jones@test.com| 13.5|
+--------------------+-----+

-------------------------------------------
Batch: 258
-------------------------------------------
+--------------------+-----+
|            customer|score|
+--------------------+-----+
|Santosh.Khatib@te...| -9.0|
+--------------------+-----+

-------------------------------------------
Batch: 259
-------------------------------------------
+--------------------+-----+
|            customer|score|
+--------------------+-----+
|Jason.Lincoln@tes...|-35.5|
+--------------------+-----+

-------------------------------------------
Batch: 260
-------------------------------------------
+--------------------+-----+
|            customer|score|
+--------------------+-----+
|Angie.Abram@test.com| 29.0|
+--------------------+-----+

-------------------------------------------
Batch: 261
-------------------------------------------
+--------------------+-----+
|            customer|score|
+--------------------+-----+
|Travis.Doshi@test...|-19.5|
+--------------------+-----+

-------------------------------------------
Batch: 262
-------------------------------------------
+-------------------+-----+
|           customer|score|
+-------------------+-----+
|Gail.Smith@test.com| -3.5|
+-------------------+-----+

-------------------------------------------
Batch: 263
-------------------------------------------
+-------------------+-----+
|           customer|score|
+-------------------+-----+
|Ben.Hansen@test.com| 14.0|
+-------------------+-----+

-------------------------------------------
Batch: 264
-------------------------------------------
+--------------------+-----+
|            customer|score|
+--------------------+-----+
|Santosh.Huey@test...| 27.0|
+--------------------+-----+

-------------------------------------------
Batch: 265
-------------------------------------------
+------------------+-----+
|          customer|score|
+------------------+-----+
|Lyn.Abram@test.com| -9.5|
+------------------+-----+

-------------------------------------------
Batch: 266
-------------------------------------------
+--------------------+-----+
|            customer|score|
+--------------------+-----+
|Trevor.Aristotle@...| 18.0|
+--------------------+-----+

-------------------------------------------
Batch: 267
-------------------------------------------
+--------------------+-----+
|            customer|score|
+--------------------+-----+
|Craig.Aristotle@t...|  9.5|
+--------------------+-----+

-------------------------------------------
Batch: 268
-------------------------------------------
+--------------------+-----+
|            customer|score|
+--------------------+-----+
|Lyn.Sanchez@test.com| 14.5|
+--------------------+-----+

-------------------------------------------
Batch: 269
-------------------------------------------
+--------------------+-----+
|            customer|score|
+--------------------+-----+
|Jerry.Doshi@test.com|  8.5|
+--------------------+-----+

-------------------------------------------
Batch: 270
-------------------------------------------
+-------------------+-----+
|           customer|score|
+-------------------+-----+
|Sean.Abram@test.com| -3.5|
+-------------------+-----+

-------------------------------------------
Batch: 271
-------------------------------------------
+--------------------+-----+
|            customer|score|
+--------------------+-----+
|Senthil.Lincoln@t...| -0.5|
+--------------------+-----+

-------------------------------------------
Batch: 272
-------------------------------------------
+------------------+-----+
|          customer|score|
+------------------+-----+
|Dan.Mitra@test.com| -3.5|
+------------------+-----+

-------------------------------------------
Batch: 273
-------------------------------------------
+--------------------+-----+
|            customer|score|
+--------------------+-----+
|Suresh.Habschied@...| -2.0|
+--------------------+-----+

-------------------------------------------
Batch: 274
-------------------------------------------
+--------------------+-----+
|            customer|score|
+--------------------+-----+
|Jason.Habschied@t...| -4.5|
+--------------------+-----+

-------------------------------------------
Batch: 275
-------------------------------------------
+--------------------+-----+
|            customer|score|
+--------------------+-----+
|Jason.Khatib@test...| -3.0|
+--------------------+-----+

-------------------------------------------
Batch: 276
-------------------------------------------
+--------------------+-----+
|            customer|score|
+--------------------+-----+
|Craig.Sanchez@tes...| -3.5|
+--------------------+-----+

-------------------------------------------
Batch: 277
-------------------------------------------
+--------------------+-----+
|            customer|score|
+--------------------+-----+
|Eric.Hansen@test.com| -4.5|
+--------------------+-----+

-------------------------------------------
Batch: 278
-------------------------------------------
+--------------------+-----+
|            customer|score|
+--------------------+-----+
|Senthil.Staples@t...| -6.0|
+--------------------+-----+

-------------------------------------------
Batch: 279
-------------------------------------------
+--------------------+-----+
|            customer|score|
+--------------------+-----+
|Spencer.Howard@te...| -4.5|
+--------------------+-----+

-------------------------------------------
Batch: 280
-------------------------------------------
+--------------------+-----+
|            customer|score|
+--------------------+-----+
|Edward.Jones@test...| -5.5|
+--------------------+-----+

-------------------------------------------
Batch: 281
-------------------------------------------
+----------------+-----+
|        customer|score|
+----------------+-----+
|Eric.Wu@test.com|-21.5|
+----------------+-----+

-------------------------------------------
Batch: 282
-------------------------------------------
+--------------------+-----+
|            customer|score|
+--------------------+-----+
|Frank.Sanchez@tes...|-29.5|
+--------------------+-----+

-------------------------------------------
Batch: 283
-------------------------------------------
+--------------------+-----+
|            customer|score|
+--------------------+-----+
|Gail.Habschied@te...| 19.5|
+--------------------+-----+

-------------------------------------------
Batch: 284
-------------------------------------------
+--------------------+-----+
|            customer|score|
+--------------------+-----+
|Jerry.Jones@test.com|-23.5|
+--------------------+-----+

-------------------------------------------
Batch: 285
-------------------------------------------
+--------------------+-----+
|            customer|score|
+--------------------+-----+
|Santosh.Khatib@te...| 31.5|
+--------------------+-----+

-------------------------------------------
Batch: 286
-------------------------------------------
+--------------------+-----+
|            customer|score|
+--------------------+-----+
|Jason.Lincoln@tes...|-13.0|
+--------------------+-----+

-------------------------------------------
Batch: 287
-------------------------------------------
+--------------------+-----+
|            customer|score|
+--------------------+-----+
|Angie.Abram@test.com| -5.5|
+--------------------+-----+

-------------------------------------------
Batch: 288
-------------------------------------------
+--------------------+-----+
|            customer|score|
+--------------------+-----+
|Travis.Doshi@test...|  5.5|
+--------------------+-----+

-------------------------------------------
Batch: 289
-------------------------------------------
+-------------------+-----+
|           customer|score|
+-------------------+-----+
|Gail.Smith@test.com| 21.0|
+-------------------+-----+

-------------------------------------------
Batch: 290
-------------------------------------------
+-------------------+-----+
|           customer|score|
+-------------------+-----+
|Ben.Hansen@test.com| 34.5|
+-------------------+-----+

-------------------------------------------
Batch: 291
-------------------------------------------
+--------------------+-----+
|            customer|score|
+--------------------+-----+
|Santosh.Huey@test...| 15.0|
+--------------------+-----+

-------------------------------------------
Batch: 292
-------------------------------------------
+------------------+-----+
|          customer|score|
+------------------+-----+
|Lyn.Abram@test.com| -9.5|
+------------------+-----+

-------------------------------------------
Batch: 293
-------------------------------------------
+--------------------+-----+
|            customer|score|
+--------------------+-----+
|Trevor.Aristotle@...|-21.5|
+--------------------+-----+

-------------------------------------------
Batch: 294
-------------------------------------------
+--------------------+-----+
|            customer|score|
+--------------------+-----+
|Craig.Aristotle@t...| -3.0|
+--------------------+-----+

-------------------------------------------
Batch: 295
-------------------------------------------
+--------------------+-----+
|            customer|score|
+--------------------+-----+
|Lyn.Sanchez@test.com| -5.5|
+--------------------+-----+

-------------------------------------------
Batch: 296
-------------------------------------------
+--------------------+-----+
|            customer|score|
+--------------------+-----+
|Jerry.Doshi@test.com| 13.5|
+--------------------+-----+

-------------------------------------------
Batch: 297
-------------------------------------------
+-------------------+-----+
|           customer|score|
+-------------------+-----+
|Sean.Abram@test.com| -4.0|
+-------------------+-----+

-------------------------------------------
Batch: 298
-------------------------------------------
+--------------------+-----+
|            customer|score|
+--------------------+-----+
|Senthil.Lincoln@t...| -1.0|
+--------------------+-----+

-------------------------------------------
Batch: 299
-------------------------------------------
+------------------+-----+
|          customer|score|
+------------------+-----+
|Dan.Mitra@test.com| -3.5|
+------------------+-----+

-------------------------------------------
Batch: 300
-------------------------------------------
+--------------------+-----+
|            customer|score|
+--------------------+-----+
|Suresh.Habschied@...| -2.0|
+--------------------+-----+

-------------------------------------------
Batch: 301
-------------------------------------------
+--------------------+-----+
|            customer|score|
+--------------------+-----+
|Jason.Habschied@t...| -4.5|
+--------------------+-----+

-------------------------------------------
Batch: 302
-------------------------------------------
+--------------------+-----+
|            customer|score|
+--------------------+-----+
|Jason.Khatib@test...| -4.5|
+--------------------+-----+

-------------------------------------------
Batch: 303
-------------------------------------------
+--------------------+-----+
|            customer|score|
+--------------------+-----+
|Craig.Sanchez@tes...| -2.0|
+--------------------+-----+

-------------------------------------------
Batch: 304
-------------------------------------------
+--------------------+-----+
|            customer|score|
+--------------------+-----+
|Eric.Hansen@test.com| -2.5|
+--------------------+-----+

-------------------------------------------
Batch: 305
-------------------------------------------
+--------------------+-----+
|            customer|score|
+--------------------+-----+
|Senthil.Staples@t...| -4.5|
+--------------------+-----+

-------------------------------------------
Batch: 306
-------------------------------------------
+--------------------+-----+
|            customer|score|
+--------------------+-----+
|Spencer.Howard@te...| -3.0|
+--------------------+-----+

-------------------------------------------
Batch: 307
-------------------------------------------
+--------------------+-----+
|            customer|score|
+--------------------+-----+
|Edward.Jones@test...| -4.5|
+--------------------+-----+

-------------------------------------------
Batch: 308
-------------------------------------------
+----------------+-----+
|        customer|score|
+----------------+-----+
|Eric.Wu@test.com|  5.5|
+----------------+-----+

-------------------------------------------
Batch: 309
-------------------------------------------
+--------------------+-----+
|            customer|score|
+--------------------+-----+
|Frank.Sanchez@tes...|-11.5|
+--------------------+-----+

-------------------------------------------
Batch: 310
-------------------------------------------
+--------------------+-----+
|            customer|score|
+--------------------+-----+
|Gail.Habschied@te...| -6.5|
+--------------------+-----+

-------------------------------------------
Batch: 311
-------------------------------------------
+--------------------+-----+
|            customer|score|
+--------------------+-----+
|Jerry.Jones@test.com|-21.5|
+--------------------+-----+

-------------------------------------------
Batch: 312
-------------------------------------------
+--------------------+-----+
|            customer|score|
+--------------------+-----+
|Santosh.Khatib@te...| 14.5|
+--------------------+-----+

-------------------------------------------
Batch: 313
-------------------------------------------
+--------------------+-----+
|            customer|score|
+--------------------+-----+
|Jason.Lincoln@tes...| 27.5|
+--------------------+-----+

-------------------------------------------
Batch: 314
-------------------------------------------
+--------------------+-----+
|            customer|score|
+--------------------+-----+
|Angie.Abram@test.com|-15.0|
+--------------------+-----+

-------------------------------------------
Batch: 315
-------------------------------------------
+--------------------+-----+
|            customer|score|
+--------------------+-----+
|Travis.Doshi@test...| 13.0|
+--------------------+-----+

-------------------------------------------
Batch: 316
-------------------------------------------
+-------------------+-----+
|           customer|score|
+-------------------+-----+
|Gail.Smith@test.com| -2.0|
+-------------------+-----+

-------------------------------------------
Batch: 317
-------------------------------------------
+-------------------+-----+
|           customer|score|
+-------------------+-----+
|Ben.Hansen@test.com|  8.5|
+-------------------+-----+

-------------------------------------------
Batch: 318
-------------------------------------------
+--------------------+-----+
|            customer|score|
+--------------------+-----+
|Santosh.Huey@test...|-27.0|
+--------------------+-----+

-------------------------------------------
Batch: 319
-------------------------------------------
+------------------+-----+
|          customer|score|
+------------------+-----+
|Lyn.Abram@test.com| 14.5|
+------------------+-----+

-------------------------------------------
Batch: 320
-------------------------------------------
+--------------------+-----+
|            customer|score|
+--------------------+-----+
|Trevor.Aristotle@...|  1.5|
+--------------------+-----+

-------------------------------------------
Batch: 321
-------------------------------------------
+--------------------+-----+
|            customer|score|
+--------------------+-----+
|Craig.Aristotle@t...| 13.0|
+--------------------+-----+

-------------------------------------------
Batch: 322
-------------------------------------------
+--------------------+-----+
|            customer|score|
+--------------------+-----+
|Lyn.Sanchez@test.com|-17.0|
+--------------------+-----+

-------------------------------------------
Batch: 323
-------------------------------------------
+--------------------+-----+
|            customer|score|
+--------------------+-----+
|Jerry.Doshi@test.com|  2.5|
+--------------------+-----+

-------------------------------------------
Batch: 324
-------------------------------------------
+-------------------+-----+
|           customer|score|
+-------------------+-----+
|Sean.Abram@test.com| -4.0|
+-------------------+-----+

-------------------------------------------
Batch: 325
-------------------------------------------
+--------------------+-----+
|            customer|score|
+--------------------+-----+
|Senthil.Lincoln@t...| -3.5|
+--------------------+-----+

-------------------------------------------
Batch: 326
-------------------------------------------
+------------------+-----+
|          customer|score|
+------------------+-----+
|Dan.Mitra@test.com| -3.5|
+------------------+-----+

-------------------------------------------
Batch: 327
-------------------------------------------
+--------------------+-----+
|            customer|score|
+--------------------+-----+
|Suresh.Habschied@...| -1.5|
+--------------------+-----+

-------------------------------------------
Batch: 328
-------------------------------------------
+--------------------+-----+
|            customer|score|
+--------------------+-----+
|Jason.Habschied@t...| -3.0|
+--------------------+-----+

-------------------------------------------
Batch: 329
-------------------------------------------
+--------------------+-----+
|            customer|score|
+--------------------+-----+
|Jason.Khatib@test...| -5.0|
+--------------------+-----+

-------------------------------------------
Batch: 330
-------------------------------------------
+--------------------+-----+
|            customer|score|
+--------------------+-----+
|Craig.Sanchez@tes...| -2.0|
+--------------------+-----+

-------------------------------------------
Batch: 331
-------------------------------------------
+--------------------+-----+
|            customer|score|
+--------------------+-----+
|Eric.Hansen@test.com| -3.5|
+--------------------+-----+

-------------------------------------------
Batch: 332
-------------------------------------------
+--------------------+-----+
|            customer|score|
+--------------------+-----+
|Senthil.Staples@t...| -3.0|
+--------------------+-----+

-------------------------------------------
Batch: 333
-------------------------------------------
+--------------------+-----+
|            customer|score|
+--------------------+-----+
|Spencer.Howard@te...| -2.0|
+--------------------+-----+

-------------------------------------------
Batch: 334
-------------------------------------------
+--------------------+-----+
|            customer|score|
+--------------------+-----+
|Edward.Jones@test...| -4.5|
+--------------------+-----+

-------------------------------------------
Batch: 335
-------------------------------------------
+----------------+-----+
|        customer|score|
+----------------+-----+
|Eric.Wu@test.com| 17.0|
+----------------+-----+

-------------------------------------------
Batch: 336
-------------------------------------------
+--------------------+-----+
|            customer|score|
+--------------------+-----+
|Frank.Sanchez@tes...| 20.5|
+--------------------+-----+

-------------------------------------------
Batch: 337
-------------------------------------------
+--------------------+-----+
|            customer|score|
+--------------------+-----+
|Gail.Habschied@te...|-33.5|
+--------------------+-----+

-------------------------------------------
Batch: 338
-------------------------------------------
+--------------------+-----+
|            customer|score|
+--------------------+-----+
|Jerry.Jones@test.com| -4.0|
+--------------------+-----+

-------------------------------------------
Batch: 339
-------------------------------------------
+--------------------+-----+
|            customer|score|
+--------------------+-----+
|Santosh.Khatib@te...|-16.0|
+--------------------+-----+

-------------------------------------------
Batch: 340
-------------------------------------------
+--------------------+-----+
|            customer|score|
+--------------------+-----+
|Jason.Lincoln@tes...|  0.0|
+--------------------+-----+

-------------------------------------------
Batch: 341
-------------------------------------------
+--------------------+-----+
|            customer|score|
+--------------------+-----+
|Angie.Abram@test.com| 28.5|
+--------------------+-----+

-------------------------------------------
Batch: 342
-------------------------------------------
+--------------------+-----+
|            customer|score|
+--------------------+-----+
|Travis.Doshi@test...|-19.5|
+--------------------+-----+

-------------------------------------------
Batch: 343
-------------------------------------------
+-------------------+-----+
|           customer|score|
+-------------------+-----+
|Gail.Smith@test.com|-12.0|
+-------------------+-----+

-------------------------------------------
Batch: 344
-------------------------------------------
+-------------------+-----+
|           customer|score|
+-------------------+-----+
|Ben.Hansen@test.com|-11.5|
+-------------------+-----+

-------------------------------------------
Batch: 345
-------------------------------------------
+--------------------+-----+
|            customer|score|
+--------------------+-----+
|Santosh.Huey@test...|-41.0|
+--------------------+-----+

-------------------------------------------
Batch: 346
-------------------------------------------
+------------------+-----+
|          customer|score|
+------------------+-----+
|Lyn.Abram@test.com| 13.0|
+------------------+-----+

-------------------------------------------
Batch: 347
-------------------------------------------
+--------------------+-----+
|            customer|score|
+--------------------+-----+
|Trevor.Aristotle@...| 35.0|
+--------------------+-----+

-------------------------------------------
Batch: 348
-------------------------------------------
+--------------------+-----+
|            customer|score|
+--------------------+-----+
|Craig.Aristotle@t...| 13.5|
+--------------------+-----+

-------------------------------------------
Batch: 349
-------------------------------------------
+--------------------+-----+
|            customer|score|
+--------------------+-----+
|Lyn.Sanchez@test.com| -3.0|
+--------------------+-----+

-------------------------------------------
Batch: 350
-------------------------------------------
+--------------------+-----+
|            customer|score|
+--------------------+-----+
|Jerry.Doshi@test.com| 19.0|
+--------------------+-----+

-------------------------------------------
Batch: 351
-------------------------------------------
+-------------------+-----+
|           customer|score|
+-------------------+-----+
|Sean.Abram@test.com| -3.5|
+-------------------+-----+

-------------------------------------------
Batch: 352
-------------------------------------------
+--------------------+-----+
|            customer|score|
+--------------------+-----+
|Senthil.Lincoln@t...| -4.5|
+--------------------+-----+

-------------------------------------------
Batch: 353
-------------------------------------------
+------------------+-----+
|          customer|score|
+------------------+-----+
|Dan.Mitra@test.com| -4.0|
+------------------+-----+

-------------------------------------------
Batch: 354
-------------------------------------------
+--------------------+-----+
|            customer|score|
+--------------------+-----+
|Suresh.Habschied@...| -1.5|
+--------------------+-----+

-------------------------------------------
Batch: 355
-------------------------------------------
+--------------------+-----+
|            customer|score|
+--------------------+-----+
|Jason.Habschied@t...| -2.5|
+--------------------+-----+

-------------------------------------------
Batch: 356
-------------------------------------------
+--------------------+-----+
|            customer|score|
+--------------------+-----+
|Jason.Khatib@test...| -3.0|
+--------------------+-----+

-------------------------------------------
Batch: 357
-------------------------------------------
+--------------------+-----+
|            customer|score|
+--------------------+-----+
|Craig.Sanchez@tes...| -4.0|
+--------------------+-----+

-------------------------------------------
Batch: 358
-------------------------------------------
+--------------------+-----+
|            customer|score|
+--------------------+-----+
|Eric.Hansen@test.com| -5.0|
+--------------------+-----+

-------------------------------------------
Batch: 359
-------------------------------------------
+--------------------+-----+
|            customer|score|
+--------------------+-----+
|Senthil.Staples@t...| -4.0|
+--------------------+-----+

-------------------------------------------
Batch: 360
-------------------------------------------
+--------------------+-----+
|            customer|score|
+--------------------+-----+
|Spencer.Howard@te...| -2.0|
+--------------------+-----+

-------------------------------------------
Batch: 361
-------------------------------------------
+--------------------+-----+
|            customer|score|
+--------------------+-----+
|Edward.Jones@test...| -5.5|
+--------------------+-----+

-------------------------------------------
Batch: 362
-------------------------------------------
+----------------+-----+
|        customer|score|
+----------------+-----+
|Eric.Wu@test.com| -8.5|
+----------------+-----+

-------------------------------------------
Batch: 363
-------------------------------------------
+--------------------+-----+
|            customer|score|
+--------------------+-----+
|Frank.Sanchez@tes...| 15.0|
+--------------------+-----+

-------------------------------------------
Batch: 364
-------------------------------------------
+--------------------+-----+
|            customer|score|
+--------------------+-----+
|Gail.Habschied@te...| -4.0|
+--------------------+-----+

-------------------------------------------
Batch: 365
-------------------------------------------
+--------------------+-----+
|            customer|score|
+--------------------+-----+
|Jerry.Jones@test.com|  5.5|
+--------------------+-----+

-------------------------------------------
Batch: 366
-------------------------------------------
+--------------------+-----+
|            customer|score|
+--------------------+-----+
|Santosh.Khatib@te...|-25.5|
+--------------------+-----+

-------------------------------------------
Batch: 367
-------------------------------------------
+--------------------+-----+
|            customer|score|
+--------------------+-----+
|Jason.Lincoln@tes...|-30.0|
+--------------------+-----+

-------------------------------------------
Batch: 368
-------------------------------------------
+--------------------+-----+
|            customer|score|
+--------------------+-----+
|Angie.Abram@test.com| 24.5|
+--------------------+-----+

-------------------------------------------
Batch: 369
-------------------------------------------
+--------------------+-----+
|            customer|score|
+--------------------+-----+
|Travis.Doshi@test...|-23.5|
+--------------------+-----+

-------------------------------------------
Batch: 370
-------------------------------------------
+-------------------+-----+
|           customer|score|
+-------------------+-----+
|Gail.Smith@test.com|-12.5|
+-------------------+-----+

-------------------------------------------
Batch: 371
-------------------------------------------
+-------------------+-----+
|           customer|score|
+-------------------+-----+
|Ben.Hansen@test.com| 20.0|
+-------------------+-----+

-------------------------------------------
Batch: 372
-------------------------------------------
+--------------------+-----+
|            customer|score|
+--------------------+-----+
|Santosh.Huey@test...|-15.5|
+--------------------+-----+

-------------------------------------------
Batch: 373
-------------------------------------------
+------------------+-----+
|          customer|score|
+------------------+-----+
|Lyn.Abram@test.com|  5.0|
+------------------+-----+

-------------------------------------------
Batch: 374
-------------------------------------------
+--------------------+-----+
|            customer|score|
+--------------------+-----+
|Trevor.Aristotle@...| 18.5|
+--------------------+-----+

-------------------------------------------
Batch: 375
-------------------------------------------
+--------------------+-----+
|            customer|score|
+--------------------+-----+
|Craig.Aristotle@t...|  2.0|
+--------------------+-----+

-------------------------------------------
Batch: 376
-------------------------------------------
+--------------------+-----+
|            customer|score|
+--------------------+-----+
|Lyn.Sanchez@test.com| -6.5|
+--------------------+-----+

-------------------------------------------
Batch: 377
-------------------------------------------
+--------------------+-----+
|            customer|score|
+--------------------+-----+
|Jerry.Doshi@test.com| 28.0|
+--------------------+-----+

-------------------------------------------
Batch: 378
-------------------------------------------
+-------------------+-----+
|           customer|score|
+-------------------+-----+
|Sean.Abram@test.com| -2.5|
+-------------------+-----+

-------------------------------------------
Batch: 379
-------------------------------------------
+--------------------+-----+
|            customer|score|
+--------------------+-----+
|Senthil.Lincoln@t...| -3.0|
+--------------------+-----+

-------------------------------------------
Batch: 380
-------------------------------------------
+------------------+-----+
|          customer|score|
+------------------+-----+
|Dan.Mitra@test.com| -3.5|
+------------------+-----+

-------------------------------------------
Batch: 381
-------------------------------------------
+--------------------+-----+
|            customer|score|
+--------------------+-----+
|Suresh.Habschied@...| -2.0|
+--------------------+-----+

-------------------------------------------
Batch: 382
-------------------------------------------
+--------------------+-----+
|            customer|score|
+--------------------+-----+
|Jason.Habschied@t...| -3.5|
+--------------------+-----+

-------------------------------------------
Batch: 383
-------------------------------------------
+--------------------+-----+
|            customer|score|
+--------------------+-----+
|Jason.Khatib@test...| -2.0|
+--------------------+-----+

-------------------------------------------
Batch: 384
-------------------------------------------
+--------------------+-----+
|            customer|score|
+--------------------+-----+
|Craig.Sanchez@tes...| -4.0|
+--------------------+-----+

-------------------------------------------
Batch: 385
-------------------------------------------
+--------------------+-----+
|            customer|score|
+--------------------+-----+
|Eric.Hansen@test.com| -5.0|
+--------------------+-----+

-------------------------------------------
Batch: 386
-------------------------------------------
+--------------------+-----+
|            customer|score|
+--------------------+-----+
|Senthil.Staples@t...| -4.5|
+--------------------+-----+

-------------------------------------------
Batch: 387
-------------------------------------------
+--------------------+-----+
|            customer|score|
+--------------------+-----+
|Spencer.Howard@te...| -1.5|
+--------------------+-----+

-------------------------------------------
Batch: 388
-------------------------------------------
+--------------------+-----+
|            customer|score|
+--------------------+-----+
|Edward.Jones@test...| -6.0|
+--------------------+-----+

-------------------------------------------
Batch: 389
-------------------------------------------
+----------------+-----+
|        customer|score|
+----------------+-----+
|Eric.Wu@test.com|-12.0|
+----------------+-----+

-------------------------------------------
Batch: 390
-------------------------------------------
+--------------------+-----+
|            customer|score|
+--------------------+-----+
|Frank.Sanchez@tes...| -3.5|
+--------------------+-----+

-------------------------------------------
Batch: 391
-------------------------------------------
+--------------------+-----+
|            customer|score|
+--------------------+-----+
|Gail.Habschied@te...| 38.5|
+--------------------+-----+

-------------------------------------------
Batch: 392
-------------------------------------------
+--------------------+-----+
|            customer|score|
+--------------------+-----+
|Jerry.Jones@test.com|-22.0|
+--------------------+-----+

-------------------------------------------
Batch: 393
-------------------------------------------
+--------------------+-----+
|            customer|score|
+--------------------+-----+
|Santosh.Khatib@te...| -9.5|
+--------------------+-----+

-------------------------------------------
Batch: 394
-------------------------------------------
+--------------------+-----+
|            customer|score|
+--------------------+-----+
|Jason.Lincoln@tes...|-13.5|
+--------------------+-----+

-------------------------------------------
Batch: 395
-------------------------------------------
+--------------------+-----+
|            customer|score|
+--------------------+-----+
|Angie.Abram@test.com|-25.5|
+--------------------+-----+

-------------------------------------------
Batch: 396
-------------------------------------------
+--------------------+-----+
|            customer|score|
+--------------------+-----+
|Travis.Doshi@test...| 15.0|
+--------------------+-----+

-------------------------------------------
Batch: 397
-------------------------------------------
+-------------------+-----+
|           customer|score|
+-------------------+-----+
|Gail.Smith@test.com| 12.0|
+-------------------+-----+

-------------------------------------------
Batch: 398
-------------------------------------------
+-------------------+-----+
|           customer|score|
+-------------------+-----+
|Ben.Hansen@test.com| 11.0|
+-------------------+-----+

-------------------------------------------
Batch: 399
-------------------------------------------
+--------------------+-----+
|            customer|score|
+--------------------+-----+
|Santosh.Huey@test...| 19.5|
+--------------------+-----+

-------------------------------------------
Batch: 400
-------------------------------------------
+------------------+-----+
|          customer|score|
+------------------+-----+
|Lyn.Abram@test.com|-11.0|
+------------------+-----+

-------------------------------------------
Batch: 401
-------------------------------------------
+--------------------+-----+
|            customer|score|
+--------------------+-----+
|Trevor.Aristotle@...| -5.5|
+--------------------+-----+

-------------------------------------------
Batch: 402
-------------------------------------------
+--------------------+-----+
|            customer|score|
+--------------------+-----+
|Craig.Aristotle@t...|-20.5|
+--------------------+-----+

-------------------------------------------
Batch: 403
-------------------------------------------
+--------------------+-----+
|            customer|score|
+--------------------+-----+
|Lyn.Sanchez@test.com| 10.5|
+--------------------+-----+

-------------------------------------------
Batch: 404
-------------------------------------------
+--------------------+-----+
|            customer|score|
+--------------------+-----+
|Jerry.Doshi@test.com| -4.0|
+--------------------+-----+

-------------------------------------------
Batch: 405
-------------------------------------------
+-------------------+-----+
|           customer|score|
+-------------------+-----+
|Sean.Abram@test.com| -3.0|
+-------------------+-----+

-------------------------------------------
Batch: 406
-------------------------------------------
+--------------------+-----+
|            customer|score|
+--------------------+-----+
|Senthil.Lincoln@t...| -3.0|
+--------------------+-----+

-------------------------------------------
Batch: 407
-------------------------------------------
+------------------+-----+
|          customer|score|
+------------------+-----+
|Dan.Mitra@test.com| -3.5|
+------------------+-----+

-------------------------------------------
Batch: 408
-------------------------------------------
+--------------------+-----+
|            customer|score|
+--------------------+-----+
|Suresh.Habschied@...| -2.5|
+--------------------+-----+

-------------------------------------------
Batch: 409
-------------------------------------------
+--------------------+-----+
|            customer|score|
+--------------------+-----+
|Jason.Habschied@t...| -4.0|
+--------------------+-----+

-------------------------------------------
Batch: 410
-------------------------------------------
+--------------------+-----+
|            customer|score|
+--------------------+-----+
|Jason.Khatib@test...| -1.5|
+--------------------+-----+

-------------------------------------------
Batch: 411
-------------------------------------------
+--------------------+-----+
|            customer|score|
+--------------------+-----+
|Craig.Sanchez@tes...| -2.5|
+--------------------+-----+

-------------------------------------------
Batch: 412
-------------------------------------------
+--------------------+-----+
|            customer|score|
+--------------------+-----+
|Eric.Hansen@test.com| -5.5|
+--------------------+-----+

-------------------------------------------
Batch: 413
-------------------------------------------
+--------------------+-----+
|            customer|score|
+--------------------+-----+
|Senthil.Staples@t...| -3.5|
+--------------------+-----+

-------------------------------------------
Batch: 414
-------------------------------------------
+--------------------+-----+
|            customer|score|
+--------------------+-----+
|Spencer.Howard@te...| -1.5|
+--------------------+-----+

-------------------------------------------
Batch: 415
-------------------------------------------
+--------------------+-----+
|            customer|score|
+--------------------+-----+
|Edward.Jones@test...| -4.5|
+--------------------+-----+

-------------------------------------------
Batch: 416
-------------------------------------------
+----------------+-----+
|        customer|score|
+----------------+-----+
|Eric.Wu@test.com|  8.5|
+----------------+-----+

-------------------------------------------
Batch: 417
-------------------------------------------
+--------------------+-----+
|            customer|score|
+--------------------+-----+
|Frank.Sanchez@tes...|-11.0|
+--------------------+-----+

-------------------------------------------
Batch: 418
-------------------------------------------
+--------------------+-----+
|            customer|score|
+--------------------+-----+
|Gail.Habschied@te...| 16.5|
+--------------------+-----+

-------------------------------------------
Batch: 419
-------------------------------------------
+--------------------+-----+
|            customer|score|
+--------------------+-----+
|Jerry.Jones@test.com|  0.5|
+--------------------+-----+

-------------------------------------------
Batch: 420
-------------------------------------------
+--------------------+-----+
|            customer|score|
+--------------------+-----+
|Santosh.Khatib@te...| 12.0|
+--------------------+-----+

-------------------------------------------
Batch: 421
-------------------------------------------
+--------------------+-----+
|            customer|score|
+--------------------+-----+
|Jason.Lincoln@tes...| 17.0|
+--------------------+-----+

-------------------------------------------
Batch: 422
-------------------------------------------
+--------------------+-----+
|            customer|score|
+--------------------+-----+
|Angie.Abram@test.com|-36.5|
+--------------------+-----+

-------------------------------------------
Batch: 423
-------------------------------------------
+--------------------+-----+
|            customer|score|
+--------------------+-----+
|Travis.Doshi@test...| 20.5|
+--------------------+-----+

-------------------------------------------
Batch: 424
-------------------------------------------
+-------------------+-----+
|           customer|score|
+-------------------+-----+
|Gail.Smith@test.com| 27.0|
+-------------------+-----+

-------------------------------------------
Batch: 425
-------------------------------------------
+-------------------+-----+
|           customer|score|
+-------------------+-----+
|Ben.Hansen@test.com|-22.0|
+-------------------+-----+

-------------------------------------------
Batch: 426
-------------------------------------------
+--------------------+-----+
|            customer|score|
+--------------------+-----+
|Santosh.Huey@test...| 21.0|
+--------------------+-----+

-------------------------------------------
Batch: 427
-------------------------------------------
+------------------+-----+
|          customer|score|
+------------------+-----+
|Lyn.Abram@test.com|-36.5|
+------------------+-----+

-------------------------------------------
Batch: 428
-------------------------------------------
+--------------------+-----+
|            customer|score|
+--------------------+-----+
|Trevor.Aristotle@...| -3.0|
+--------------------+-----+

-------------------------------------------
Batch: 429
-------------------------------------------
+--------------------+-----+
|            customer|score|
+--------------------+-----+
|Craig.Aristotle@t...|-21.0|
+--------------------+-----+

-------------------------------------------
Batch: 430
-------------------------------------------
+--------------------+-----+
|            customer|score|
+--------------------+-----+
|Lyn.Sanchez@test.com| 33.0|
+--------------------+-----+

-------------------------------------------
Batch: 431
-------------------------------------------
+--------------------+-----+
|            customer|score|
+--------------------+-----+
|Jerry.Doshi@test.com|-32.0|
+--------------------+-----+

-------------------------------------------
Batch: 432
-------------------------------------------
+-------------------+-----+
|           customer|score|
+-------------------+-----+
|Sean.Abram@test.com| -3.0|
+-------------------+-----+

-------------------------------------------
Batch: 433
-------------------------------------------
+--------------------+-----+
|            customer|score|
+--------------------+-----+
|Senthil.Lincoln@t...| -4.0|
+--------------------+-----+

-------------------------------------------
Batch: 434
-------------------------------------------
+------------------+-----+
|          customer|score|
+------------------+-----+
|Dan.Mitra@test.com| -3.0|
+------------------+-----+

-------------------------------------------
Batch: 435
-------------------------------------------
+--------------------+-----+
|            customer|score|
+--------------------+-----+
|Suresh.Habschied@...| -4.0|
+--------------------+-----+

-------------------------------------------
Batch: 436
-------------------------------------------
+--------------------+-----+
|            customer|score|
+--------------------+-----+
|Jason.Habschied@t...| -4.5|
+--------------------+-----+

-------------------------------------------
Batch: 437
-------------------------------------------
+--------------------+-----+
|            customer|score|
+--------------------+-----+
|Jason.Khatib@test...| -1.0|
+--------------------+-----+

-------------------------------------------
Batch: 438
-------------------------------------------
+--------------------+-----+
|            customer|score|
+--------------------+-----+
|Craig.Sanchez@tes...| -2.5|
+--------------------+-----+

-------------------------------------------
Batch: 439
-------------------------------------------
+--------------------+-----+
|            customer|score|
+--------------------+-----+
|Eric.Hansen@test.com| -5.5|
+--------------------+-----+

-------------------------------------------
Batch: 440
-------------------------------------------
+--------------------+-----+
|            customer|score|
+--------------------+-----+
|Senthil.Staples@t...| -2.0|
+--------------------+-----+

-------------------------------------------
Batch: 441
-------------------------------------------
+--------------------+-----+
|            customer|score|
+--------------------+-----+
|Spencer.Howard@te...| -3.0|
+--------------------+-----+

-------------------------------------------
Batch: 442
-------------------------------------------
+--------------------+-----+
|            customer|score|
+--------------------+-----+
|Edward.Jones@test...| -2.5|
+--------------------+-----+

-------------------------------------------
Batch: 443
-------------------------------------------
+----------------+-----+
|        customer|score|
+----------------+-----+
|Eric.Wu@test.com| 15.5|
+----------------+-----+

-------------------------------------------
Batch: 444
-------------------------------------------
+--------------------+-----+
|            customer|score|
+--------------------+-----+
|Frank.Sanchez@tes...| -7.5|
+--------------------+-----+

-------------------------------------------
Batch: 445
-------------------------------------------
+--------------------+-----+
|            customer|score|
+--------------------+-----+
|Gail.Habschied@te...| -6.5|
+--------------------+-----+

-------------------------------------------
Batch: 446
-------------------------------------------
+--------------------+-----+
|            customer|score|
+--------------------+-----+
|Jerry.Jones@test.com| 40.0|
+--------------------+-----+

-------------------------------------------
Batch: 447
-------------------------------------------
+--------------------+-----+
|            customer|score|
+--------------------+-----+
|Santosh.Khatib@te...|  5.0|
+--------------------+-----+

-------------------------------------------
Batch: 448
-------------------------------------------
+--------------------+-----+
|            customer|score|
+--------------------+-----+
|Jason.Lincoln@tes...| 25.0|
+--------------------+-----+

-------------------------------------------
Batch: 449
-------------------------------------------
+--------------------+-----+
|            customer|score|
+--------------------+-----+
|Angie.Abram@test.com|  1.0|
+--------------------+-----+

-------------------------------------------
Batch: 450
-------------------------------------------
+--------------------+-----+
|            customer|score|
+--------------------+-----+
|Travis.Doshi@test...|  2.0|
+--------------------+-----+

-------------------------------------------
Batch: 451
-------------------------------------------
+-------------------+-----+
|           customer|score|
+-------------------+-----+
|Gail.Smith@test.com|-17.5|
+-------------------+-----+

-------------------------------------------
Batch: 452
-------------------------------------------
+-------------------+-----+
|           customer|score|
+-------------------+-----+
|Ben.Hansen@test.com|-16.5|
+-------------------+-----+

-------------------------------------------
Batch: 453
-------------------------------------------
+--------------------+-----+
|            customer|score|
+--------------------+-----+
|Santosh.Huey@test...|-11.5|
+--------------------+-----+

-------------------------------------------
Batch: 454
-------------------------------------------
+------------------+-----+
|          customer|score|
+------------------+-----+
|Lyn.Abram@test.com| -2.0|
+------------------+-----+

-------------------------------------------
Batch: 455
-------------------------------------------
+--------------------+-----+
|            customer|score|
+--------------------+-----+
|Trevor.Aristotle@...| 18.0|
+--------------------+-----+

-------------------------------------------
Batch: 456
-------------------------------------------
+--------------------+-----+
|            customer|score|
+--------------------+-----+
|Craig.Aristotle@t...| 10.0|
+--------------------+-----+

-------------------------------------------
Batch: 457
-------------------------------------------
+--------------------+-----+
|            customer|score|
+--------------------+-----+
|Lyn.Sanchez@test.com| 16.0|
+--------------------+-----+

-------------------------------------------
Batch: 458
-------------------------------------------
+--------------------+-----+
|            customer|score|
+--------------------+-----+
|Jerry.Doshi@test.com|  4.0|
+--------------------+-----+

-------------------------------------------
Batch: 459
-------------------------------------------
+-------------------+-----+
|           customer|score|
+-------------------+-----+
|Sean.Abram@test.com| -1.5|
+-------------------+-----+

-------------------------------------------
Batch: 460
-------------------------------------------
+--------------------+-----+
|            customer|score|
+--------------------+-----+
|Senthil.Lincoln@t...| -4.0|
+--------------------+-----+

-------------------------------------------
Batch: 461
-------------------------------------------
+------------------+-----+
|          customer|score|
+------------------+-----+
|Dan.Mitra@test.com| -1.0|
+------------------+-----+

-------------------------------------------
Batch: 462
-------------------------------------------
+--------------------+-----+
|            customer|score|
+--------------------+-----+
|Suresh.Habschied@...| -4.5|
+--------------------+-----+

-------------------------------------------
Batch: 463
-------------------------------------------
+--------------------+-----+
|            customer|score|
+--------------------+-----+
|Jason.Habschied@t...| -4.5|
+--------------------+-----+

-------------------------------------------
Batch: 464
-------------------------------------------
+--------------------+-----+
|            customer|score|
+--------------------+-----+
|Jason.Khatib@test...| -2.5|
+--------------------+-----+

-------------------------------------------
Batch: 465
-------------------------------------------
+--------------------+-----+
|            customer|score|
+--------------------+-----+
|Craig.Sanchez@tes...| -3.5|
+--------------------+-----+

-------------------------------------------
Batch: 466
-------------------------------------------
+--------------------+-----+
|            customer|score|
+--------------------+-----+
|Eric.Hansen@test.com| -5.0|
+--------------------+-----+

-------------------------------------------
Batch: 467
-------------------------------------------
+--------------------+-----+
|            customer|score|
+--------------------+-----+
|Senthil.Staples@t...| -2.0|
+--------------------+-----+

-------------------------------------------
Batch: 468
-------------------------------------------
+--------------------+-----+
|            customer|score|
+--------------------+-----+
|Spencer.Howard@te...| -3.0|
+--------------------+-----+

-------------------------------------------
Batch: 469
-------------------------------------------
+--------------------+-----+
|            customer|score|
+--------------------+-----+
|Edward.Jones@test...| -3.5|
+--------------------+-----+

-------------------------------------------
Batch: 470
-------------------------------------------
+----------------+-----+
|        customer|score|
+----------------+-----+
|Eric.Wu@test.com|-11.5|
+----------------+-----+

-------------------------------------------
Batch: 471
-------------------------------------------
+--------------------+-----+
|            customer|score|
+--------------------+-----+
|Frank.Sanchez@tes...| 16.5|
+--------------------+-----+

-------------------------------------------
Batch: 472
-------------------------------------------
+--------------------+-----+
|            customer|score|
+--------------------+-----+
|Gail.Habschied@te...|-18.0|
+--------------------+-----+

-------------------------------------------
Batch: 473
-------------------------------------------
+--------------------+-----+
|            customer|score|
+--------------------+-----+
|Jerry.Jones@test.com|  0.0|
+--------------------+-----+

-------------------------------------------
Batch: 474
-------------------------------------------
+--------------------+-----+
|            customer|score|
+--------------------+-----+
|Santosh.Khatib@te...|-25.0|
+--------------------+-----+

-------------------------------------------
Batch: 475
-------------------------------------------
+--------------------+-----+
|            customer|score|
+--------------------+-----+
|Jason.Lincoln@tes...|  4.0|
+--------------------+-----+

-------------------------------------------
Batch: 476
-------------------------------------------
+--------------------+-----+
|            customer|score|
+--------------------+-----+
|Angie.Abram@test.com| 28.5|
+--------------------+-----+

-------------------------------------------
Batch: 477
-------------------------------------------
+--------------------+-----+
|            customer|score|
+--------------------+-----+
|Travis.Doshi@test...| 10.0|
+--------------------+-----+

-------------------------------------------
Batch: 478
-------------------------------------------
+-------------------+-----+
|           customer|score|
+-------------------+-----+
|Gail.Smith@test.com|-17.5|
+-------------------+-----+

-------------------------------------------
Batch: 479
-------------------------------------------
+-------------------+-----+
|           customer|score|
+-------------------+-----+
|Ben.Hansen@test.com|  2.5|
+-------------------+-----+

-------------------------------------------
Batch: 480
-------------------------------------------
+--------------------+-----+
|            customer|score|
+--------------------+-----+
|Santosh.Huey@test...| -1.0|
+--------------------+-----+

-------------------------------------------
Batch: 481
-------------------------------------------
+------------------+-----+
|          customer|score|
+------------------+-----+
|Lyn.Abram@test.com| 17.0|
+------------------+-----+

-------------------------------------------
Batch: 482
-------------------------------------------
+--------------------+-----+
|            customer|score|
+--------------------+-----+
|Trevor.Aristotle@...|  1.0|
+--------------------+-----+

-------------------------------------------
Batch: 483
-------------------------------------------
+--------------------+-----+
|            customer|score|
+--------------------+-----+
|Craig.Aristotle@t...| 23.5|
+--------------------+-----+

-------------------------------------------
Batch: 484
-------------------------------------------
+--------------------+-----+
|            customer|score|
+--------------------+-----+
|Lyn.Sanchez@test.com|  6.0|
+--------------------+-----+

-------------------------------------------
Batch: 485
-------------------------------------------
+--------------------+-----+
|            customer|score|
+--------------------+-----+
|Jerry.Doshi@test.com| 33.0|
+--------------------+-----+

-------------------------------------------
Batch: 486
-------------------------------------------
+-------------------+-----+
|           customer|score|
+-------------------+-----+
|Sean.Abram@test.com| -2.0|
+-------------------+-----+

-------------------------------------------
Batch: 487
-------------------------------------------
+--------------------+-----+
|            customer|score|
+--------------------+-----+
|Senthil.Lincoln@t...| -5.0|
+--------------------+-----+

-------------------------------------------
Batch: 488
-------------------------------------------
+------------------+-----+
|          customer|score|
+------------------+-----+
|Dan.Mitra@test.com| -0.5|
+------------------+-----+

-------------------------------------------
Batch: 489
-------------------------------------------
+--------------------+-----+
|            customer|score|
+--------------------+-----+
|Suresh.Habschied@...| -4.5|
+--------------------+-----+

-------------------------------------------
Batch: 490
-------------------------------------------
+--------------------+-----+
|            customer|score|
+--------------------+-----+
|Jason.Habschied@t...| -4.5|
+--------------------+-----+

-------------------------------------------
Batch: 491
-------------------------------------------
+--------------------+-----+
|            customer|score|
+--------------------+-----+
|Jason.Khatib@test...| -3.5|
+--------------------+-----+

-------------------------------------------
Batch: 492
-------------------------------------------
+--------------------+-----+
|            customer|score|
+--------------------+-----+
|Craig.Sanchez@tes...| -4.0|
+--------------------+-----+

-------------------------------------------
Batch: 493
-------------------------------------------
+--------------------+-----+
|            customer|score|
+--------------------+-----+
|Eric.Hansen@test.com| -4.5|
+--------------------+-----+

-------------------------------------------
Batch: 494
-------------------------------------------
+--------------------+-----+
|            customer|score|
+--------------------+-----+
|Senthil.Staples@t...| -4.0|
+--------------------+-----+

-------------------------------------------
Batch: 495
-------------------------------------------
+--------------------+-----+
|            customer|score|
+--------------------+-----+
|Spencer.Howard@te...| -2.0|
+--------------------+-----+

-------------------------------------------
Batch: 496
-------------------------------------------
+--------------------+-----+
|            customer|score|
+--------------------+-----+
|Edward.Jones@test...| -4.0|
+--------------------+-----+

-------------------------------------------
Batch: 497
-------------------------------------------
+----------------+-----+
|        customer|score|
+----------------+-----+
|Eric.Wu@test.com|-26.0|
+----------------+-----+

-------------------------------------------
Batch: 498
-------------------------------------------
+--------------------+-----+
|            customer|score|
+--------------------+-----+
|Frank.Sanchez@tes...| 23.5|
+--------------------+-----+

-------------------------------------------
Batch: 499
-------------------------------------------
+--------------------+-----+
|            customer|score|
+--------------------+-----+
|Gail.Habschied@te...|-42.0|
+--------------------+-----+

-------------------------------------------
Batch: 500
-------------------------------------------
+--------------------+-----+
|            customer|score|
+--------------------+-----+
|Jerry.Jones@test.com|-18.5|
+--------------------+-----+

-------------------------------------------
Batch: 501
-------------------------------------------
+--------------------+-----+
|            customer|score|
+--------------------+-----+
|Santosh.Khatib@te...| -6.0|
+--------------------+-----+

-------------------------------------------
Batch: 502
-------------------------------------------
+--------------------+-----+
|            customer|score|
+--------------------+-----+
|Jason.Lincoln@tes...| -2.0|
+--------------------+-----+

-------------------------------------------
Batch: 503
-------------------------------------------
+--------------------+-----+
|            customer|score|
+--------------------+-----+
|Angie.Abram@test.com| 14.0|
+--------------------+-----+

-------------------------------------------
Batch: 504
-------------------------------------------
+--------------------+-----+
|            customer|score|
+--------------------+-----+
|Travis.Doshi@test...|-16.0|
+--------------------+-----+

-------------------------------------------
Batch: 505
-------------------------------------------
+-------------------+-----+
|           customer|score|
+-------------------+-----+
|Gail.Smith@test.com| 28.5|
+-------------------+-----+

-------------------------------------------
Batch: 506
-------------------------------------------
+-------------------+-----+
|           customer|score|
+-------------------+-----+
|Ben.Hansen@test.com| 11.0|
+-------------------+-----+

-------------------------------------------
Batch: 507
-------------------------------------------
+--------------------+-----+
|            customer|score|
+--------------------+-----+
|Santosh.Huey@test...| 16.5|
+--------------------+-----+

-------------------------------------------
Batch: 508
-------------------------------------------
+------------------+-----+
|          customer|score|
+------------------+-----+
|Lyn.Abram@test.com|-18.0|
+------------------+-----+

-------------------------------------------
Batch: 509
-------------------------------------------
+--------------------+-----+
|            customer|score|
+--------------------+-----+
|Trevor.Aristotle@...|-20.0|
+--------------------+-----+

-------------------------------------------
Batch: 510
-------------------------------------------
+--------------------+-----+
|            customer|score|
+--------------------+-----+
|Craig.Aristotle@t...| 22.5|
+--------------------+-----+

-------------------------------------------
Batch: 511
-------------------------------------------
+--------------------+-----+
|            customer|score|
+--------------------+-----+
|Lyn.Sanchez@test.com|  4.0|
+--------------------+-----+

-------------------------------------------
Batch: 512
-------------------------------------------
+--------------------+-----+
|            customer|score|
+--------------------+-----+
|Jerry.Doshi@test.com| -7.5|
+--------------------+-----+

-------------------------------------------
Batch: 513
-------------------------------------------
+-------------------+-----+
|           customer|score|
+-------------------+-----+
|Sean.Abram@test.com| -4.0|
+-------------------+-----+

-------------------------------------------
Batch: 514
-------------------------------------------
+--------------------+-----+
|            customer|score|
+--------------------+-----+
|Senthil.Lincoln@t...| -4.5|
+--------------------+-----+

-------------------------------------------
Batch: 515
-------------------------------------------
+------------------+-----+
|          customer|score|
+------------------+-----+
|Dan.Mitra@test.com| -2.0|
+------------------+-----+

-------------------------------------------
Batch: 516
-------------------------------------------
+--------------------+-----+
|            customer|score|
+--------------------+-----+
|Suresh.Habschied@...| -5.0|
+--------------------+-----+

-------------------------------------------
Batch: 517
-------------------------------------------
+--------------------+-----+
|            customer|score|
+--------------------+-----+
|Jason.Habschied@t...| -5.5|
+--------------------+-----+

-------------------------------------------
Batch: 518
-------------------------------------------
+--------------------+-----+
|            customer|score|
+--------------------+-----+
|Jason.Khatib@test...| -1.5|
+--------------------+-----+

-------------------------------------------
Batch: 519
-------------------------------------------
+--------------------+-----+
|            customer|score|
+--------------------+-----+
|Craig.Sanchez@tes...| -4.0|
+--------------------+-----+

-------------------------------------------
Batch: 520
-------------------------------------------
+--------------------+-----+
|            customer|score|
+--------------------+-----+
|Eric.Hansen@test.com| -2.5|
+--------------------+-----+

-------------------------------------------
Batch: 521
-------------------------------------------
+--------------------+-----+
|            customer|score|
+--------------------+-----+
|Senthil.Staples@t...| -4.0|
+--------------------+-----+

-------------------------------------------
Batch: 522
-------------------------------------------
+--------------------+-----+
|            customer|score|
+--------------------+-----+
|Spencer.Howard@te...| -3.0|
+--------------------+-----+

-------------------------------------------
Batch: 523
-------------------------------------------
+--------------------+-----+
|            customer|score|
+--------------------+-----+
|Edward.Jones@test...| -1.5|
+--------------------+-----+

-------------------------------------------
Batch: 524
-------------------------------------------
+----------------+-----+
|        customer|score|
+----------------+-----+
|Eric.Wu@test.com|-12.0|
+----------------+-----+

-------------------------------------------
Batch: 525
-------------------------------------------
+--------------------+-----+
|            customer|score|
+--------------------+-----+
|Frank.Sanchez@tes...|  5.5|
+--------------------+-----+

-------------------------------------------
Batch: 526
-------------------------------------------
+--------------------+-----+
|            customer|score|
+--------------------+-----+
|Gail.Habschied@te...|-16.0|
+--------------------+-----+

-------------------------------------------
Batch: 527
-------------------------------------------
+--------------------+-----+
|            customer|score|
+--------------------+-----+
|Jerry.Jones@test.com|  0.5|
+--------------------+-----+

-------------------------------------------
Batch: 528
-------------------------------------------
+--------------------+-----+
|            customer|score|
+--------------------+-----+
|Santosh.Khatib@te...| 11.0|
+--------------------+-----+

-------------------------------------------
Batch: 529
-------------------------------------------
+--------------------+-----+
|            customer|score|
+--------------------+-----+
|Jason.Lincoln@tes...| 11.5|
+--------------------+-----+

-------------------------------------------
Batch: 530
-------------------------------------------
+--------------------+-----+
|            customer|score|
+--------------------+-----+
|Angie.Abram@test.com|  1.5|
+--------------------+-----+

-------------------------------------------
Batch: 531
-------------------------------------------
+--------------------+-----+
|            customer|score|
+--------------------+-----+
|Travis.Doshi@test...|-22.0|
+--------------------+-----+

-------------------------------------------
Batch: 532
-------------------------------------------
+-------------------+-----+
|           customer|score|
+-------------------+-----+
|Gail.Smith@test.com| 15.5|
+-------------------+-----+

-------------------------------------------
Batch: 533
-------------------------------------------
+-------------------+-----+
|           customer|score|
+-------------------+-----+
|Ben.Hansen@test.com| -2.0|
+-------------------+-----+

-------------------------------------------
Batch: 534
-------------------------------------------
+--------------------+-----+
|            customer|score|
+--------------------+-----+
|Santosh.Huey@test...|  0.5|
+--------------------+-----+

-------------------------------------------
Batch: 535
-------------------------------------------
+------------------+-----+
|          customer|score|
+------------------+-----+
|Lyn.Abram@test.com|-23.0|
+------------------+-----+

-------------------------------------------
Batch: 536
-------------------------------------------
+--------------------+-----+
|            customer|score|
+--------------------+-----+
|Trevor.Aristotle@...|-12.5|
+--------------------+-----+

-------------------------------------------
Batch: 537
-------------------------------------------
+--------------------+-----+
|            customer|score|
+--------------------+-----+
|Craig.Aristotle@t...| 12.0|
+--------------------+-----+

-------------------------------------------
Batch: 538
-------------------------------------------
+--------------------+-----+
|            customer|score|
+--------------------+-----+
|Lyn.Sanchez@test.com|-24.0|
+--------------------+-----+

-------------------------------------------
Batch: 539
-------------------------------------------
+--------------------+-----+
|            customer|score|
+--------------------+-----+
|Jerry.Doshi@test.com|-19.5|
+--------------------+-----+

-------------------------------------------
Batch: 540
-------------------------------------------
+-------------------+-----+
|           customer|score|
+-------------------+-----+
|Sean.Abram@test.com| -5.0|
+-------------------+-----+

-------------------------------------------
Batch: 541
-------------------------------------------
+--------------------+-----+
|            customer|score|
+--------------------+-----+
|Senthil.Lincoln@t...| -2.5|
+--------------------+-----+

-------------------------------------------
Batch: 542
-------------------------------------------
+------------------+-----+
|          customer|score|
+------------------+-----+
|Dan.Mitra@test.com| -3.0|
+------------------+-----+

-------------------------------------------
Batch: 543
-------------------------------------------
+--------------------+-----+
|            customer|score|
+--------------------+-----+
|Suresh.Habschied@...| -4.5|
+--------------------+-----+

-------------------------------------------
Batch: 544
-------------------------------------------
+--------------------+-----+
|            customer|score|
+--------------------+-----+
|Jason.Habschied@t...| -5.5|
+--------------------+-----+

-------------------------------------------
Batch: 545
-------------------------------------------
+--------------------+-----+
|            customer|score|
+--------------------+-----+
|Jason.Khatib@test...| -0.5|
+--------------------+-----+

-------------------------------------------
Batch: 546
-------------------------------------------
+--------------------+-----+
|            customer|score|
+--------------------+-----+
|Craig.Sanchez@tes...| -4.5|
+--------------------+-----+

-------------------------------------------
Batch: 547
-------------------------------------------
+--------------------+-----+
|            customer|score|
+--------------------+-----+
|Eric.Hansen@test.com| -1.0|
+--------------------+-----+

-------------------------------------------
Batch: 548
-------------------------------------------
+--------------------+-----+
|            customer|score|
+--------------------+-----+
|Senthil.Staples@t...| -2.5|
+--------------------+-----+

-------------------------------------------
Batch: 549
-------------------------------------------
+--------------------+-----+
|            customer|score|
+--------------------+-----+
|Spencer.Howard@te...| -3.5|
+--------------------+-----+

-------------------------------------------
Batch: 550
-------------------------------------------
+--------------------+-----+
|            customer|score|
+--------------------+-----+
|Edward.Jones@test...| -0.5|
+--------------------+-----+

-------------------------------------------
Batch: 551
-------------------------------------------
+----------------+-----+
|        customer|score|
+----------------+-----+
|Eric.Wu@test.com|-14.0|
+----------------+-----+

-------------------------------------------
Batch: 552
-------------------------------------------
+--------------------+-----+
|            customer|score|
+--------------------+-----+
|Frank.Sanchez@tes...|-20.5|
+--------------------+-----+

-------------------------------------------
Batch: 553
-------------------------------------------
+--------------------+-----+
|            customer|score|
+--------------------+-----+
|Gail.Habschied@te...| 32.0|
+--------------------+-----+

-------------------------------------------
Batch: 554
-------------------------------------------
+--------------------+-----+
|            customer|score|
+--------------------+-----+
|Jerry.Jones@test.com|-14.0|
+--------------------+-----+

-------------------------------------------
Batch: 555
-------------------------------------------
+--------------------+-----+
|            customer|score|
+--------------------+-----+
|Santosh.Khatib@te...|-16.5|
+--------------------+-----+

-------------------------------------------
Batch: 556
-------------------------------------------
+--------------------+-----+
|            customer|score|
+--------------------+-----+
|Jason.Lincoln@tes...|  5.0|
+--------------------+-----+

-------------------------------------------
Batch: 557
-------------------------------------------
+--------------------+-----+
|            customer|score|
+--------------------+-----+
|Angie.Abram@test.com|  3.5|
+--------------------+-----+

-------------------------------------------
Batch: 558
-------------------------------------------
+--------------------+-----+
|            customer|score|
+--------------------+-----+
|Travis.Doshi@test...| 11.0|
+--------------------+-----+

-------------------------------------------
Batch: 559
-------------------------------------------
+-------------------+-----+
|           customer|score|
+-------------------+-----+
|Gail.Smith@test.com| -9.0|
+-------------------+-----+

-------------------------------------------
Batch: 560
-------------------------------------------
+-------------------+-----+
|           customer|score|
+-------------------+-----+
|Ben.Hansen@test.com|-23.5|
+-------------------+-----+

-------------------------------------------
Batch: 561
-------------------------------------------
+--------------------+-----+
|            customer|score|
+--------------------+-----+
|Santosh.Huey@test...|  3.5|
+--------------------+-----+

-------------------------------------------
Batch: 562
-------------------------------------------
+------------------+-----+
|          customer|score|
+------------------+-----+
|Lyn.Abram@test.com|  7.0|
+------------------+-----+

-------------------------------------------
Batch: 563
-------------------------------------------
+--------------------+-----+
|            customer|score|
+--------------------+-----+
|Trevor.Aristotle@...|  0.0|
+--------------------+-----+

-------------------------------------------
Batch: 564
-------------------------------------------
+--------------------+-----+
|            customer|score|
+--------------------+-----+
|Craig.Aristotle@t...|  3.0|
+--------------------+-----+

-------------------------------------------
Batch: 565
-------------------------------------------
+--------------------+-----+
|            customer|score|
+--------------------+-----+
|Lyn.Sanchez@test.com|-22.5|
+--------------------+-----+

-------------------------------------------
Batch: 566
-------------------------------------------
+--------------------+-----+
|            customer|score|
+--------------------+-----+
|Jerry.Doshi@test.com|  4.0|
+--------------------+-----+

-------------------------------------------
Batch: 567
-------------------------------------------
+-------------------+-----+
|           customer|score|
+-------------------+-----+
|Sean.Abram@test.com| -3.5|
+-------------------+-----+

-------------------------------------------
Batch: 568
-------------------------------------------
+--------------------+-----+
|            customer|score|
+--------------------+-----+
|Senthil.Lincoln@t...| -2.0|
+--------------------+-----+

-------------------------------------------
Batch: 569
-------------------------------------------
+------------------+-----+
|          customer|score|
+------------------+-----+
|Dan.Mitra@test.com| -2.5|
+------------------+-----+

-------------------------------------------
Batch: 570
-------------------------------------------
+--------------------+-----+
|            customer|score|
+--------------------+-----+
|Suresh.Habschied@...| -4.5|
+--------------------+-----+

-------------------------------------------
Batch: 571
-------------------------------------------
+--------------------+-----+
|            customer|score|
+--------------------+-----+
|Jason.Habschied@t...| -3.5|
+--------------------+-----+

-------------------------------------------
Batch: 572
-------------------------------------------
+--------------------+-----+
|            customer|score|
+--------------------+-----+
|Jason.Khatib@test...| -2.5|
+--------------------+-----+

-------------------------------------------
Batch: 573
-------------------------------------------
+--------------------+-----+
|            customer|score|
+--------------------+-----+
|Craig.Sanchez@tes...| -4.5|
+--------------------+-----+

-------------------------------------------
Batch: 574
-------------------------------------------
+--------------------+-----+
|            customer|score|
+--------------------+-----+
|Eric.Hansen@test.com| -1.5|
+--------------------+-----+

-------------------------------------------
Batch: 575
-------------------------------------------
+--------------------+-----+
|            customer|score|
+--------------------+-----+
|Senthil.Staples@t...| -2.0|
+--------------------+-----+

-------------------------------------------
Batch: 576
-------------------------------------------
+--------------------+-----+
|            customer|score|
+--------------------+-----+
|Spencer.Howard@te...| -2.5|
+--------------------+-----+

-------------------------------------------
Batch: 577
-------------------------------------------
+--------------------+-----+
|            customer|score|
+--------------------+-----+
|Edward.Jones@test...| -1.5|
+--------------------+-----+

-------------------------------------------
Batch: 578
-------------------------------------------
+----------------+-----+
|        customer|score|
+----------------+-----+
|Eric.Wu@test.com|  1.0|
+----------------+-----+

-------------------------------------------
Batch: 579
-------------------------------------------
+--------------------+-----+
|            customer|score|
+--------------------+-----+
|Frank.Sanchez@tes...|-16.0|
+--------------------+-----+

-------------------------------------------
Batch: 580
-------------------------------------------
+--------------------+-----+
|            customer|score|
+--------------------+-----+
|Gail.Habschied@te...| 29.5|
+--------------------+-----+

-------------------------------------------
Batch: 581
-------------------------------------------
+--------------------+-----+
|            customer|score|
+--------------------+-----+
|Jerry.Jones@test.com|  5.5|
+--------------------+-----+

-------------------------------------------
Batch: 582
-------------------------------------------
+--------------------+-----+
|            customer|score|
+--------------------+-----+
|Santosh.Khatib@te...| 12.0|
+--------------------+-----+

-------------------------------------------
Batch: 583
-------------------------------------------
+--------------------+-----+
|            customer|score|
+--------------------+-----+
|Jason.Lincoln@tes...|-21.0|
+--------------------+-----+

-------------------------------------------
Batch: 584
-------------------------------------------
+--------------------+-----+
|            customer|score|
+--------------------+-----+
|Angie.Abram@test.com|-15.5|
+--------------------+-----+

-------------------------------------------
Batch: 585
-------------------------------------------
+--------------------+-----+
|            customer|score|
+--------------------+-----+
|Travis.Doshi@test...| -5.0|
+--------------------+-----+

-------------------------------------------
Batch: 586
-------------------------------------------
+-------------------+-----+
|           customer|score|
+-------------------+-----+
|Gail.Smith@test.com| -5.0|
+-------------------+-----+

-------------------------------------------
Batch: 587
-------------------------------------------
+-------------------+-----+
|           customer|score|
+-------------------+-----+
|Ben.Hansen@test.com|-12.0|
+-------------------+-----+

-------------------------------------------
Batch: 588
-------------------------------------------
+--------------------+-----+
|            customer|score|
+--------------------+-----+
|Santosh.Huey@test...|  9.0|
+--------------------+-----+

-------------------------------------------
Batch: 589
-------------------------------------------
+------------------+-----+
|          customer|score|
+------------------+-----+
|Lyn.Abram@test.com| 29.5|
+------------------+-----+

-------------------------------------------
Batch: 590
-------------------------------------------
+--------------------+-----+
|            customer|score|
+--------------------+-----+
|Trevor.Aristotle@...| -0.5|
+--------------------+-----+

-------------------------------------------
Batch: 591
-------------------------------------------
+--------------------+-----+
|            customer|score|
+--------------------+-----+
|Craig.Aristotle@t...|-21.0|
+--------------------+-----+

-------------------------------------------
Batch: 592
-------------------------------------------
+--------------------+-----+
|            customer|score|
+--------------------+-----+
|Lyn.Sanchez@test.com| 19.5|
+--------------------+-----+

-------------------------------------------
Batch: 593
-------------------------------------------
+--------------------+-----+
|            customer|score|
+--------------------+-----+
|Jerry.Doshi@test.com|  3.0|
+--------------------+-----+

-------------------------------------------
Batch: 594
-------------------------------------------
+-------------------+-----+
|           customer|score|
+-------------------+-----+
|Sean.Abram@test.com| -1.5|
+-------------------+-----+

-------------------------------------------
Batch: 595
-------------------------------------------
+--------------------+-----+
|            customer|score|
+--------------------+-----+
|Senthil.Lincoln@t...| -2.5|
+--------------------+-----+

-------------------------------------------
Batch: 596
-------------------------------------------
+------------------+-----+
|          customer|score|
+------------------+-----+
|Dan.Mitra@test.com| -2.5|
+------------------+-----+

-------------------------------------------
Batch: 597
-------------------------------------------
+--------------------+-----+
|            customer|score|
+--------------------+-----+
|Suresh.Habschied@...| -5.0|
+--------------------+-----+

-------------------------------------------
Batch: 598
-------------------------------------------
+--------------------+-----+
|            customer|score|
+--------------------+-----+
|Jason.Habschied@t...| -1.0|
+--------------------+-----+

-------------------------------------------
Batch: 599
-------------------------------------------
+--------------------+-----+
|            customer|score|
+--------------------+-----+
|Jason.Khatib@test...| -3.5|
+--------------------+-----+

-------------------------------------------
Batch: 600
-------------------------------------------
+--------------------+-----+
|            customer|score|
+--------------------+-----+
|Craig.Sanchez@tes...| -4.0|
+--------------------+-----+

-------------------------------------------
Batch: 601
-------------------------------------------
+--------------------+-----+
|            customer|score|
+--------------------+-----+
|Eric.Hansen@test.com| -2.5|
+--------------------+-----+

-------------------------------------------
Batch: 602
-------------------------------------------
+--------------------+-----+
|            customer|score|
+--------------------+-----+
|Senthil.Staples@t...| -3.0|
+--------------------+-----+

-------------------------------------------
Batch: 603
-------------------------------------------
+--------------------+-----+
|            customer|score|
+--------------------+-----+
|Spencer.Howard@te...| -1.5|
+--------------------+-----+

-------------------------------------------
Batch: 604
-------------------------------------------
+--------------------+-----+
|            customer|score|
+--------------------+-----+
|Edward.Jones@test...| -3.0|
+--------------------+-----+

-------------------------------------------
Batch: 605
-------------------------------------------
+----------------+-----+
|        customer|score|
+----------------+-----+
|Eric.Wu@test.com| 24.5|
+----------------+-----+

-------------------------------------------
Batch: 606
-------------------------------------------
+--------------------+-----+
|            customer|score|
+--------------------+-----+
|Frank.Sanchez@tes...|  6.5|
+--------------------+-----+

-------------------------------------------
Batch: 607
-------------------------------------------
+--------------------+-----+
|            customer|score|
+--------------------+-----+
|Gail.Habschied@te...|  6.0|
+--------------------+-----+

-------------------------------------------
Batch: 608
-------------------------------------------
+--------------------+-----+
|            customer|score|
+--------------------+-----+
|Jerry.Jones@test.com| 29.5|
+--------------------+-----+

-------------------------------------------
Batch: 609
-------------------------------------------
+--------------------+-----+
|            customer|score|
+--------------------+-----+
|Santosh.Khatib@te...| 31.5|
+--------------------+-----+

-------------------------------------------
Batch: 610
-------------------------------------------
+--------------------+-----+
|            customer|score|
+--------------------+-----+
|Jason.Lincoln@tes...|-10.5|
+--------------------+-----+

-------------------------------------------
Batch: 611
-------------------------------------------
+--------------------+-----+
|            customer|score|
+--------------------+-----+
|Angie.Abram@test.com| -5.0|
+--------------------+-----+

-------------------------------------------
Batch: 612
-------------------------------------------
+--------------------+-----+
|            customer|score|
+--------------------+-----+
|Travis.Doshi@test...| -3.5|
+--------------------+-----+

-------------------------------------------
Batch: 613
-------------------------------------------
+-------------------+-----+
|           customer|score|
+-------------------+-----+
|Gail.Smith@test.com| -6.0|
+-------------------+-----+

-------------------------------------------
Batch: 614
-------------------------------------------
+-------------------+-----+
|           customer|score|
+-------------------+-----+
|Ben.Hansen@test.com| 14.5|
+-------------------+-----+

-------------------------------------------
Batch: 615
-------------------------------------------
+--------------------+-----+
|            customer|score|
+--------------------+-----+
|Santosh.Huey@test...|  9.5|
+--------------------+-----+

-------------------------------------------
Batch: 616
-------------------------------------------
+------------------+-----+
|          customer|score|
+------------------+-----+
|Lyn.Abram@test.com| 28.5|
+------------------+-----+

-------------------------------------------
Batch: 617
-------------------------------------------
+--------------------+-----+
|            customer|score|
+--------------------+-----+
|Trevor.Aristotle@...|-14.0|
+--------------------+-----+

-------------------------------------------
Batch: 618
-------------------------------------------
+--------------------+-----+
|            customer|score|
+--------------------+-----+
|Craig.Aristotle@t...|-33.5|
+--------------------+-----+

-------------------------------------------
Batch: 619
-------------------------------------------
+--------------------+-----+
|            customer|score|
+--------------------+-----+
|Lyn.Sanchez@test.com| 23.0|
+--------------------+-----+

-------------------------------------------
Batch: 620
-------------------------------------------
+--------------------+-----+
|            customer|score|
+--------------------+-----+
|Jerry.Doshi@test.com|  9.0|
+--------------------+-----+

-------------------------------------------
Batch: 621
-------------------------------------------
+-------------------+-----+
|           customer|score|
+-------------------+-----+
|Sean.Abram@test.com| -1.0|
+-------------------+-----+

-------------------------------------------
Batch: 622
-------------------------------------------
+--------------------+-----+
|            customer|score|
+--------------------+-----+
|Senthil.Lincoln@t...| -4.0|
+--------------------+-----+

-------------------------------------------
Batch: 623
-------------------------------------------
+------------------+-----+
|          customer|score|
+------------------+-----+
|Dan.Mitra@test.com| -2.5|
+------------------+-----+

-------------------------------------------
Batch: 624
-------------------------------------------
+--------------------+-----+
|            customer|score|
+--------------------+-----+
|Suresh.Habschied@...| -3.5|
+--------------------+-----+

-------------------------------------------
Batch: 625
-------------------------------------------
+--------------------+-----+
|            customer|score|
+--------------------+-----+
|Jason.Habschied@t...| -1.0|
+--------------------+-----+

-------------------------------------------
Batch: 626
-------------------------------------------
+--------------------+-----+
|            customer|score|
+--------------------+-----+
|Jason.Khatib@test...| -2.0|
+--------------------+-----+

-------------------------------------------
Batch: 627
-------------------------------------------
+--------------------+-----+
|            customer|score|
+--------------------+-----+
|Craig.Sanchez@tes...| -4.0|
+--------------------+-----+

-------------------------------------------
Batch: 628
-------------------------------------------
+--------------------+-----+
|            customer|score|
+--------------------+-----+
|Eric.Hansen@test.com| -2.5|
+--------------------+-----+

-------------------------------------------
Batch: 629
-------------------------------------------
+--------------------+-----+
|            customer|score|
+--------------------+-----+
|Senthil.Staples@t...| -5.0|
+--------------------+-----+

-------------------------------------------
Batch: 630
-------------------------------------------
+--------------------+-----+
|            customer|score|
+--------------------+-----+
|Spencer.Howard@te...| -1.0|
+--------------------+-----+

-------------------------------------------
Batch: 631
-------------------------------------------
+--------------------+-----+
|            customer|score|
+--------------------+-----+
|Edward.Jones@test...| -4.5|
+--------------------+-----+

-------------------------------------------
Batch: 632
-------------------------------------------
+----------------+-----+
|        customer|score|
+----------------+-----+
|Eric.Wu@test.com| 25.0|
+----------------+-----+

-------------------------------------------
Batch: 633
-------------------------------------------
+--------------------+-----+
|            customer|score|
+--------------------+-----+
|Frank.Sanchez@tes...|-20.5|
+--------------------+-----+

-------------------------------------------
Batch: 634
-------------------------------------------
+--------------------+-----+
|            customer|score|
+--------------------+-----+
|Gail.Habschied@te...|  1.0|
+--------------------+-----+

-------------------------------------------
Batch: 635
-------------------------------------------
+--------------------+-----+
|            customer|score|
+--------------------+-----+
|Jerry.Jones@test.com|  4.5|
+--------------------+-----+

-------------------------------------------
Batch: 636
-------------------------------------------
+--------------------+-----+
|            customer|score|
+--------------------+-----+
|Santosh.Khatib@te...| -6.0|
+--------------------+-----+

-------------------------------------------
Batch: 637
-------------------------------------------
+--------------------+-----+
|            customer|score|
+--------------------+-----+
|Jason.Lincoln@tes...| 23.0|
+--------------------+-----+

-------------------------------------------
Batch: 638
-------------------------------------------
+--------------------+-----+
|            customer|score|
+--------------------+-----+
|Angie.Abram@test.com| 17.5|
+--------------------+-----+

-------------------------------------------
Batch: 639
-------------------------------------------
+--------------------+-----+
|            customer|score|
+--------------------+-----+
|Travis.Doshi@test...| 22.0|
+--------------------+-----+

-------------------------------------------
Batch: 640
-------------------------------------------
+-------------------+-----+
|           customer|score|
+-------------------+-----+
|Gail.Smith@test.com|-14.0|
+-------------------+-----+

-------------------------------------------
Batch: 641
-------------------------------------------
+-------------------+-----+
|           customer|score|
+-------------------+-----+
|Ben.Hansen@test.com| -2.0|
+-------------------+-----+

-------------------------------------------
Batch: 642
-------------------------------------------
+--------------------+-----+
|            customer|score|
+--------------------+-----+
|Santosh.Huey@test...|-25.0|
+--------------------+-----+

-------------------------------------------
Batch: 643
-------------------------------------------
+------------------+-----+
|          customer|score|
+------------------+-----+
|Lyn.Abram@test.com| -1.5|
+------------------+-----+

-------------------------------------------
Batch: 644
-------------------------------------------
+--------------------+-----+
|            customer|score|
+--------------------+-----+
|Trevor.Aristotle@...|  5.0|
+--------------------+-----+

-------------------------------------------
Batch: 645
-------------------------------------------
+--------------------+-----+
|            customer|score|
+--------------------+-----+
|Craig.Aristotle@t...|-13.5|
+--------------------+-----+

-------------------------------------------
Batch: 646
-------------------------------------------
+--------------------+-----+
|            customer|score|
+--------------------+-----+
|Lyn.Sanchez@test.com| -6.0|
+--------------------+-----+

-------------------------------------------
Batch: 647
-------------------------------------------
+--------------------+-----+
|            customer|score|
+--------------------+-----+
|Jerry.Doshi@test.com| 22.5|
+--------------------+-----+

-------------------------------------------
Batch: 648
-------------------------------------------
+-------------------+-----+
|           customer|score|
+-------------------+-----+
|Sean.Abram@test.com| -0.5|
+-------------------+-----+

-------------------------------------------
Batch: 649
-------------------------------------------
+--------------------+-----+
|            customer|score|
+--------------------+-----+
|Senthil.Lincoln@t...| -3.5|
+--------------------+-----+

-------------------------------------------
Batch: 650
-------------------------------------------
+------------------+-----+
|          customer|score|
+------------------+-----+
|Dan.Mitra@test.com| -1.5|
+------------------+-----+

-------------------------------------------
Batch: 651
-------------------------------------------
+--------------------+-----+
|            customer|score|
+--------------------+-----+
|Suresh.Habschied@...| -2.0|
+--------------------+-----+

-------------------------------------------
Batch: 652
-------------------------------------------
+--------------------+-----+
|            customer|score|
+--------------------+-----+
|Jason.Habschied@t...| -2.5|
+--------------------+-----+

-------------------------------------------
Batch: 653
-------------------------------------------
+--------------------+-----+
|            customer|score|
+--------------------+-----+
|Jason.Khatib@test...| -2.0|
+--------------------+-----+

-------------------------------------------
Batch: 654
-------------------------------------------
+--------------------+-----+
|            customer|score|
+--------------------+-----+
|Craig.Sanchez@tes...| -4.5|
+--------------------+-----+

-------------------------------------------
Batch: 655
-------------------------------------------
+--------------------+-----+
|            customer|score|
+--------------------+-----+
|Eric.Hansen@test.com| -2.5|
+--------------------+-----+

-------------------------------------------
Batch: 656
-------------------------------------------
+--------------------+-----+
|            customer|score|
+--------------------+-----+
|Senthil.Staples@t...| -5.0|
+--------------------+-----+

-------------------------------------------
Batch: 657
-------------------------------------------
+--------------------+-----+
|            customer|score|
+--------------------+-----+
|Spencer.Howard@te...| -1.5|
+--------------------+-----+

-------------------------------------------
Batch: 658
-------------------------------------------
+--------------------+-----+
|            customer|score|
+--------------------+-----+
|Edward.Jones@test...| -4.5|
+--------------------+-----+

-------------------------------------------
Batch: 659
-------------------------------------------
+----------------+-----+
|        customer|score|
+----------------+-----+
|Eric.Wu@test.com| 19.5|
+----------------+-----+

-------------------------------------------
Batch: 660
-------------------------------------------
+--------------------+-----+
|            customer|score|
+--------------------+-----+
|Frank.Sanchez@tes...|-29.0|
+--------------------+-----+

-------------------------------------------
Batch: 661
-------------------------------------------
+--------------------+-----+
|            customer|score|
+--------------------+-----+
|Gail.Habschied@te...|  1.5|
+--------------------+-----+

-------------------------------------------
Batch: 662
-------------------------------------------
+--------------------+-----+
|            customer|score|
+--------------------+-----+
|Jerry.Jones@test.com| -1.0|
+--------------------+-----+

-------------------------------------------
Batch: 663
-------------------------------------------
+--------------------+-----+
|            customer|score|
+--------------------+-----+
|Santosh.Khatib@te...| -7.5|
+--------------------+-----+

-------------------------------------------
Batch: 664
-------------------------------------------
+--------------------+-----+
|            customer|score|
+--------------------+-----+
|Jason.Lincoln@tes...| -5.5|
+--------------------+-----+

-------------------------------------------
Batch: 665
-------------------------------------------
+--------------------+-----+
|            customer|score|
+--------------------+-----+
|Angie.Abram@test.com|-10.5|
+--------------------+-----+

-------------------------------------------
Batch: 666
-------------------------------------------
+--------------------+-----+
|            customer|score|
+--------------------+-----+
|Travis.Doshi@test...| -4.5|
+--------------------+-----+

-------------------------------------------
Batch: 667
-------------------------------------------
+-------------------+-----+
|           customer|score|
+-------------------+-----+
|Gail.Smith@test.com|-20.5|
+-------------------+-----+

-------------------------------------------
Batch: 668
-------------------------------------------
+-------------------+-----+
|           customer|score|
+-------------------+-----+
|Ben.Hansen@test.com| -2.5|
+-------------------+-----+

-------------------------------------------
Batch: 669
-------------------------------------------
+--------------------+-----+
|            customer|score|
+--------------------+-----+
|Santosh.Huey@test...|-18.0|
+--------------------+-----+

-------------------------------------------
Batch: 670
-------------------------------------------
+------------------+-----+
|          customer|score|
+------------------+-----+
|Lyn.Abram@test.com|-12.5|
+------------------+-----+

-------------------------------------------
Batch: 671
-------------------------------------------
+--------------------+-----+
|            customer|score|
+--------------------+-----+
|Trevor.Aristotle@...|  1.0|
+--------------------+-----+

-------------------------------------------
Batch: 672
-------------------------------------------
+--------------------+-----+
|            customer|score|
+--------------------+-----+
|Craig.Aristotle@t...| -2.0|
+--------------------+-----+

-------------------------------------------
Batch: 673
-------------------------------------------
+--------------------+-----+
|            customer|score|
+--------------------+-----+
|Lyn.Sanchez@test.com|-29.0|
+--------------------+-----+

-------------------------------------------
Batch: 674
-------------------------------------------
+--------------------+-----+
|            customer|score|
+--------------------+-----+
|Jerry.Doshi@test.com|  5.5|
+--------------------+-----+

-------------------------------------------
Batch: 675
-------------------------------------------
+-------------------+-----+
|           customer|score|
+-------------------+-----+
|Sean.Abram@test.com| -1.5|
+-------------------+-----+

-------------------------------------------
Batch: 676
-------------------------------------------
+--------------------+-----+
|            customer|score|
+--------------------+-----+
|Senthil.Lincoln@t...| -1.0|
+--------------------+-----+

-------------------------------------------
Batch: 677
-------------------------------------------
+------------------+-----+
|          customer|score|
+------------------+-----+
|Dan.Mitra@test.com| -1.0|
+------------------+-----+

-------------------------------------------
Batch: 678
-------------------------------------------
+--------------------+-----+
|            customer|score|
+--------------------+-----+
|Suresh.Habschied@...| -3.5|
+--------------------+-----+

-------------------------------------------
Batch: 679
-------------------------------------------
+--------------------+-----+
|            customer|score|
+--------------------+-----+
|Jason.Habschied@t...| -3.5|
+--------------------+-----+

-------------------------------------------
Batch: 680
-------------------------------------------
+--------------------+-----+
|            customer|score|
+--------------------+-----+
|Jason.Khatib@test...| -2.5|
+--------------------+-----+

-------------------------------------------
Batch: 681
-------------------------------------------
+--------------------+-----+
|            customer|score|
+--------------------+-----+
|Craig.Sanchez@tes...| -5.0|
+--------------------+-----+

-------------------------------------------
Batch: 682
-------------------------------------------
+--------------------+-----+
|            customer|score|
+--------------------+-----+
|Eric.Hansen@test.com| -4.0|
+--------------------+-----+

-------------------------------------------
Batch: 683
-------------------------------------------
+--------------------+-----+
|            customer|score|
+--------------------+-----+
|Senthil.Staples@t...| -2.5|
+--------------------+-----+

-------------------------------------------
Batch: 684
-------------------------------------------
+--------------------+-----+
|            customer|score|
+--------------------+-----+
|Spencer.Howard@te...| -2.0|
+--------------------+-----+

-------------------------------------------
Batch: 685
-------------------------------------------
+--------------------+-----+
|            customer|score|
+--------------------+-----+
|Edward.Jones@test...| -3.5|
+--------------------+-----+

-------------------------------------------
Batch: 686
-------------------------------------------
+----------------+-----+
|        customer|score|
+----------------+-----+
|Eric.Wu@test.com| -4.5|
+----------------+-----+

-------------------------------------------
Batch: 687
-------------------------------------------
+--------------------+-----+
|            customer|score|
+--------------------+-----+
|Frank.Sanchez@tes...|  9.5|
+--------------------+-----+

-------------------------------------------
Batch: 688
-------------------------------------------
+--------------------+-----+
|            customer|score|
+--------------------+-----+
|Gail.Habschied@te...|  7.5|
+--------------------+-----+

-------------------------------------------
Batch: 689
-------------------------------------------
+--------------------+-----+
|            customer|score|
+--------------------+-----+
|Jerry.Jones@test.com|-14.5|
+--------------------+-----+

-------------------------------------------
Batch: 690
-------------------------------------------
+--------------------+-----+
|            customer|score|
+--------------------+-----+
|Santosh.Khatib@te...| 17.5|
+--------------------+-----+

-------------------------------------------
Batch: 691
-------------------------------------------
+--------------------+-----+
|            customer|score|
+--------------------+-----+
|Jason.Lincoln@tes...|-28.5|
+--------------------+-----+

-------------------------------------------
Batch: 692
-------------------------------------------
+--------------------+-----+
|            customer|score|
+--------------------+-----+
|Angie.Abram@test.com|-28.0|
+--------------------+-----+

-------------------------------------------
Batch: 693
-------------------------------------------
+--------------------+-----+
|            customer|score|
+--------------------+-----+
|Travis.Doshi@test...|-25.5|
+--------------------+-----+

-------------------------------------------
Batch: 694
-------------------------------------------
+-------------------+-----+
|           customer|score|
+-------------------+-----+
|Gail.Smith@test.com|  7.5|
+-------------------+-----+

-------------------------------------------
Batch: 695
-------------------------------------------
+-------------------+-----+
|           customer|score|
+-------------------+-----+
|Ben.Hansen@test.com| 22.5|
+-------------------+-----+

-------------------------------------------
Batch: 696
-------------------------------------------
+--------------------+-----+
|            customer|score|
+--------------------+-----+
|Santosh.Huey@test...| 28.0|
+--------------------+-----+

-------------------------------------------
Batch: 697
-------------------------------------------
+------------------+-----+
|          customer|score|
+------------------+-----+
|Lyn.Abram@test.com| -1.0|
+------------------+-----+

-------------------------------------------
Batch: 698
-------------------------------------------
+--------------------+-----+
|            customer|score|
+--------------------+-----+
|Trevor.Aristotle@...|-15.0|
+--------------------+-----+

-------------------------------------------
Batch: 699
-------------------------------------------
+--------------------+-----+
|            customer|score|
+--------------------+-----+
|Craig.Aristotle@t...| 12.0|
+--------------------+-----+

-------------------------------------------
Batch: 700
-------------------------------------------
+--------------------+-----+
|            customer|score|
+--------------------+-----+
|Lyn.Sanchez@test.com|-27.0|
+--------------------+-----+

-------------------------------------------
Batch: 701
-------------------------------------------
+--------------------+-----+
|            customer|score|
+--------------------+-----+
|Jerry.Doshi@test.com|-20.5|
+--------------------+-----+

-------------------------------------------
Batch: 702
-------------------------------------------
+-------------------+-----+
|           customer|score|
+-------------------+-----+
|Sean.Abram@test.com| -4.5|
+-------------------+-----+

-------------------------------------------
Batch: 703
-------------------------------------------
+--------------------+-----+
|            customer|score|
+--------------------+-----+
|Senthil.Lincoln@t...| -1.5|
+--------------------+-----+

-------------------------------------------
Batch: 704
-------------------------------------------
+------------------+-----+
|          customer|score|
+------------------+-----+
|Dan.Mitra@test.com| -0.5|
+------------------+-----+

-------------------------------------------
Batch: 705
-------------------------------------------
+--------------------+-----+
|            customer|score|
+--------------------+-----+
|Suresh.Habschied@...| -5.0|
+--------------------+-----+

-------------------------------------------
Batch: 706
-------------------------------------------
+--------------------+-----+
|            customer|score|
+--------------------+-----+
|Jason.Habschied@t...| -3.5|
+--------------------+-----+

-------------------------------------------
Batch: 707
-------------------------------------------
+--------------------+-----+
|            customer|score|
+--------------------+-----+
|Jason.Khatib@test...| -1.5|
+--------------------+-----+

-------------------------------------------
Batch: 708
-------------------------------------------
+--------------------+-----+
|            customer|score|
+--------------------+-----+
|Craig.Sanchez@tes...| -5.0|
+--------------------+-----+

-------------------------------------------
Batch: 709
-------------------------------------------
+--------------------+-----+
|            customer|score|
+--------------------+-----+
|Eric.Hansen@test.com| -4.0|
+--------------------+-----+

-------------------------------------------
Batch: 710
-------------------------------------------
+--------------------+-----+
|            customer|score|
+--------------------+-----+
|Senthil.Staples@t...| -1.5|
+--------------------+-----+

-------------------------------------------
Batch: 711
-------------------------------------------
+--------------------+-----+
|            customer|score|
+--------------------+-----+
|Spencer.Howard@te...| -3.0|
+--------------------+-----+

-------------------------------------------
Batch: 712
-------------------------------------------
+--------------------+-----+
|            customer|score|
+--------------------+-----+
|Edward.Jones@test...| -2.0|
+--------------------+-----+

-------------------------------------------
Batch: 713
-------------------------------------------
+----------------+-----+
|        customer|score|
+----------------+-----+
|Eric.Wu@test.com|-21.0|
+----------------+-----+

-------------------------------------------
Batch: 714
-------------------------------------------
+--------------------+-----+
|            customer|score|
+--------------------+-----+
|Frank.Sanchez@tes...| 19.5|
+--------------------+-----+

-------------------------------------------
Batch: 715
-------------------------------------------
+--------------------+-----+
|            customer|score|
+--------------------+-----+
|Gail.Habschied@te...|  8.5|
+--------------------+-----+

-------------------------------------------
Batch: 716
-------------------------------------------
+--------------------+-----+
|            customer|score|
+--------------------+-----+
|Jerry.Jones@test.com|-28.0|
+--------------------+-----+

-------------------------------------------
Batch: 717
-------------------------------------------
+--------------------+-----+
|            customer|score|
+--------------------+-----+
|Santosh.Khatib@te...| 21.5|
+--------------------+-----+

-------------------------------------------
Batch: 718
-------------------------------------------
+--------------------+-----+
|            customer|score|
+--------------------+-----+
|Jason.Lincoln@tes...| -5.5|
+--------------------+-----+

-------------------------------------------
Batch: 719
-------------------------------------------
+--------------------+-----+
|            customer|score|
+--------------------+-----+
|Angie.Abram@test.com| -8.5|
+--------------------+-----+

-------------------------------------------
Batch: 720
-------------------------------------------
+--------------------+-----+
|            customer|score|
+--------------------+-----+
|Travis.Doshi@test...|  7.0|
+--------------------+-----+

-------------------------------------------
Batch: 721
-------------------------------------------
+-------------------+-----+
|           customer|score|
+-------------------+-----+
|Gail.Smith@test.com| 10.0|
+-------------------+-----+

-------------------------------------------
Batch: 722
-------------------------------------------
+-------------------+-----+
|           customer|score|
+-------------------+-----+
|Ben.Hansen@test.com|  3.0|
+-------------------+-----+

-------------------------------------------
Batch: 723
-------------------------------------------
+--------------------+-----+
|            customer|score|
+--------------------+-----+
|Santosh.Huey@test...|  5.0|
+--------------------+-----+

-------------------------------------------
Batch: 724
-------------------------------------------
+------------------+-----+
|          customer|score|
+------------------+-----+
|Lyn.Abram@test.com| -4.5|
+------------------+-----+

-------------------------------------------
Batch: 725
-------------------------------------------
+--------------------+-----+
|            customer|score|
+--------------------+-----+
|Trevor.Aristotle@...|  5.5|
+--------------------+-----+

-------------------------------------------
Batch: 726
-------------------------------------------
+--------------------+-----+
|            customer|score|
+--------------------+-----+
|Craig.Aristotle@t...|  9.5|
+--------------------+-----+

-------------------------------------------
Batch: 727
-------------------------------------------
+--------------------+-----+
|            customer|score|
+--------------------+-----+
|Lyn.Sanchez@test.com|  5.5|
+--------------------+-----+

-------------------------------------------
Batch: 728
-------------------------------------------
+--------------------+-----+
|            customer|score|
+--------------------+-----+
|Jerry.Doshi@test.com|-31.5|
+--------------------+-----+

-------------------------------------------
Batch: 729
-------------------------------------------
+-------------------+-----+
|           customer|score|
+-------------------+-----+
|Sean.Abram@test.com| -5.5|
+-------------------+-----+

-------------------------------------------
Batch: 730
-------------------------------------------
+--------------------+-----+
|            customer|score|
+--------------------+-----+
|Senthil.Lincoln@t...| -4.0|
+--------------------+-----+

-------------------------------------------
Batch: 731
-------------------------------------------
+------------------+-----+
|          customer|score|
+------------------+-----+
|Dan.Mitra@test.com| -0.5|
+------------------+-----+

-------------------------------------------
Batch: 732
-------------------------------------------
+--------------------+-----+
|            customer|score|
+--------------------+-----+
|Suresh.Habschied@...| -5.0|
+--------------------+-----+

-------------------------------------------
Batch: 733
-------------------------------------------
+--------------------+-----+
|            customer|score|
+--------------------+-----+
|Jason.Habschied@t...| -3.0|
+--------------------+-----+

-------------------------------------------
Batch: 734
-------------------------------------------
+--------------------+-----+
|            customer|score|
+--------------------+-----+
|Jason.Khatib@test...| -2.0|
+--------------------+-----+

-------------------------------------------
Batch: 735
-------------------------------------------
+--------------------+-----+
|            customer|score|
+--------------------+-----+
|Craig.Sanchez@tes...| -5.5|
+--------------------+-----+

-------------------------------------------
Batch: 736
-------------------------------------------
+--------------------+-----+
|            customer|score|
+--------------------+-----+
|Eric.Hansen@test.com| -3.0|
+--------------------+-----+

-------------------------------------------
Batch: 737
-------------------------------------------
+--------------------+-----+
|            customer|score|
+--------------------+-----+
|Senthil.Staples@t...| -2.5|
+--------------------+-----+

-------------------------------------------
Batch: 738
-------------------------------------------
+--------------------+-----+
|            customer|score|
+--------------------+-----+
|Spencer.Howard@te...| -4.0|
+--------------------+-----+

-------------------------------------------
Batch: 739
-------------------------------------------
+--------------------+-----+
|            customer|score|
+--------------------+-----+
|Edward.Jones@test...| -1.5|
+--------------------+-----+

-------------------------------------------
Batch: 740
-------------------------------------------
+----------------+-----+
|        customer|score|
+----------------+-----+
|Eric.Wu@test.com|-15.5|
+----------------+-----+

-------------------------------------------
Batch: 741
-------------------------------------------
+--------------------+-----+
|            customer|score|
+--------------------+-----+
|Frank.Sanchez@tes...|  2.0|
+--------------------+-----+

-------------------------------------------
Batch: 742
-------------------------------------------
+--------------------+-----+
|            customer|score|
+--------------------+-----+
|Gail.Habschied@te...| -4.5|
+--------------------+-----+

-------------------------------------------
Batch: 743
-------------------------------------------
+--------------------+-----+
|            customer|score|
+--------------------+-----+
|Jerry.Jones@test.com| 11.5|
+--------------------+-----+

-------------------------------------------
Batch: 744
-------------------------------------------
+--------------------+-----+
|            customer|score|
+--------------------+-----+
|Santosh.Khatib@te...|  1.0|
+--------------------+-----+

-------------------------------------------
Batch: 745
-------------------------------------------
+--------------------+-----+
|            customer|score|
+--------------------+-----+
|Jason.Lincoln@tes...| -0.5|
+--------------------+-----+

-------------------------------------------
Batch: 746
-------------------------------------------
+--------------------+-----+
|            customer|score|
+--------------------+-----+
|Angie.Abram@test.com| -6.0|
+--------------------+-----+

-------------------------------------------
Batch: 747
-------------------------------------------
+--------------------+-----+
|            customer|score|
+--------------------+-----+
|Travis.Doshi@test...| 24.5|
+--------------------+-----+

-------------------------------------------
Batch: 748
-------------------------------------------
+-------------------+-----+
|           customer|score|
+-------------------+-----+
|Gail.Smith@test.com|-15.0|
+-------------------+-----+

-------------------------------------------
Batch: 749
-------------------------------------------
+-------------------+-----+
|           customer|score|
+-------------------+-----+
|Ben.Hansen@test.com| -5.0|
+-------------------+-----+

-------------------------------------------
Batch: 750
-------------------------------------------
+--------------------+-----+
|            customer|score|
+--------------------+-----+
|Santosh.Huey@test...|-23.0|
+--------------------+-----+

-------------------------------------------
Batch: 751
-------------------------------------------
+------------------+-----+
|          customer|score|
+------------------+-----+
|Lyn.Abram@test.com|  4.0|
+------------------+-----+

-------------------------------------------
Batch: 752
-------------------------------------------
+--------------------+-----+
|            customer|score|
+--------------------+-----+
|Trevor.Aristotle@...| -1.5|
+--------------------+-----+

-------------------------------------------
Batch: 753
-------------------------------------------
+--------------------+-----+
|            customer|score|
+--------------------+-----+
|Craig.Aristotle@t...|-12.5|
+--------------------+-----+

-------------------------------------------
Batch: 754
-------------------------------------------
+--------------------+-----+
|            customer|score|
+--------------------+-----+
|Lyn.Sanchez@test.com| 15.5|
+--------------------+-----+

-------------------------------------------
Batch: 755
-------------------------------------------
+--------------------+-----+
|            customer|score|
+--------------------+-----+
|Jerry.Doshi@test.com|  0.0|
+--------------------+-----+

-------------------------------------------
Batch: 756
-------------------------------------------
+-------------------+-----+
|           customer|score|
+-------------------+-----+
|Sean.Abram@test.com| -4.0|
+-------------------+-----+

-------------------------------------------
Batch: 757
-------------------------------------------
+--------------------+-----+
|            customer|score|
+--------------------+-----+
|Senthil.Lincoln@t...| -5.0|
+--------------------+-----+

-------------------------------------------
Batch: 758
-------------------------------------------
+------------------+-----+
|          customer|score|
+------------------+-----+
|Dan.Mitra@test.com| -1.5|
+------------------+-----+

-------------------------------------------
Batch: 759
-------------------------------------------
+--------------------+-----+
|            customer|score|
+--------------------+-----+
|Suresh.Habschied@...| -4.0|
+--------------------+-----+

-------------------------------------------
Batch: 760
-------------------------------------------
+--------------------+-----+
|            customer|score|
+--------------------+-----+
|Jason.Habschied@t...| -3.0|
+--------------------+-----+

-------------------------------------------
Batch: 761
-------------------------------------------
+--------------------+-----+
|            customer|score|
+--------------------+-----+
|Jason.Khatib@test...| -3.5|
+--------------------+-----+

-------------------------------------------
Batch: 762
-------------------------------------------
+--------------------+-----+
|            customer|score|
+--------------------+-----+
|Craig.Sanchez@tes...| -5.5|
+--------------------+-----+

-------------------------------------------
Batch: 763
-------------------------------------------
+--------------------+-----+
|            customer|score|
+--------------------+-----+
|Eric.Hansen@test.com| -4.0|
+--------------------+-----+

-------------------------------------------
Batch: 764
-------------------------------------------
+--------------------+-----+
|            customer|score|
+--------------------+-----+
|Senthil.Staples@t...| -2.0|
+--------------------+-----+

-------------------------------------------
Batch: 765
-------------------------------------------
+--------------------+-----+
|            customer|score|
+--------------------+-----+
|Spencer.Howard@te...| -4.0|
+--------------------+-----+

-------------------------------------------
Batch: 766
-------------------------------------------
+--------------------+-----+
|            customer|score|
+--------------------+-----+
|Edward.Jones@test...| -2.5|
+--------------------+-----+

-------------------------------------------
Batch: 767
-------------------------------------------
+----------------+-----+
|        customer|score|
+----------------+-----+
|Eric.Wu@test.com| -2.0|
+----------------+-----+

-------------------------------------------
Batch: 768
-------------------------------------------
+--------------------+-----+
|            customer|score|
+--------------------+-----+
|Frank.Sanchez@tes...|  7.5|
+--------------------+-----+

-------------------------------------------
Batch: 769
-------------------------------------------
+--------------------+-----+
|            customer|score|
+--------------------+-----+
|Gail.Habschied@te...| -1.5|
+--------------------+-----+

-------------------------------------------
Batch: 770
-------------------------------------------
+--------------------+-----+
|            customer|score|
+--------------------+-----+
|Jerry.Jones@test.com| 20.5|
+--------------------+-----+

-------------------------------------------
Batch: 771
-------------------------------------------
+--------------------+-----+
|            customer|score|
+--------------------+-----+
|Santosh.Khatib@te...| -3.5|
+--------------------+-----+

-------------------------------------------
Batch: 772
-------------------------------------------
+--------------------+-----+
|            customer|score|
+--------------------+-----+
|Jason.Lincoln@tes...|  4.5|
+--------------------+-----+

-------------------------------------------
Batch: 773
-------------------------------------------
+--------------------+-----+
|            customer|score|
+--------------------+-----+
|Angie.Abram@test.com|-14.0|
+--------------------+-----+

-------------------------------------------
Batch: 774
-------------------------------------------
+--------------------+-----+
|            customer|score|
+--------------------+-----+
|Travis.Doshi@test...| -9.5|
+--------------------+-----+

-------------------------------------------
Batch: 775
-------------------------------------------
+-------------------+-----+
|           customer|score|
+-------------------+-----+
|Gail.Smith@test.com| -6.5|
+-------------------+-----+

-------------------------------------------
Batch: 776
-------------------------------------------
+-------------------+-----+
|           customer|score|
+-------------------+-----+
|Ben.Hansen@test.com|  3.5|
+-------------------+-----+

-------------------------------------------
Batch: 777
-------------------------------------------
+--------------------+-----+
|            customer|score|
+--------------------+-----+
|Santosh.Huey@test...|-24.5|
+--------------------+-----+

-------------------------------------------
Batch: 778
-------------------------------------------
+------------------+-----+
|          customer|score|
+------------------+-----+
|Lyn.Abram@test.com|  0.5|
+------------------+-----+

-------------------------------------------
Batch: 779
-------------------------------------------
+--------------------+-----+
|            customer|score|
+--------------------+-----+
|Trevor.Aristotle@...| -7.0|
+--------------------+-----+

-------------------------------------------
Batch: 780
-------------------------------------------
+--------------------+-----+
|            customer|score|
+--------------------+-----+
|Craig.Aristotle@t...|-13.0|
+--------------------+-----+

-------------------------------------------
Batch: 781
-------------------------------------------
+--------------------+-----+
|            customer|score|
+--------------------+-----+
|Lyn.Sanchez@test.com|-17.5|
+--------------------+-----+

-------------------------------------------
Batch: 782
-------------------------------------------
+--------------------+-----+
|            customer|score|
+--------------------+-----+
|Jerry.Doshi@test.com| 19.0|
+--------------------+-----+

-------------------------------------------
Batch: 783
-------------------------------------------
+-------------------+-----+
|           customer|score|
+-------------------+-----+
|Sean.Abram@test.com| -3.0|
+-------------------+-----+

-------------------------------------------
Batch: 784
-------------------------------------------
+--------------------+-----+
|            customer|score|
+--------------------+-----+
|Senthil.Lincoln@t...| -5.0|
+--------------------+-----+

-------------------------------------------
Batch: 785
-------------------------------------------
+------------------+-----+
|          customer|score|
+------------------+-----+
|Dan.Mitra@test.com| -2.5|
+------------------+-----+

-------------------------------------------
Batch: 786
-------------------------------------------
+--------------------+-----+
|            customer|score|
+--------------------+-----+
|Suresh.Habschied@...| -3.0|
+--------------------+-----+

-------------------------------------------
Batch: 787
-------------------------------------------
+--------------------+-----+
|            customer|score|
+--------------------+-----+
|Jason.Habschied@t...| -1.5|
+--------------------+-----+

-------------------------------------------
Batch: 788
-------------------------------------------
+--------------------+-----+
|            customer|score|
+--------------------+-----+
|Jason.Khatib@test...| -3.5|
+--------------------+-----+

-------------------------------------------
Batch: 789
-------------------------------------------
+--------------------+-----+
|            customer|score|
+--------------------+-----+
|Craig.Sanchez@tes...| -4.5|
+--------------------+-----+

-------------------------------------------
Batch: 790
-------------------------------------------
+--------------------+-----+
|            customer|score|
+--------------------+-----+
|Eric.Hansen@test.com| -5.0|
+--------------------+-----+

-------------------------------------------
Batch: 791
-------------------------------------------
+--------------------+-----+
|            customer|score|
+--------------------+-----+
|Senthil.Staples@t...| -1.5|
+--------------------+-----+

-------------------------------------------
Batch: 792
-------------------------------------------
+--------------------+-----+
|            customer|score|
+--------------------+-----+
|Spencer.Howard@te...| -4.5|
+--------------------+-----+

-------------------------------------------
Batch: 793
-------------------------------------------
+--------------------+-----+
|            customer|score|
+--------------------+-----+
|Edward.Jones@test...| -2.0|
+--------------------+-----+

-------------------------------------------
Batch: 794
-------------------------------------------
+----------------+-----+
|        customer|score|
+----------------+-----+
|Eric.Wu@test.com|  8.0|
+----------------+-----+

-------------------------------------------
Batch: 795
-------------------------------------------
+--------------------+-----+
|            customer|score|
+--------------------+-----+
|Frank.Sanchez@tes...| 20.5|
+--------------------+-----+

-------------------------------------------
Batch: 796
-------------------------------------------
+--------------------+-----+
|            customer|score|
+--------------------+-----+
|Gail.Habschied@te...|-13.5|
+--------------------+-----+

-------------------------------------------
Batch: 797
-------------------------------------------
+--------------------+-----+
|            customer|score|
+--------------------+-----+
|Jerry.Jones@test.com|-18.0|
+--------------------+-----+

-------------------------------------------
Batch: 798
-------------------------------------------
+--------------------+-----+
|            customer|score|
+--------------------+-----+
|Santosh.Khatib@te...|-17.0|
+--------------------+-----+

-------------------------------------------
Batch: 799
-------------------------------------------
+--------------------+-----+
|            customer|score|
+--------------------+-----+
|Jason.Lincoln@tes...| 24.5|
+--------------------+-----+

-------------------------------------------
Batch: 800
-------------------------------------------
+--------------------+-----+
|            customer|score|
+--------------------+-----+
|Angie.Abram@test.com| 14.5|
+--------------------+-----+

-------------------------------------------
Batch: 801
-------------------------------------------
+--------------------+-----+
|            customer|score|
+--------------------+-----+
|Travis.Doshi@test...|-26.0|
+--------------------+-----+

-------------------------------------------
Batch: 802
-------------------------------------------
+-------------------+-----+
|           customer|score|
+-------------------+-----+
|Gail.Smith@test.com|  5.5|
+-------------------+-----+

-------------------------------------------
Batch: 803
-------------------------------------------
+-------------------+-----+
|           customer|score|
+-------------------+-----+
|Ben.Hansen@test.com|-16.5|
+-------------------+-----+

-------------------------------------------
Batch: 804
-------------------------------------------
+--------------------+-----+
|            customer|score|
+--------------------+-----+
|Santosh.Huey@test...|-13.0|
+--------------------+-----+

-------------------------------------------
Batch: 805
-------------------------------------------
+------------------+-----+
|          customer|score|
+------------------+-----+
|Lyn.Abram@test.com|-20.5|
+------------------+-----+

-------------------------------------------
Batch: 806
-------------------------------------------
+--------------------+-----+
|            customer|score|
+--------------------+-----+
|Trevor.Aristotle@...| -2.0|
+--------------------+-----+

-------------------------------------------
Batch: 807
-------------------------------------------
+--------------------+-----+
|            customer|score|
+--------------------+-----+
|Craig.Aristotle@t...| 15.0|
+--------------------+-----+

-------------------------------------------
Batch: 808
-------------------------------------------
+--------------------+-----+
|            customer|score|
+--------------------+-----+
|Lyn.Sanchez@test.com| -3.0|
+--------------------+-----+

-------------------------------------------
Batch: 809
-------------------------------------------
+--------------------+-----+
|            customer|score|
+--------------------+-----+
|Jerry.Doshi@test.com|-19.0|
+--------------------+-----+

-------------------------------------------
Batch: 810
-------------------------------------------
+-------------------+-----+
|           customer|score|
+-------------------+-----+
|Sean.Abram@test.com| -3.0|
+-------------------+-----+

-------------------------------------------
Batch: 811
-------------------------------------------
+--------------------+-----+
|            customer|score|
+--------------------+-----+
|Senthil.Lincoln@t...| -3.5|
+--------------------+-----+

-------------------------------------------
Batch: 812
-------------------------------------------
+------------------+-----+
|          customer|score|
+------------------+-----+
|Dan.Mitra@test.com| -4.0|
+------------------+-----+

-------------------------------------------
Batch: 813
-------------------------------------------
+--------------------+-----+
|            customer|score|
+--------------------+-----+
|Suresh.Habschied@...| -3.0|
+--------------------+-----+

-------------------------------------------
Batch: 814
-------------------------------------------
+--------------------+-----+
|            customer|score|
+--------------------+-----+
|Jason.Habschied@t...| -0.5|
+--------------------+-----+

-------------------------------------------
Batch: 815
-------------------------------------------
+--------------------+-----+
|            customer|score|
+--------------------+-----+
|Jason.Khatib@test...| -3.0|
+--------------------+-----+

-------------------------------------------
Batch: 816
-------------------------------------------
+--------------------+-----+
|            customer|score|
+--------------------+-----+
|Craig.Sanchez@tes...| -3.0|
+--------------------+-----+

-------------------------------------------
Batch: 817
-------------------------------------------
+--------------------+-----+
|            customer|score|
+--------------------+-----+
|Eric.Hansen@test.com| -4.0|
+--------------------+-----+

-------------------------------------------
Batch: 818
-------------------------------------------
+--------------------+-----+
|            customer|score|
+--------------------+-----+
|Senthil.Staples@t...| -2.5|
+--------------------+-----+

-------------------------------------------
Batch: 819
-------------------------------------------
+--------------------+-----+
|            customer|score|
+--------------------+-----+
|Spencer.Howard@te...| -4.0|
+--------------------+-----+

-------------------------------------------
Batch: 820
-------------------------------------------
+--------------------+-----+
|            customer|score|
+--------------------+-----+
|Edward.Jones@test...| -1.0|
+--------------------+-----+

-------------------------------------------
Batch: 821
-------------------------------------------
+----------------+-----+
|        customer|score|
+----------------+-----+
|Eric.Wu@test.com| -8.5|
+----------------+-----+

-------------------------------------------
Batch: 822
-------------------------------------------
+--------------------+-----+
|            customer|score|
+--------------------+-----+
|Frank.Sanchez@tes...|  5.5|
+--------------------+-----+

-------------------------------------------
Batch: 823
-------------------------------------------
+--------------------+-----+
|            customer|score|
+--------------------+-----+
|Gail.Habschied@te...|-33.5|
+--------------------+-----+

-------------------------------------------
Batch: 824
-------------------------------------------
+--------------------+-----+
|            customer|score|
+--------------------+-----+
|Jerry.Jones@test.com|-13.5|
+--------------------+-----+

-------------------------------------------
Batch: 825
-------------------------------------------
+--------------------+-----+
|            customer|score|
+--------------------+-----+
|Santosh.Khatib@te...|-18.5|
+--------------------+-----+

-------------------------------------------
Batch: 826
-------------------------------------------
+--------------------+-----+
|            customer|score|
+--------------------+-----+
|Jason.Lincoln@tes...| 29.5|
+--------------------+-----+

-------------------------------------------
Batch: 827
-------------------------------------------
+--------------------+-----+
|            customer|score|
+--------------------+-----+
|Angie.Abram@test.com| 36.0|
+--------------------+-----+

-------------------------------------------
Batch: 828
-------------------------------------------
+--------------------+-----+
|            customer|score|
+--------------------+-----+
|Travis.Doshi@test...|  6.5|
+--------------------+-----+

-------------------------------------------
Batch: 829
-------------------------------------------
+-------------------+-----+
|           customer|score|
+-------------------+-----+
|Gail.Smith@test.com|  4.0|
+-------------------+-----+

-------------------------------------------
Batch: 830
-------------------------------------------
+-------------------+-----+
|           customer|score|
+-------------------+-----+
|Ben.Hansen@test.com|-20.5|
+-------------------+-----+

-------------------------------------------
Batch: 831
-------------------------------------------
+--------------------+-----+
|            customer|score|
+--------------------+-----+
|Santosh.Huey@test...|  0.5|
+--------------------+-----+

-------------------------------------------
Batch: 832
-------------------------------------------
+------------------+-----+
|          customer|score|
+------------------+-----+
|Lyn.Abram@test.com|-16.0|
+------------------+-----+

-------------------------------------------
Batch: 833
-------------------------------------------
+--------------------+-----+
|            customer|score|
+--------------------+-----+
|Trevor.Aristotle@...|  4.0|
+--------------------+-----+

-------------------------------------------
Batch: 834
-------------------------------------------
+--------------------+-----+
|            customer|score|
+--------------------+-----+
|Craig.Aristotle@t...| 35.5|
+--------------------+-----+

-------------------------------------------
Batch: 835
-------------------------------------------
+--------------------+-----+
|            customer|score|
+--------------------+-----+
|Lyn.Sanchez@test.com| 18.5|
+--------------------+-----+

-------------------------------------------
Batch: 836
-------------------------------------------
+--------------------+-----+
|            customer|score|
+--------------------+-----+
|Jerry.Doshi@test.com| -0.5|
+--------------------+-----+

-------------------------------------------
Batch: 837
-------------------------------------------
+-------------------+-----+
|           customer|score|
+-------------------+-----+
|Sean.Abram@test.com| -3.0|
+-------------------+-----+

-------------------------------------------
Batch: 838
-------------------------------------------
+--------------------+-----+
|            customer|score|
+--------------------+-----+
|Senthil.Lincoln@t...| -2.5|
+--------------------+-----+

-------------------------------------------
Batch: 839
-------------------------------------------
+------------------+-----+
|          customer|score|
+------------------+-----+
|Dan.Mitra@test.com| -5.0|
+------------------+-----+

-------------------------------------------
Batch: 840
-------------------------------------------
+--------------------+-----+
|            customer|score|
+--------------------+-----+
|Suresh.Habschied@...| -3.0|
+--------------------+-----+

-------------------------------------------
Batch: 841
-------------------------------------------
+--------------------+-----+
|            customer|score|
+--------------------+-----+
|Jason.Habschied@t...| -1.5|
+--------------------+-----+

-------------------------------------------
Batch: 842
-------------------------------------------
+--------------------+-----+
|            customer|score|
+--------------------+-----+
|Jason.Khatib@test...| -3.5|
+--------------------+-----+

-------------------------------------------
Batch: 843
-------------------------------------------
+--------------------+-----+
|            customer|score|
+--------------------+-----+
|Craig.Sanchez@tes...| -2.5|
+--------------------+-----+

-------------------------------------------
Batch: 844
-------------------------------------------
+--------------------+-----+
|            customer|score|
+--------------------+-----+
|Eric.Hansen@test.com| -2.0|
+--------------------+-----+

-------------------------------------------
Batch: 845
-------------------------------------------
+--------------------+-----+
|            customer|score|
+--------------------+-----+
|Senthil.Staples@t...| -3.5|
+--------------------+-----+

-------------------------------------------
Batch: 846
-------------------------------------------
+--------------------+-----+
|            customer|score|
+--------------------+-----+
|Spencer.Howard@te...| -3.5|
+--------------------+-----+

-------------------------------------------
Batch: 847
-------------------------------------------
+--------------------+-----+
|            customer|score|
+--------------------+-----+
|Edward.Jones@test...| -2.0|
+--------------------+-----+

-------------------------------------------
Batch: 848
-------------------------------------------
+----------------+-----+
|        customer|score|
+----------------+-----+
|Eric.Wu@test.com|  6.0|
+----------------+-----+

-------------------------------------------
Batch: 849
-------------------------------------------
+--------------------+-----+
|            customer|score|
+--------------------+-----+
|Frank.Sanchez@tes...|-26.5|
+--------------------+-----+

-------------------------------------------
Batch: 850
-------------------------------------------
+--------------------+-----+
|            customer|score|
+--------------------+-----+
|Gail.Habschied@te...|  4.5|
+--------------------+-----+

-------------------------------------------
Batch: 851
-------------------------------------------
+--------------------+-----+
|            customer|score|
+--------------------+-----+
|Jerry.Jones@test.com| 16.0|
+--------------------+-----+

-------------------------------------------
Batch: 852
-------------------------------------------
+--------------------+-----+
|            customer|score|
+--------------------+-----+
|Santosh.Khatib@te...| 24.0|
+--------------------+-----+

-------------------------------------------
Batch: 853
-------------------------------------------
+--------------------+-----+
|            customer|score|
+--------------------+-----+
|Jason.Lincoln@tes...|  7.5|
+--------------------+-----+

-------------------------------------------
Batch: 854
-------------------------------------------
+--------------------+-----+
|            customer|score|
+--------------------+-----+
|Angie.Abram@test.com|  4.0|
+--------------------+-----+

-------------------------------------------
Batch: 855
-------------------------------------------
+--------------------+-----+
|            customer|score|
+--------------------+-----+
|Travis.Doshi@test...| 20.5|
+--------------------+-----+

-------------------------------------------
Batch: 856
-------------------------------------------
+-------------------+-----+
|           customer|score|
+-------------------+-----+
|Gail.Smith@test.com|-13.5|
+-------------------+-----+

-------------------------------------------
Batch: 857
-------------------------------------------
+-------------------+-----+
|           customer|score|
+-------------------+-----+
|Ben.Hansen@test.com| 10.5|
+-------------------+-----+

-------------------------------------------
Batch: 858
-------------------------------------------
+--------------------+-----+
|            customer|score|
+--------------------+-----+
|Santosh.Huey@test...| 20.0|
+--------------------+-----+

-------------------------------------------
Batch: 859
-------------------------------------------
+------------------+-----+
|          customer|score|
+------------------+-----+
|Lyn.Abram@test.com| -2.0|
+------------------+-----+

-------------------------------------------
Batch: 860
-------------------------------------------
+--------------------+-----+
|            customer|score|
+--------------------+-----+
|Trevor.Aristotle@...| 26.0|
+--------------------+-----+

-------------------------------------------
Batch: 861
-------------------------------------------
+--------------------+-----+
|            customer|score|
+--------------------+-----+
|Craig.Aristotle@t...| 18.5|
+--------------------+-----+

-------------------------------------------
Batch: 862
-------------------------------------------
+--------------------+-----+
|            customer|score|
+--------------------+-----+
|Lyn.Sanchez@test.com| -2.5|
+--------------------+-----+

-------------------------------------------
Batch: 863
-------------------------------------------
+--------------------+-----+
|            customer|score|
+--------------------+-----+
|Jerry.Doshi@test.com| 20.0|
+--------------------+-----+

-------------------------------------------
Batch: 864
-------------------------------------------
+-------------------+-----+
|           customer|score|
+-------------------+-----+
|Sean.Abram@test.com| -2.5|
+-------------------+-----+

-------------------------------------------
Batch: 865
-------------------------------------------
+--------------------+-----+
|            customer|score|
+--------------------+-----+
|Senthil.Lincoln@t...| -4.0|
+--------------------+-----+

-------------------------------------------
Batch: 866
-------------------------------------------
+------------------+-----+
|          customer|score|
+------------------+-----+
|Dan.Mitra@test.com| -3.5|
+------------------+-----+

-------------------------------------------
Batch: 867
-------------------------------------------
+--------------------+-----+
|            customer|score|
+--------------------+-----+
|Suresh.Habschied@...| -4.0|
+--------------------+-----+

-------------------------------------------
Batch: 868
-------------------------------------------
+--------------------+-----+
|            customer|score|
+--------------------+-----+
|Jason.Habschied@t...| -2.5|
+--------------------+-----+

-------------------------------------------
Batch: 869
-------------------------------------------
+--------------------+-----+
|            customer|score|
+--------------------+-----+
|Jason.Khatib@test...| -4.0|
+--------------------+-----+

-------------------------------------------
Batch: 870
-------------------------------------------
+--------------------+-----+
|            customer|score|
+--------------------+-----+
|Craig.Sanchez@tes...| -4.0|
+--------------------+-----+

-------------------------------------------
Batch: 871
-------------------------------------------
+--------------------+-----+
|            customer|score|
+--------------------+-----+
|Eric.Hansen@test.com| -1.0|
+--------------------+-----+

-------------------------------------------
Batch: 872
-------------------------------------------
+--------------------+-----+
|            customer|score|
+--------------------+-----+
|Senthil.Staples@t...| -4.0|
+--------------------+-----+

-------------------------------------------
Batch: 873
-------------------------------------------
+--------------------+-----+
|            customer|score|
+--------------------+-----+
|Spencer.Howard@te...| -3.5|
+--------------------+-----+

-------------------------------------------
Batch: 874
-------------------------------------------
+--------------------+-----+
|            customer|score|
+--------------------+-----+
|Edward.Jones@test...| -3.0|
+--------------------+-----+

-------------------------------------------
Batch: 875
-------------------------------------------
+----------------+-----+
|        customer|score|
+----------------+-----+
|Eric.Wu@test.com| 14.5|
+----------------+-----+

-------------------------------------------
Batch: 876
-------------------------------------------
+--------------------+-----+
|            customer|score|
+--------------------+-----+
|Frank.Sanchez@tes...|-25.5|
+--------------------+-----+

-------------------------------------------
Batch: 877
-------------------------------------------
+--------------------+-----+
|            customer|score|
+--------------------+-----+
|Gail.Habschied@te...| 11.5|
+--------------------+-----+

-------------------------------------------
Batch: 878
-------------------------------------------
+--------------------+-----+
|            customer|score|
+--------------------+-----+
|Jerry.Jones@test.com| 17.0|
+--------------------+-----+

-------------------------------------------
Batch: 879
-------------------------------------------
+--------------------+-----+
|            customer|score|
+--------------------+-----+
|Santosh.Khatib@te...| 22.0|
+--------------------+-----+

-------------------------------------------
Batch: 880
-------------------------------------------
+--------------------+-----+
|            customer|score|
+--------------------+-----+
|Jason.Lincoln@tes...|-15.0|
+--------------------+-----+

-------------------------------------------
Batch: 881
-------------------------------------------
+--------------------+-----+
|            customer|score|
+--------------------+-----+
|Angie.Abram@test.com|-17.0|
+--------------------+-----+

-------------------------------------------
Batch: 882
-------------------------------------------
+--------------------+-----+
|            customer|score|
+--------------------+-----+
|Travis.Doshi@test...| 18.0|
+--------------------+-----+

-------------------------------------------
Batch: 883
-------------------------------------------
+-------------------+-----+
|           customer|score|
+-------------------+-----+
|Gail.Smith@test.com|-17.5|
+-------------------+-----+

-------------------------------------------
Batch: 884
-------------------------------------------
+-------------------+-----+
|           customer|score|
+-------------------+-----+
|Ben.Hansen@test.com| 22.0|
+-------------------+-----+

-------------------------------------------
Batch: 885
-------------------------------------------
+--------------------+-----+
|            customer|score|
+--------------------+-----+
|Santosh.Huey@test...| 24.0|
+--------------------+-----+

-------------------------------------------
Batch: 886
-------------------------------------------
+------------------+-----+
|          customer|score|
+------------------+-----+
|Lyn.Abram@test.com| 26.5|
+------------------+-----+

-------------------------------------------
Batch: 887
-------------------------------------------
+--------------------+-----+
|            customer|score|
+--------------------+-----+
|Trevor.Aristotle@...| 10.5|
+--------------------+-----+

-------------------------------------------
Batch: 888
-------------------------------------------
+--------------------+-----+
|            customer|score|
+--------------------+-----+
|Craig.Aristotle@t...|-12.5|
+--------------------+-----+

-------------------------------------------
Batch: 889
-------------------------------------------
+--------------------+-----+
|            customer|score|
+--------------------+-----+
|Lyn.Sanchez@test.com|  9.5|
+--------------------+-----+

-------------------------------------------
Batch: 890
-------------------------------------------
+--------------------+-----+
|            customer|score|
+--------------------+-----+
|Jerry.Doshi@test.com| -7.5|
+--------------------+-----+

-------------------------------------------
Batch: 891
-------------------------------------------
+-------------------+-----+
|           customer|score|
+-------------------+-----+
|Sean.Abram@test.com| -2.0|
+-------------------+-----+

-------------------------------------------
Batch: 892
-------------------------------------------
+--------------------+-----+
|            customer|score|
+--------------------+-----+
|Senthil.Lincoln@t...| -5.0|
+--------------------+-----+

-------------------------------------------
Batch: 893
-------------------------------------------
+------------------+-----+
|          customer|score|
+------------------+-----+
|Dan.Mitra@test.com| -1.0|
+------------------+-----+

-------------------------------------------
Batch: 894
-------------------------------------------
+--------------------+-----+
|            customer|score|
+--------------------+-----+
|Suresh.Habschied@...| -4.0|
+--------------------+-----+

-------------------------------------------
Batch: 895
-------------------------------------------
+--------------------+-----+
|            customer|score|
+--------------------+-----+
|Jason.Habschied@t...| -2.5|
+--------------------+-----+

-------------------------------------------
Batch: 896
-------------------------------------------
+--------------------+-----+
|            customer|score|
+--------------------+-----+
|Jason.Khatib@test...| -3.0|
+--------------------+-----+

-------------------------------------------
Batch: 897
-------------------------------------------
+--------------------+-----+
|            customer|score|
+--------------------+-----+
|Craig.Sanchez@tes...| -3.5|
+--------------------+-----+

-------------------------------------------
Batch: 898
-------------------------------------------
+--------------------+-----+
|            customer|score|
+--------------------+-----+
|Eric.Hansen@test.com| -2.0|
+--------------------+-----+

-------------------------------------------
Batch: 899
-------------------------------------------
+--------------------+-----+
|            customer|score|
+--------------------+-----+
|Senthil.Staples@t...| -3.0|
+--------------------+-----+

-------------------------------------------
Batch: 900
-------------------------------------------
+--------------------+-----+
|            customer|score|
+--------------------+-----+
|Spencer.Howard@te...| -1.5|
+--------------------+-----+

-------------------------------------------
Batch: 901
-------------------------------------------
+--------------------+-----+
|            customer|score|
+--------------------+-----+
|Edward.Jones@test...| -2.0|
+--------------------+-----+

-------------------------------------------
Batch: 902
-------------------------------------------
+----------------+-----+
|        customer|score|
+----------------+-----+
|Eric.Wu@test.com|  1.5|
+----------------+-----+

-------------------------------------------
Batch: 903
-------------------------------------------
+--------------------+-----+
|            customer|score|
+--------------------+-----+
|Frank.Sanchez@tes...| 11.5|
+--------------------+-----+

-------------------------------------------
Batch: 904
-------------------------------------------
+--------------------+-----+
|            customer|score|
+--------------------+-----+
|Gail.Habschied@te...|-27.5|
+--------------------+-----+

-------------------------------------------
Batch: 905
-------------------------------------------
+--------------------+-----+
|            customer|score|
+--------------------+-----+
|Jerry.Jones@test.com|  2.0|
+--------------------+-----+

-------------------------------------------
Batch: 906
-------------------------------------------
+--------------------+-----+
|            customer|score|
+--------------------+-----+
|Santosh.Khatib@te...| -5.5|
+--------------------+-----+

-------------------------------------------
Batch: 907
-------------------------------------------
+--------------------+-----+
|            customer|score|
+--------------------+-----+
|Jason.Lincoln@tes...|-28.5|
+--------------------+-----+

-------------------------------------------
Batch: 908
-------------------------------------------
+--------------------+-----+
|            customer|score|
+--------------------+-----+
|Angie.Abram@test.com|  3.0|
+--------------------+-----+

-------------------------------------------
Batch: 909
-------------------------------------------
+--------------------+-----+
|            customer|score|
+--------------------+-----+
|Travis.Doshi@test...| 12.0|
+--------------------+-----+

-------------------------------------------
Batch: 910
-------------------------------------------
+-------------------+-----+
|           customer|score|
+-------------------+-----+
|Gail.Smith@test.com|  9.5|
+-------------------+-----+

-------------------------------------------
Batch: 911
-------------------------------------------
+-------------------+-----+
|           customer|score|
+-------------------+-----+
|Ben.Hansen@test.com|  3.0|
+-------------------+-----+

-------------------------------------------
Batch: 912
-------------------------------------------
+--------------------+-----+
|            customer|score|
+--------------------+-----+
|Santosh.Huey@test...|-16.0|
+--------------------+-----+

-------------------------------------------
Batch: 913
-------------------------------------------
+------------------+-----+
|          customer|score|
+------------------+-----+
|Lyn.Abram@test.com| 30.0|
+------------------+-----+

-------------------------------------------
Batch: 914
-------------------------------------------
+--------------------+-----+
|            customer|score|
+--------------------+-----+
|Trevor.Aristotle@...| -1.0|
+--------------------+-----+

-------------------------------------------
Batch: 915
-------------------------------------------
+--------------------+-----+
|            customer|score|
+--------------------+-----+
|Craig.Aristotle@t...|-13.0|
+--------------------+-----+

-------------------------------------------
Batch: 916
-------------------------------------------
+--------------------+-----+
|            customer|score|
+--------------------+-----+
|Lyn.Sanchez@test.com| 11.0|
+--------------------+-----+

-------------------------------------------
Batch: 917
-------------------------------------------
+--------------------+-----+
|            customer|score|
+--------------------+-----+
|Jerry.Doshi@test.com|  9.5|
+--------------------+-----+

-------------------------------------------
Batch: 918
-------------------------------------------
+-------------------+-----+
|           customer|score|
+-------------------+-----+
|Sean.Abram@test.com| -2.0|
+-------------------+-----+

-------------------------------------------
Batch: 919
-------------------------------------------
+--------------------+-----+
|            customer|score|
+--------------------+-----+
|Senthil.Lincoln@t...| -5.0|
+--------------------+-----+

-------------------------------------------
Batch: 920
-------------------------------------------
+------------------+-----+
|          customer|score|
+------------------+-----+
|Dan.Mitra@test.com|  0.0|
+------------------+-----+

-------------------------------------------
Batch: 921
-------------------------------------------
+--------------------+-----+
|            customer|score|
+--------------------+-----+
|Suresh.Habschied@...| -2.5|
+--------------------+-----+

-------------------------------------------
Batch: 922
-------------------------------------------
+--------------------+-----+
|            customer|score|
+--------------------+-----+
|Jason.Habschied@t...| -1.5|
+--------------------+-----+

-------------------------------------------
Batch: 923
-------------------------------------------
+--------------------+-----+
|            customer|score|
+--------------------+-----+
|Jason.Khatib@test...| -1.5|
+--------------------+-----+

-------------------------------------------
Batch: 924
-------------------------------------------
+--------------------+-----+
|            customer|score|
+--------------------+-----+
|Craig.Sanchez@tes...| -2.0|
+--------------------+-----+

-------------------------------------------
Batch: 925
-------------------------------------------
+--------------------+-----+
|            customer|score|
+--------------------+-----+
|Eric.Hansen@test.com| -3.5|
+--------------------+-----+

-------------------------------------------
Batch: 926
-------------------------------------------
+--------------------+-----+
|            customer|score|
+--------------------+-----+
|Senthil.Staples@t...| -1.5|
+--------------------+-----+

-------------------------------------------
Batch: 927
-------------------------------------------
+--------------------+-----+
|            customer|score|
+--------------------+-----+
|Spencer.Howard@te...| -1.0|
+--------------------+-----+

-------------------------------------------
Batch: 928
-------------------------------------------
+--------------------+-----+
|            customer|score|
+--------------------+-----+
|Edward.Jones@test...| -2.0|
+--------------------+-----+

-------------------------------------------
Batch: 929
-------------------------------------------
+----------------+-----+
|        customer|score|
+----------------+-----+
|Eric.Wu@test.com|  9.0|
+----------------+-----+

-------------------------------------------
Batch: 930
-------------------------------------------
+--------------------+-----+
|            customer|score|
+--------------------+-----+
|Frank.Sanchez@tes...| 25.5|
+--------------------+-----+

-------------------------------------------
Batch: 931
-------------------------------------------
+--------------------+-----+
|            customer|score|
+--------------------+-----+
|Gail.Habschied@te...|-13.0|
+--------------------+-----+

-------------------------------------------
Batch: 932
-------------------------------------------
+--------------------+-----+
|            customer|score|
+--------------------+-----+
|Jerry.Jones@test.com|  3.5|
+--------------------+-----+

-------------------------------------------
Batch: 933
-------------------------------------------
+--------------------+-----+
|            customer|score|
+--------------------+-----+
|Santosh.Khatib@te...|-24.5|
+--------------------+-----+

-------------------------------------------
Batch: 934
-------------------------------------------
+--------------------+-----+
|            customer|score|
+--------------------+-----+
|Jason.Lincoln@tes...| -6.5|
+--------------------+-----+

-------------------------------------------
Batch: 935
-------------------------------------------
+--------------------+-----+
|            customer|score|
+--------------------+-----+
|Angie.Abram@test.com| 21.0|
+--------------------+-----+

-------------------------------------------
Batch: 936
-------------------------------------------
+--------------------+-----+
|            customer|score|
+--------------------+-----+
|Travis.Doshi@test...|-18.5|
+--------------------+-----+

-------------------------------------------
Batch: 937
-------------------------------------------
+-------------------+-----+
|           customer|score|
+-------------------+-----+
|Gail.Smith@test.com| 22.0|
+-------------------+-----+

-------------------------------------------
Batch: 938
-------------------------------------------
+-------------------+-----+
|           customer|score|
+-------------------+-----+
|Ben.Hansen@test.com| -5.5|
+-------------------+-----+

-------------------------------------------
Batch: 939
-------------------------------------------
+--------------------+-----+
|            customer|score|
+--------------------+-----+
|Santosh.Huey@test...| -4.5|
+--------------------+-----+

-------------------------------------------
Batch: 940
-------------------------------------------
+------------------+-----+
|          customer|score|
+------------------+-----+
|Lyn.Abram@test.com| -4.5|
+------------------+-----+

-------------------------------------------
Batch: 941
-------------------------------------------
+--------------------+-----+
|            customer|score|
+--------------------+-----+
|Trevor.Aristotle@...| 21.0|
+--------------------+-----+

-------------------------------------------
Batch: 942
-------------------------------------------
+--------------------+-----+
|            customer|score|
+--------------------+-----+
|Craig.Aristotle@t...| 19.5|
+--------------------+-----+

-------------------------------------------
Batch: 943
-------------------------------------------
+--------------------+-----+
|            customer|score|
+--------------------+-----+
|Lyn.Sanchez@test.com|-22.5|
+--------------------+-----+

-------------------------------------------
Batch: 944
-------------------------------------------
+--------------------+-----+
|            customer|score|
+--------------------+-----+
|Jerry.Doshi@test.com| -1.0|
+--------------------+-----+

-------------------------------------------
Batch: 945
-------------------------------------------
+-------------------+-----+
|           customer|score|
+-------------------+-----+
|Sean.Abram@test.com| -1.0|
+-------------------+-----+

-------------------------------------------
Batch: 946
-------------------------------------------
+--------------------+-----+
|            customer|score|
+--------------------+-----+
|Senthil.Lincoln@t...| -3.5|
+--------------------+-----+

-------------------------------------------
Batch: 947
-------------------------------------------
+------------------+-----+
|          customer|score|
+------------------+-----+
|Dan.Mitra@test.com|  0.0|
+------------------+-----+

-------------------------------------------
Batch: 948
-------------------------------------------
+--------------------+-----+
|            customer|score|
+--------------------+-----+
|Suresh.Habschied@...| -1.5|
+--------------------+-----+

-------------------------------------------
Batch: 949
-------------------------------------------
+--------------------+-----+
|            customer|score|
+--------------------+-----+
|Jason.Habschied@t...| -1.0|
+--------------------+-----+

-------------------------------------------
Batch: 950
-------------------------------------------
+--------------------+-----+
|            customer|score|
+--------------------+-----+
|Jason.Khatib@test...| -1.5|
+--------------------+-----+

-------------------------------------------
Batch: 951
-------------------------------------------
+--------------------+-----+
|            customer|score|
+--------------------+-----+
|Craig.Sanchez@tes...| -3.0|
+--------------------+-----+

-------------------------------------------
Batch: 952
-------------------------------------------
+--------------------+-----+
|            customer|score|
+--------------------+-----+
|Eric.Hansen@test.com| -4.5|
+--------------------+-----+

-------------------------------------------
Batch: 953
-------------------------------------------
+--------------------+-----+
|            customer|score|
+--------------------+-----+
|Senthil.Staples@t...| -0.5|
+--------------------+-----+

-------------------------------------------
Batch: 954
-------------------------------------------
+--------------------+-----+
|            customer|score|
+--------------------+-----+
|Spencer.Howard@te...| -3.0|
+--------------------+-----+

-------------------------------------------
Batch: 955
-------------------------------------------
+--------------------+-----+
|            customer|score|
+--------------------+-----+
|Edward.Jones@test...| -3.5|
+--------------------+-----+

-------------------------------------------
Batch: 956
-------------------------------------------
+----------------+-----+
|        customer|score|
+----------------+-----+
|Eric.Wu@test.com|  1.0|
+----------------+-----+

-------------------------------------------
Batch: 957
-------------------------------------------
+--------------------+-----+
|            customer|score|
+--------------------+-----+
|Frank.Sanchez@tes...| 21.0|
+--------------------+-----+

-------------------------------------------
Batch: 958
-------------------------------------------
+--------------------+-----+
|            customer|score|
+--------------------+-----+
|Gail.Habschied@te...| -1.5|
+--------------------+-----+

-------------------------------------------
Batch: 959
-------------------------------------------
+--------------------+-----+
|            customer|score|
+--------------------+-----+
|Jerry.Jones@test.com|  4.5|
+--------------------+-----+

-------------------------------------------
Batch: 960
-------------------------------------------
+--------------------+-----+
|            customer|score|
+--------------------+-----+
|Santosh.Khatib@te...| -8.5|
+--------------------+-----+

-------------------------------------------
Batch: 961
-------------------------------------------
+--------------------+-----+
|            customer|score|
+--------------------+-----+
|Jason.Lincoln@tes...| 20.5|
+--------------------+-----+

-------------------------------------------
Batch: 962
-------------------------------------------
+--------------------+-----+
|            customer|score|
+--------------------+-----+
|Angie.Abram@test.com| 14.0|
+--------------------+-----+

-------------------------------------------
Batch: 963
-------------------------------------------
+--------------------+-----+
|            customer|score|
+--------------------+-----+
|Travis.Doshi@test...|-14.5|
+--------------------+-----+

-------------------------------------------
Batch: 964
-------------------------------------------
+-------------------+-----+
|           customer|score|
+-------------------+-----+
|Gail.Smith@test.com| 15.0|
+-------------------+-----+

-------------------------------------------
Batch: 965
-------------------------------------------
+-------------------+-----+
|           customer|score|
+-------------------+-----+
|Ben.Hansen@test.com|-12.5|
+-------------------+-----+

-------------------------------------------
Batch: 966
-------------------------------------------
+--------------------+-----+
|            customer|score|
+--------------------+-----+
|Santosh.Huey@test...| 34.0|
+--------------------+-----+

-------------------------------------------
Batch: 967
-------------------------------------------
+------------------+-----+
|          customer|score|
+------------------+-----+
|Lyn.Abram@test.com|-17.5|
+------------------+-----+

-------------------------------------------
Batch: 968
-------------------------------------------
+--------------------+-----+
|            customer|score|
+--------------------+-----+
|Trevor.Aristotle@...| -2.5|
+--------------------+-----+

-------------------------------------------
Batch: 969
-------------------------------------------
+--------------------+-----+
|            customer|score|
+--------------------+-----+
|Craig.Aristotle@t...|  6.0|
+--------------------+-----+

-------------------------------------------
Batch: 970
-------------------------------------------
+--------------------+-----+
|            customer|score|
+--------------------+-----+
|Lyn.Sanchez@test.com|-11.0|
+--------------------+-----+

-------------------------------------------
Batch: 971
-------------------------------------------
+--------------------+-----+
|            customer|score|
+--------------------+-----+
|Jerry.Doshi@test.com|-35.5|
+--------------------+-----+

-------------------------------------------
Batch: 972
-------------------------------------------
+-------------------+-----+
|           customer|score|
+-------------------+-----+
|Sean.Abram@test.com|  0.0|
+-------------------+-----+

-------------------------------------------
Batch: 973
-------------------------------------------
+--------------------+-----+
|            customer|score|
+--------------------+-----+
|Senthil.Lincoln@t...| -2.5|
+--------------------+-----+

-------------------------------------------
Batch: 974
-------------------------------------------
+------------------+-----+
|          customer|score|
+------------------+-----+
|Dan.Mitra@test.com| -0.5|
+------------------+-----+

-------------------------------------------
Batch: 975
-------------------------------------------
+--------------------+-----+
|            customer|score|
+--------------------+-----+
|Suresh.Habschied@...| -0.5|
+--------------------+-----+

-------------------------------------------
Batch: 976
-------------------------------------------
+--------------------+-----+
|            customer|score|
+--------------------+-----+
|Jason.Habschied@t...| -2.0|
+--------------------+-----+

-------------------------------------------
Batch: 977
-------------------------------------------
+--------------------+-----+
|            customer|score|
+--------------------+-----+
|Jason.Khatib@test...| -3.0|
+--------------------+-----+

-------------------------------------------
Batch: 978
-------------------------------------------
+--------------------+-----+
|            customer|score|
+--------------------+-----+
|Craig.Sanchez@tes...| -3.0|
+--------------------+-----+

-------------------------------------------
Batch: 979
-------------------------------------------
+--------------------+-----+
|            customer|score|
+--------------------+-----+
|Eric.Hansen@test.com| -5.0|
+--------------------+-----+

-------------------------------------------
Batch: 980
-------------------------------------------
+--------------------+-----+
|            customer|score|
+--------------------+-----+
|Senthil.Staples@t...| -1.0|
+--------------------+-----+

-------------------------------------------
Batch: 981
-------------------------------------------
+--------------------+-----+
|            customer|score|
+--------------------+-----+
|Spencer.Howard@te...| -3.0|
+--------------------+-----+

-------------------------------------------
Batch: 982
-------------------------------------------
+--------------------+-----+
|            customer|score|
+--------------------+-----+
|Edward.Jones@test...| -2.5|
+--------------------+-----+

-------------------------------------------
Batch: 983
-------------------------------------------
+----------------+-----+
|        customer|score|
+----------------+-----+
|Eric.Wu@test.com| -0.5|
+----------------+-----+

-------------------------------------------
Batch: 984
-------------------------------------------
+--------------------+-----+
|            customer|score|
+--------------------+-----+
|Frank.Sanchez@tes...| 11.5|
+--------------------+-----+

-------------------------------------------
Batch: 985
-------------------------------------------
+--------------------+-----+
|            customer|score|
+--------------------+-----+
|Gail.Habschied@te...|-10.5|
+--------------------+-----+

-------------------------------------------
Batch: 986
-------------------------------------------
+--------------------+-----+
|            customer|score|
+--------------------+-----+
|Jerry.Jones@test.com| -1.5|
+--------------------+-----+

-------------------------------------------
Batch: 987
-------------------------------------------
+--------------------+-----+
|            customer|score|
+--------------------+-----+
|Santosh.Khatib@te...|  7.0|
+--------------------+-----+

-------------------------------------------
Batch: 988
-------------------------------------------
+--------------------+-----+
|            customer|score|
+--------------------+-----+
|Jason.Lincoln@tes...| 15.0|
+--------------------+-----+

-------------------------------------------
Batch: 989
-------------------------------------------
+--------------------+-----+
|            customer|score|
+--------------------+-----+
|Angie.Abram@test.com|-17.0|
+--------------------+-----+

-------------------------------------------
Batch: 990
-------------------------------------------
+--------------------+-----+
|            customer|score|
+--------------------+-----+
|Travis.Doshi@test...| 11.0|
+--------------------+-----+

-------------------------------------------
Batch: 991
-------------------------------------------
+-------------------+-----+
|           customer|score|
+-------------------+-----+
|Gail.Smith@test.com|  3.5|
+-------------------+-----+

-------------------------------------------
Batch: 992
-------------------------------------------
+-------------------+-----+
|           customer|score|
+-------------------+-----+
|Ben.Hansen@test.com|-15.5|
+-------------------+-----+

-------------------------------------------
Batch: 993
-------------------------------------------
+--------------------+-----+
|            customer|score|
+--------------------+-----+
|Santosh.Huey@test...| 23.0|
+--------------------+-----+

-------------------------------------------
Batch: 994
-------------------------------------------
+------------------+-----+
|          customer|score|
+------------------+-----+
|Lyn.Abram@test.com| -5.0|
+------------------+-----+

-------------------------------------------
Batch: 995
-------------------------------------------
+--------------------+-----+
|            customer|score|
+--------------------+-----+
|Trevor.Aristotle@...|-38.5|
+--------------------+-----+

-------------------------------------------
Batch: 996
-------------------------------------------
+--------------------+-----+
|            customer|score|
+--------------------+-----+
|Craig.Aristotle@t...|-30.5|
+--------------------+-----+

-------------------------------------------
Batch: 997
-------------------------------------------
+--------------------+-----+
|            customer|score|
+--------------------+-----+
|Lyn.Sanchez@test.com| 11.0|
+--------------------+-----+

-------------------------------------------
Batch: 998
-------------------------------------------
+--------------------+-----+
|            customer|score|
+--------------------+-----+
|Jerry.Doshi@test.com|  5.0|
+--------------------+-----+

-------------------------------------------
Batch: 999
-------------------------------------------
+-------------------+-----+
|           customer|score|
+-------------------+-----+
|Sean.Abram@test.com|  0.0|
+-------------------+-----+

-------------------------------------------
Batch: 1000
-------------------------------------------
+--------------------+-----+
|            customer|score|
+--------------------+-----+
|Senthil.Lincoln@t...| -4.0|
+--------------------+-----+

-------------------------------------------
Batch: 1001
-------------------------------------------
+------------------+-----+
|          customer|score|
+------------------+-----+
|Dan.Mitra@test.com| -1.0|
+------------------+-----+

-------------------------------------------
Batch: 1002
-------------------------------------------
+--------------------+-----+
|            customer|score|
+--------------------+-----+
|Suresh.Habschied@...| -1.5|
+--------------------+-----+

-------------------------------------------
Batch: 1003
-------------------------------------------
+--------------------+-----+
|            customer|score|
+--------------------+-----+
|Jason.Habschied@t...| -4.0|
+--------------------+-----+

-------------------------------------------
Batch: 1004
-------------------------------------------
+--------------------+-----+
|            customer|score|
+--------------------+-----+
|Jason.Khatib@test...| -4.5|
+--------------------+-----+

-------------------------------------------
Batch: 1005
-------------------------------------------
+--------------------+-----+
|            customer|score|
+--------------------+-----+
|Craig.Sanchez@tes...| -1.0|
+--------------------+-----+

-------------------------------------------
Batch: 1006
-------------------------------------------
+--------------------+-----+
|            customer|score|
+--------------------+-----+
|Eric.Hansen@test.com| -4.0|
+--------------------+-----+

-------------------------------------------
Batch: 1007
-------------------------------------------
+--------------------+-----+
|            customer|score|
+--------------------+-----+
|Senthil.Staples@t...| -3.5|
+--------------------+-----+

-------------------------------------------
Batch: 1008
-------------------------------------------
+--------------------+-----+
|            customer|score|
+--------------------+-----+
|Spencer.Howard@te...| -1.0|
+--------------------+-----+

-------------------------------------------
Batch: 1009
-------------------------------------------
+--------------------+-----+
|            customer|score|
+--------------------+-----+
|Edward.Jones@test...| -2.0|
+--------------------+-----+

-------------------------------------------
Batch: 1010
-------------------------------------------
+----------------+-----+
|        customer|score|
+----------------+-----+
|Eric.Wu@test.com|-13.0|
+----------------+-----+

-------------------------------------------
Batch: 1011
-------------------------------------------
+--------------------+-----+
|            customer|score|
+--------------------+-----+
|Frank.Sanchez@tes...| -7.5|
+--------------------+-----+

-------------------------------------------
Batch: 1012
-------------------------------------------
+--------------------+-----+
|            customer|score|
+--------------------+-----+
|Gail.Habschied@te...|  4.5|
+--------------------+-----+

-------------------------------------------
Batch: 1013
-------------------------------------------
+--------------------+-----+
|            customer|score|
+--------------------+-----+
|Jerry.Jones@test.com| -5.0|
+--------------------+-----+

-------------------------------------------
Batch: 1014
-------------------------------------------
+--------------------+-----+
|            customer|score|
+--------------------+-----+
|Santosh.Khatib@te...| 51.0|
+--------------------+-----+

-------------------------------------------
Batch: 1015
-------------------------------------------
+--------------------+-----+
|            customer|score|
+--------------------+-----+
|Jason.Lincoln@tes...| 20.5|
+--------------------+-----+

-------------------------------------------
Batch: 1016
-------------------------------------------
+--------------------+-----+
|            customer|score|
+--------------------+-----+
|Angie.Abram@test.com|-18.5|
+--------------------+-----+

-------------------------------------------
Batch: 1017
-------------------------------------------
+--------------------+-----+
|            customer|score|
+--------------------+-----+
|Travis.Doshi@test...|-11.0|
+--------------------+-----+

-------------------------------------------
Batch: 1018
-------------------------------------------
+-------------------+-----+
|           customer|score|
+-------------------+-----+
|Gail.Smith@test.com| -7.0|
+-------------------+-----+

-------------------------------------------
Batch: 1019
-------------------------------------------
+-------------------+-----+
|           customer|score|
+-------------------+-----+
|Ben.Hansen@test.com| 16.0|
+-------------------+-----+

-------------------------------------------
Batch: 1020
-------------------------------------------
+--------------------+-----+
|            customer|score|
+--------------------+-----+
|Santosh.Huey@test...| 10.0|
+--------------------+-----+

-------------------------------------------
Batch: 1021
-------------------------------------------
+------------------+-----+
|          customer|score|
+------------------+-----+
|Lyn.Abram@test.com| -3.5|
+------------------+-----+

-------------------------------------------
Batch: 1022
-------------------------------------------
+--------------------+-----+
|            customer|score|
+--------------------+-----+
|Trevor.Aristotle@...|-13.0|
+--------------------+-----+

-------------------------------------------
Batch: 1023
-------------------------------------------
+--------------------+-----+
|            customer|score|
+--------------------+-----+
|Craig.Aristotle@t...|-10.5|
+--------------------+-----+

-------------------------------------------
Batch: 1024
-------------------------------------------
+--------------------+-----+
|            customer|score|
+--------------------+-----+
|Lyn.Sanchez@test.com|-15.0|
+--------------------+-----+

-------------------------------------------
Batch: 1025
-------------------------------------------
+--------------------+-----+
|            customer|score|
+--------------------+-----+
|Jerry.Doshi@test.com| 28.5|
+--------------------+-----+

-------------------------------------------
Batch: 1026
-------------------------------------------
+-------------------+-----+
|           customer|score|
+-------------------+-----+
|Sean.Abram@test.com| -1.0|
+-------------------+-----+

-------------------------------------------
Batch: 1027
-------------------------------------------
+--------------------+-----+
|            customer|score|
+--------------------+-----+
|Senthil.Lincoln@t...| -5.0|
+--------------------+-----+

-------------------------------------------
Batch: 1028
-------------------------------------------
+------------------+-----+
|          customer|score|
+------------------+-----+
|Dan.Mitra@test.com| -1.5|
+------------------+-----+

-------------------------------------------
Batch: 1029
-------------------------------------------
+--------------------+-----+
|            customer|score|
+--------------------+-----+
|Suresh.Habschied@...| -3.5|
+--------------------+-----+

-------------------------------------------
Batch: 1030
-------------------------------------------
+--------------------+-----+
|            customer|score|
+--------------------+-----+
|Jason.Habschied@t...| -4.5|
+--------------------+-----+

-------------------------------------------
Batch: 1031
-------------------------------------------
+--------------------+-----+
|            customer|score|
+--------------------+-----+
|Jason.Khatib@test...| -3.5|
+--------------------+-----+

-------------------------------------------
Batch: 1032
-------------------------------------------
+--------------------+-----+
|            customer|score|
+--------------------+-----+
|Craig.Sanchez@tes...| -1.0|
+--------------------+-----+

-------------------------------------------
Batch: 1033
-------------------------------------------
+--------------------+-----+
|            customer|score|
+--------------------+-----+
|Eric.Hansen@test.com| -3.5|
+--------------------+-----+

-------------------------------------------
Batch: 1034
-------------------------------------------
+--------------------+-----+
|            customer|score|
+--------------------+-----+
|Senthil.Staples@t...| -4.5|
+--------------------+-----+

-------------------------------------------
Batch: 1035
-------------------------------------------
+--------------------+-----+
|            customer|score|
+--------------------+-----+
|Spencer.Howard@te...|  0.0|
+--------------------+-----+

-------------------------------------------
Batch: 1036
-------------------------------------------
+--------------------+-----+
|            customer|score|
+--------------------+-----+
|Edward.Jones@test...| -3.5|
+--------------------+-----+

-------------------------------------------
Batch: 1037
-------------------------------------------
+----------------+-----+
|        customer|score|
+----------------+-----+
|Eric.Wu@test.com|-10.0|
+----------------+-----+

-------------------------------------------
Batch: 1038
-------------------------------------------
+--------------------+-----+
|            customer|score|
+--------------------+-----+
|Frank.Sanchez@tes...|-28.5|
+--------------------+-----+

-------------------------------------------
Batch: 1039
-------------------------------------------
+--------------------+-----+
|            customer|score|
+--------------------+-----+
|Gail.Habschied@te...| 20.0|
+--------------------+-----+

-------------------------------------------
Batch: 1040
-------------------------------------------
+--------------------+-----+
|            customer|score|
+--------------------+-----+
|Jerry.Jones@test.com| -5.5|
+--------------------+-----+

-------------------------------------------
Batch: 1041
-------------------------------------------
+--------------------+-----+
|            customer|score|
+--------------------+-----+
|Santosh.Khatib@te...|  6.5|
+--------------------+-----+

-------------------------------------------
Batch: 1042
-------------------------------------------
+--------------------+-----+
|            customer|score|
+--------------------+-----+
|Jason.Lincoln@tes...|  9.0|
+--------------------+-----+

-------------------------------------------
Batch: 1043
-------------------------------------------
+--------------------+-----+
|            customer|score|
+--------------------+-----+
|Angie.Abram@test.com| -2.5|
+--------------------+-----+

-------------------------------------------
Batch: 1044
-------------------------------------------
+--------------------+-----+
|            customer|score|
+--------------------+-----+
|Travis.Doshi@test...|-21.0|
+--------------------+-----+

-------------------------------------------
Batch: 1045
-------------------------------------------
+-------------------+-----+
|           customer|score|
+-------------------+-----+
|Gail.Smith@test.com| -8.5|
+-------------------+-----+

-------------------------------------------
Batch: 1046
-------------------------------------------
+-------------------+-----+
|           customer|score|
+-------------------+-----+
|Ben.Hansen@test.com| 38.0|
+-------------------+-----+

-------------------------------------------
Batch: 1047
-------------------------------------------
+--------------------+-----+
|            customer|score|
+--------------------+-----+
|Santosh.Huey@test...|-20.5|
+--------------------+-----+

-------------------------------------------
Batch: 1048
-------------------------------------------
+------------------+-----+
|          customer|score|
+------------------+-----+
|Lyn.Abram@test.com| -7.5|
+------------------+-----+

-------------------------------------------
Batch: 1049
-------------------------------------------
+--------------------+-----+
|            customer|score|
+--------------------+-----+
|Trevor.Aristotle@...| 14.0|
+--------------------+-----+

-------------------------------------------
Batch: 1050
-------------------------------------------
+--------------------+-----+
|            customer|score|
+--------------------+-----+
|Craig.Aristotle@t...| 21.0|
+--------------------+-----+

-------------------------------------------
Batch: 1051
-------------------------------------------
+--------------------+-----+
|            customer|score|
+--------------------+-----+
|Lyn.Sanchez@test.com|  3.0|
+--------------------+-----+

-------------------------------------------
Batch: 1052
-------------------------------------------
+--------------------+-----+
|            customer|score|
+--------------------+-----+
|Jerry.Doshi@test.com| -5.5|
+--------------------+-----+

-------------------------------------------
Batch: 1053
-------------------------------------------
+-------------------+-----+
|           customer|score|
+-------------------+-----+
|Sean.Abram@test.com| -3.5|
+-------------------+-----+

-------------------------------------------
Batch: 1054
-------------------------------------------
+--------------------+-----+
|            customer|score|
+--------------------+-----+
|Senthil.Lincoln@t...| -5.5|
+--------------------+-----+

-------------------------------------------
Batch: 1055
-------------------------------------------
+------------------+-----+
|          customer|score|
+------------------+-----+
|Dan.Mitra@test.com| -3.0|
+------------------+-----+

-------------------------------------------
Batch: 1056
-------------------------------------------
+--------------------+-----+
|            customer|score|
+--------------------+-----+
|Suresh.Habschied@...| -3.5|
+--------------------+-----+

-------------------------------------------
Batch: 1057
-------------------------------------------
+--------------------+-----+
|            customer|score|
+--------------------+-----+
|Jason.Habschied@t...| -4.5|
+--------------------+-----+

-------------------------------------------
Batch: 1058
-------------------------------------------
+--------------------+-----+
|            customer|score|
+--------------------+-----+
|Jason.Khatib@test...| -1.5|
+--------------------+-----+

-------------------------------------------
Batch: 1059
-------------------------------------------
+--------------------+-----+
|            customer|score|
+--------------------+-----+
|Craig.Sanchez@tes...| -3.0|
+--------------------+-----+

-------------------------------------------
Batch: 1060
-------------------------------------------
+--------------------+-----+
|            customer|score|
+--------------------+-----+
|Eric.Hansen@test.com| -4.5|
+--------------------+-----+

-------------------------------------------
Batch: 1061
-------------------------------------------
+--------------------+-----+
|            customer|score|
+--------------------+-----+
|Senthil.Staples@t...| -3.5|
+--------------------+-----+

-------------------------------------------
Batch: 1062
-------------------------------------------
+--------------------+-----+
|            customer|score|
+--------------------+-----+
|Spencer.Howard@te...| -1.0|
+--------------------+-----+

-------------------------------------------
Batch: 1063
-------------------------------------------
+--------------------+-----+
|            customer|score|
+--------------------+-----+
|Edward.Jones@test...| -2.5|
+--------------------+-----+

-------------------------------------------
Batch: 1064
-------------------------------------------
+----------------+-----+
|        customer|score|
+----------------+-----+
|Eric.Wu@test.com| -0.5|
+----------------+-----+

-------------------------------------------
Batch: 1065
-------------------------------------------
+--------------------+-----+
|            customer|score|
+--------------------+-----+
|Frank.Sanchez@tes...|-12.5|
+--------------------+-----+

-------------------------------------------
Batch: 1066
-------------------------------------------
+--------------------+-----+
|            customer|score|
+--------------------+-----+
|Gail.Habschied@te...| 14.5|
+--------------------+-----+

-------------------------------------------
Batch: 1067
-------------------------------------------
+--------------------+-----+
|            customer|score|
+--------------------+-----+
|Jerry.Jones@test.com| 19.0|
+--------------------+-----+

-------------------------------------------
Batch: 1068
-------------------------------------------
+--------------------+-----+
|            customer|score|
+--------------------+-----+
|Santosh.Khatib@te...|-17.5|
+--------------------+-----+

-------------------------------------------
Batch: 1069
-------------------------------------------
+--------------------+-----+
|            customer|score|
+--------------------+-----+
|Jason.Lincoln@tes...|-20.5|
+--------------------+-----+

-------------------------------------------
Batch: 1070
-------------------------------------------
+--------------------+-----+
|            customer|score|
+--------------------+-----+
|Angie.Abram@test.com| -2.0|
+--------------------+-----+

-------------------------------------------
Batch: 1071
-------------------------------------------
+--------------------+-----+
|            customer|score|
+--------------------+-----+
|Travis.Doshi@test...| 15.5|
+--------------------+-----+

-------------------------------------------
Batch: 1072
-------------------------------------------
+-------------------+-----+
|           customer|score|
+-------------------+-----+
|Gail.Smith@test.com|  1.5|
+-------------------+-----+

-------------------------------------------
Batch: 1073
-------------------------------------------
+-------------------+-----+
|           customer|score|
+-------------------+-----+
|Ben.Hansen@test.com| -7.5|
+-------------------+-----+

-------------------------------------------
Batch: 1074
-------------------------------------------
+--------------------+-----+
|            customer|score|
+--------------------+-----+
|Santosh.Huey@test...|-52.5|
+--------------------+-----+

-------------------------------------------
Batch: 1075
-------------------------------------------
+------------------+-----+
|          customer|score|
+------------------+-----+
|Lyn.Abram@test.com|  7.5|
+------------------+-----+

-------------------------------------------
Batch: 1076
-------------------------------------------
+--------------------+-----+
|            customer|score|
+--------------------+-----+
|Trevor.Aristotle@...|  2.5|
+--------------------+-----+

-------------------------------------------
Batch: 1077
-------------------------------------------
+--------------------+-----+
|            customer|score|
+--------------------+-----+
|Craig.Aristotle@t...|  1.0|
+--------------------+-----+

-------------------------------------------
Batch: 1078
-------------------------------------------
+--------------------+-----+
|            customer|score|
+--------------------+-----+
|Lyn.Sanchez@test.com| 38.0|
+--------------------+-----+

-------------------------------------------
Batch: 1079
-------------------------------------------
+--------------------+-----+
|            customer|score|
+--------------------+-----+
|Jerry.Doshi@test.com|  6.5|
+--------------------+-----+

-------------------------------------------
Batch: 1080
-------------------------------------------
+-------------------+-----+
|           customer|score|
+-------------------+-----+
|Sean.Abram@test.com| -4.0|
+-------------------+-----+

-------------------------------------------
Batch: 1081
-------------------------------------------
+--------------------+-----+
|            customer|score|
+--------------------+-----+
|Senthil.Lincoln@t...| -5.0|
+--------------------+-----+

-------------------------------------------
Batch: 1082
-------------------------------------------
+------------------+-----+
|          customer|score|
+------------------+-----+
|Dan.Mitra@test.com| -3.5|
+------------------+-----+

-------------------------------------------
Batch: 1083
-------------------------------------------
+--------------------+-----+
|            customer|score|
+--------------------+-----+
|Suresh.Habschied@...| -3.0|
+--------------------+-----+

-------------------------------------------
Batch: 1084
-------------------------------------------
+--------------------+-----+
|            customer|score|
+--------------------+-----+
|Jason.Habschied@t...| -4.5|
+--------------------+-----+

-------------------------------------------
Batch: 1085
-------------------------------------------
+--------------------+-----+
|            customer|score|
+--------------------+-----+
|Jason.Khatib@test...| -2.5|
+--------------------+-----+

-------------------------------------------
Batch: 1086
-------------------------------------------
+--------------------+-----+
|            customer|score|
+--------------------+-----+
|Craig.Sanchez@tes...| -4.5|
+--------------------+-----+

-------------------------------------------
Batch: 1087
-------------------------------------------
+--------------------+-----+
|            customer|score|
+--------------------+-----+
|Eric.Hansen@test.com| -5.0|
+--------------------+-----+

-------------------------------------------
Batch: 1088
-------------------------------------------
+--------------------+-----+
|            customer|score|
+--------------------+-----+
|Senthil.Staples@t...| -2.5|
+--------------------+-----+

-------------------------------------------
Batch: 1089
-------------------------------------------
+--------------------+-----+
|            customer|score|
+--------------------+-----+
|Spencer.Howard@te...| -2.5|
+--------------------+-----+

-------------------------------------------
Batch: 1090
-------------------------------------------
+--------------------+-----+
|            customer|score|
+--------------------+-----+
|Edward.Jones@test...| -1.0|
+--------------------+-----+

-------------------------------------------
Batch: 1091
-------------------------------------------
+----------------+-----+
|        customer|score|
+----------------+-----+
|Eric.Wu@test.com| -0.5|
+----------------+-----+

-------------------------------------------
Batch: 1092
-------------------------------------------
+--------------------+-----+
|            customer|score|
+--------------------+-----+
|Frank.Sanchez@tes...|  6.0|
+--------------------+-----+

-------------------------------------------
Batch: 1093
-------------------------------------------
+--------------------+-----+
|            customer|score|
+--------------------+-----+
|Gail.Habschied@te...|  4.5|
+--------------------+-----+

-------------------------------------------
Batch: 1094
-------------------------------------------
+--------------------+-----+
|            customer|score|
+--------------------+-----+
|Jerry.Jones@test.com| -0.5|
+--------------------+-----+

-------------------------------------------
Batch: 1095
-------------------------------------------
+--------------------+-----+
|            customer|score|
+--------------------+-----+
|Santosh.Khatib@te...| 13.5|
+--------------------+-----+

-------------------------------------------
Batch: 1096
-------------------------------------------
+--------------------+-----+
|            customer|score|
+--------------------+-----+
|Jason.Lincoln@tes...|-38.0|
+--------------------+-----+

-------------------------------------------
Batch: 1097
-------------------------------------------
+--------------------+-----+
|            customer|score|
+--------------------+-----+
|Angie.Abram@test.com|  7.0|
+--------------------+-----+

-------------------------------------------
Batch: 1098
-------------------------------------------
+--------------------+-----+
|            customer|score|
+--------------------+-----+
|Travis.Doshi@test...| 37.0|
+--------------------+-----+

-------------------------------------------
Batch: 1099
-------------------------------------------
+-------------------+-----+
|           customer|score|
+-------------------+-----+
|Gail.Smith@test.com| 18.5|
+-------------------+-----+

-------------------------------------------
Batch: 1100
-------------------------------------------
+-------------------+-----+
|           customer|score|
+-------------------+-----+
|Ben.Hansen@test.com|-48.0|
+-------------------+-----+

-------------------------------------------
Batch: 1101
-------------------------------------------
+--------------------+-----+
|            customer|score|
+--------------------+-----+
|Santosh.Huey@test...| -6.0|
+--------------------+-----+

-------------------------------------------
Batch: 1102
-------------------------------------------
+------------------+-----+
|          customer|score|
+------------------+-----+
|Lyn.Abram@test.com| 12.0|
+------------------+-----+

-------------------------------------------
Batch: 1103
-------------------------------------------
+--------------------+-----+
|            customer|score|
+--------------------+-----+
|Trevor.Aristotle@...| -6.0|
+--------------------+-----+

-------------------------------------------
Batch: 1104
-------------------------------------------
+--------------------+-----+
|            customer|score|
+--------------------+-----+
|Craig.Aristotle@t...|-20.5|
+--------------------+-----+

-------------------------------------------
Batch: 1105
-------------------------------------------
+--------------------+-----+
|            customer|score|
+--------------------+-----+
|Lyn.Sanchez@test.com|  2.0|
+--------------------+-----+

-------------------------------------------
Batch: 1106
-------------------------------------------
+--------------------+-----+
|            customer|score|
+--------------------+-----+
|Jerry.Doshi@test.com| 18.5|
+--------------------+-----+

-------------------------------------------
Batch: 1107
-------------------------------------------
+-------------------+-----+
|           customer|score|
+-------------------+-----+
|Sean.Abram@test.com| -2.0|
+-------------------+-----+

-------------------------------------------
Batch: 1108
-------------------------------------------
+--------------------+-----+
|            customer|score|
+--------------------+-----+
|Senthil.Lincoln@t...| -4.0|
+--------------------+-----+

-------------------------------------------
Batch: 1109
-------------------------------------------
+------------------+-----+
|          customer|score|
+------------------+-----+
|Dan.Mitra@test.com| -3.5|
+------------------+-----+

-------------------------------------------
Batch: 1110
-------------------------------------------
+--------------------+-----+
|            customer|score|
+--------------------+-----+
|Suresh.Habschied@...| -2.0|
+--------------------+-----+

-------------------------------------------
Batch: 1111
-------------------------------------------
+--------------------+-----+
|            customer|score|
+--------------------+-----+
|Jason.Habschied@t...| -4.0|
+--------------------+-----+

-------------------------------------------
Batch: 1112
-------------------------------------------
+--------------------+-----+
|            customer|score|
+--------------------+-----+
|Jason.Khatib@test...| -4.5|
+--------------------+-----+

-------------------------------------------
Batch: 1113
-------------------------------------------
+--------------------+-----+
|            customer|score|
+--------------------+-----+
|Craig.Sanchez@tes...| -5.0|
+--------------------+-----+

-------------------------------------------
Batch: 1114
-------------------------------------------
+--------------------+-----+
|            customer|score|
+--------------------+-----+
|Eric.Hansen@test.com| -5.5|
+--------------------+-----+

-------------------------------------------
Batch: 1115
-------------------------------------------
+--------------------+-----+
|            customer|score|
+--------------------+-----+
|Senthil.Staples@t...| -1.5|
+--------------------+-----+

-------------------------------------------
Batch: 1116
-------------------------------------------
+--------------------+-----+
|            customer|score|
+--------------------+-----+
|Spencer.Howard@te...| -2.5|
+--------------------+-----+

-------------------------------------------
Batch: 1117
-------------------------------------------
+--------------------+-----+
|            customer|score|
+--------------------+-----+
|Edward.Jones@test...| -1.5|
+--------------------+-----+

-------------------------------------------
Batch: 1118
-------------------------------------------
+----------------+-----+
|        customer|score|
+----------------+-----+
|Eric.Wu@test.com| 20.5|
+----------------+-----+

-------------------------------------------
Batch: 1119
-------------------------------------------
+--------------------+-----+
|            customer|score|
+--------------------+-----+
|Frank.Sanchez@tes...|  1.0|
+--------------------+-----+

-------------------------------------------
Batch: 1120
-------------------------------------------
+--------------------+-----+
|            customer|score|
+--------------------+-----+
|Gail.Habschied@te...|  6.5|
+--------------------+-----+

-------------------------------------------
Batch: 1121
-------------------------------------------
+--------------------+-----+
|            customer|score|
+--------------------+-----+
|Jerry.Jones@test.com|-25.5|
+--------------------+-----+

-------------------------------------------
Batch: 1122
-------------------------------------------
+--------------------+-----+
|            customer|score|
+--------------------+-----+
|Santosh.Khatib@te...|-13.0|
+--------------------+-----+

-------------------------------------------
Batch: 1123
-------------------------------------------
+--------------------+-----+
|            customer|score|
+--------------------+-----+
|Jason.Lincoln@tes...|-21.0|
+--------------------+-----+

-------------------------------------------
Batch: 1124
-------------------------------------------
+--------------------+-----+
|            customer|score|
+--------------------+-----+
|Angie.Abram@test.com|-14.0|
+--------------------+-----+

-------------------------------------------
Batch: 1125
-------------------------------------------
+--------------------+-----+
|            customer|score|
+--------------------+-----+
|Travis.Doshi@test...| 17.0|
+--------------------+-----+

-------------------------------------------
Batch: 1126
-------------------------------------------
+-------------------+-----+
|           customer|score|
+-------------------+-----+
|Gail.Smith@test.com|  0.0|
+-------------------+-----+

-------------------------------------------
Batch: 1127
-------------------------------------------
+-------------------+-----+
|           customer|score|
+-------------------+-----+
|Ben.Hansen@test.com| -2.0|
+-------------------+-----+

-------------------------------------------
Batch: 1128
-------------------------------------------
+--------------------+-----+
|            customer|score|
+--------------------+-----+
|Santosh.Huey@test...| 49.0|
+--------------------+-----+

-------------------------------------------
Batch: 1129
-------------------------------------------
+------------------+-----+
|          customer|score|
+------------------+-----+
|Lyn.Abram@test.com| 12.0|
+------------------+-----+

-------------------------------------------
Batch: 1130
-------------------------------------------
+--------------------+-----+
|            customer|score|
+--------------------+-----+
|Trevor.Aristotle@...|-13.0|
+--------------------+-----+

-------------------------------------------
Batch: 1131
-------------------------------------------
+--------------------+-----+
|            customer|score|
+--------------------+-----+
|Craig.Aristotle@t...|-10.0|
+--------------------+-----+

-------------------------------------------
Batch: 1132
-------------------------------------------
+--------------------+-----+
|            customer|score|
+--------------------+-----+
|Lyn.Sanchez@test.com|-31.0|
+--------------------+-----+

-------------------------------------------
Batch: 1133
-------------------------------------------
+--------------------+-----+
|            customer|score|
+--------------------+-----+
|Jerry.Doshi@test.com| -1.0|
+--------------------+-----+

-------------------------------------------
Batch: 1134
-------------------------------------------
+-------------------+-----+
|           customer|score|
+-------------------+-----+
|Sean.Abram@test.com| -1.5|
+-------------------+-----+

-------------------------------------------
Batch: 1135
-------------------------------------------
+--------------------+-----+
|            customer|score|
+--------------------+-----+
|Senthil.Lincoln@t...| -3.5|
+--------------------+-----+

-------------------------------------------
Batch: 1136
-------------------------------------------
+------------------+-----+
|          customer|score|
+------------------+-----+
|Dan.Mitra@test.com| -4.5|
+------------------+-----+

-------------------------------------------
Batch: 1137
-------------------------------------------
+--------------------+-----+
|            customer|score|
+--------------------+-----+
|Suresh.Habschied@...| -2.0|
+--------------------+-----+

-------------------------------------------
Batch: 1138
-------------------------------------------
+--------------------+-----+
|            customer|score|
+--------------------+-----+
|Jason.Habschied@t...| -5.0|
+--------------------+-----+

-------------------------------------------
Batch: 1139
-------------------------------------------
+--------------------+-----+
|            customer|score|
+--------------------+-----+
|Jason.Khatib@test...| -5.0|
+--------------------+-----+

-------------------------------------------
Batch: 1140
-------------------------------------------
+--------------------+-----+
|            customer|score|
+--------------------+-----+
|Craig.Sanchez@tes...| -5.0|
+--------------------+-----+

-------------------------------------------
Batch: 1141
-------------------------------------------
+--------------------+-----+
|            customer|score|
+--------------------+-----+
|Eric.Hansen@test.com| -5.5|
+--------------------+-----+

-------------------------------------------
Batch: 1142
-------------------------------------------
+--------------------+-----+
|            customer|score|
+--------------------+-----+
|Senthil.Staples@t...| -2.0|
+--------------------+-----+

-------------------------------------------
Batch: 1143
-------------------------------------------
+--------------------+-----+
|            customer|score|
+--------------------+-----+
|Spencer.Howard@te...| -2.0|
+--------------------+-----+

-------------------------------------------
Batch: 1144
-------------------------------------------
+--------------------+-----+
|            customer|score|
+--------------------+-----+
|Edward.Jones@test...| -3.0|
+--------------------+-----+

-------------------------------------------
Batch: 1145
-------------------------------------------
+----------------+-----+
|        customer|score|
+----------------+-----+
|Eric.Wu@test.com|  3.5|
+----------------+-----+

-------------------------------------------
Batch: 1146
-------------------------------------------
+--------------------+-----+
|            customer|score|
+--------------------+-----+
|Frank.Sanchez@tes...|  1.0|
+--------------------+-----+

-------------------------------------------
Batch: 1147
-------------------------------------------
+--------------------+-----+
|            customer|score|
+--------------------+-----+
|Gail.Habschied@te...| 14.5|
+--------------------+-----+

-------------------------------------------
Batch: 1148
-------------------------------------------
+--------------------+-----+
|            customer|score|
+--------------------+-----+
|Jerry.Jones@test.com|  0.5|
+--------------------+-----+

-------------------------------------------
Batch: 1149
-------------------------------------------
+--------------------+-----+
|            customer|score|
+--------------------+-----+
|Santosh.Khatib@te...|-43.0|
+--------------------+-----+

-------------------------------------------
Batch: 1150
-------------------------------------------
+--------------------+-----+
|            customer|score|
+--------------------+-----+
|Jason.Lincoln@tes...| 18.0|
+--------------------+-----+

-------------------------------------------
Batch: 1151
-------------------------------------------
+--------------------+-----+
|            customer|score|
+--------------------+-----+
|Angie.Abram@test.com|-10.5|
+--------------------+-----+

-------------------------------------------
Batch: 1152
-------------------------------------------
+--------------------+-----+
|            customer|score|
+--------------------+-----+
|Travis.Doshi@test...| -7.0|
+--------------------+-----+

-------------------------------------------
Batch: 1153
-------------------------------------------
+-------------------+-----+
|           customer|score|
+-------------------+-----+
|Gail.Smith@test.com|  3.5|
+-------------------+-----+

-------------------------------------------
Batch: 1154
-------------------------------------------
+-------------------+-----+
|           customer|score|
+-------------------+-----+
|Ben.Hansen@test.com| 17.5|
+-------------------+-----+

-------------------------------------------
Batch: 1155
-------------------------------------------
+--------------------+-----+
|            customer|score|
+--------------------+-----+
|Santosh.Huey@test...| 32.5|
+--------------------+-----+

-------------------------------------------
Batch: 1156
-------------------------------------------
+------------------+-----+
|          customer|score|
+------------------+-----+
|Lyn.Abram@test.com| 15.0|
+------------------+-----+

-------------------------------------------
Batch: 1157
-------------------------------------------
+--------------------+-----+
|            customer|score|
+--------------------+-----+
|Trevor.Aristotle@...| -8.0|
+--------------------+-----+

-------------------------------------------
Batch: 1158
-------------------------------------------
+--------------------+-----+
|            customer|score|
+--------------------+-----+
|Craig.Aristotle@t...| -5.5|
+--------------------+-----+

-------------------------------------------
Batch: 1159
-------------------------------------------
+--------------------+-----+
|            customer|score|
+--------------------+-----+
|Lyn.Sanchez@test.com| -5.0|
+--------------------+-----+

-------------------------------------------
Batch: 1160
-------------------------------------------
+--------------------+-----+
|            customer|score|
+--------------------+-----+
|Jerry.Doshi@test.com| 10.0|
+--------------------+-----+

-------------------------------------------
Batch: 1161
-------------------------------------------
+-------------------+-----+
|           customer|score|
+-------------------+-----+
|Sean.Abram@test.com| -2.0|
+-------------------+-----+

-------------------------------------------
Batch: 1162
-------------------------------------------
+--------------------+-----+
|            customer|score|
+--------------------+-----+
|Senthil.Lincoln@t...| -2.5|
+--------------------+-----+

-------------------------------------------
Batch: 1163
-------------------------------------------
+------------------+-----+
|          customer|score|
+------------------+-----+
|Dan.Mitra@test.com| -5.0|
+------------------+-----+

-------------------------------------------
Batch: 1164
-------------------------------------------
+--------------------+-----+
|            customer|score|
+--------------------+-----+
|Suresh.Habschied@...| -4.5|
+--------------------+-----+

-------------------------------------------
Batch: 1165
-------------------------------------------
+--------------------+-----+
|            customer|score|
+--------------------+-----+
|Jason.Habschied@t...| -4.5|
+--------------------+-----+

-------------------------------------------
Batch: 1166
-------------------------------------------
+--------------------+-----+
|            customer|score|
+--------------------+-----+
|Jason.Khatib@test...| -4.5|
+--------------------+-----+

-------------------------------------------
Batch: 1167
-------------------------------------------
+--------------------+-----+
|            customer|score|
+--------------------+-----+
|Craig.Sanchez@tes...| -4.0|
+--------------------+-----+

-------------------------------------------
Batch: 1168
-------------------------------------------
+--------------------+-----+
|            customer|score|
+--------------------+-----+
|Eric.Hansen@test.com| -5.0|
+--------------------+-----+

-------------------------------------------
Batch: 1169
-------------------------------------------
+--------------------+-----+
|            customer|score|
+--------------------+-----+
|Senthil.Staples@t...| -2.5|
+--------------------+-----+

-------------------------------------------
Batch: 1170
-------------------------------------------
+--------------------+-----+
|            customer|score|
+--------------------+-----+
|Spencer.Howard@te...| -1.5|
+--------------------+-----+

-------------------------------------------
Batch: 1171
-------------------------------------------
+--------------------+-----+
|            customer|score|
+--------------------+-----+
|Edward.Jones@test...| -4.0|
+--------------------+-----+

-------------------------------------------
Batch: 1172
-------------------------------------------
+----------------+-----+
|        customer|score|
+----------------+-----+
|Eric.Wu@test.com| -7.0|
+----------------+-----+

-------------------------------------------
Batch: 1173
-------------------------------------------
+--------------------+-----+
|            customer|score|
+--------------------+-----+
|Frank.Sanchez@tes...| -3.0|
+--------------------+-----+

-------------------------------------------
Batch: 1174
-------------------------------------------
+--------------------+-----+
|            customer|score|
+--------------------+-----+
|Gail.Habschied@te...| 11.0|
+--------------------+-----+

-------------------------------------------
Batch: 1175
-------------------------------------------
+--------------------+-----+
|            customer|score|
+--------------------+-----+
|Jerry.Jones@test.com|-11.5|
+--------------------+-----+

-------------------------------------------
Batch: 1176
-------------------------------------------
+--------------------+-----+
|            customer|score|
+--------------------+-----+
|Santosh.Khatib@te...|  4.5|
+--------------------+-----+

-------------------------------------------
Batch: 1177
-------------------------------------------
+--------------------+-----+
|            customer|score|
+--------------------+-----+
|Jason.Lincoln@tes...| 25.0|
+--------------------+-----+

-------------------------------------------
Batch: 1178
-------------------------------------------
+--------------------+-----+
|            customer|score|
+--------------------+-----+
|Angie.Abram@test.com| 37.5|
+--------------------+-----+

-------------------------------------------
Batch: 1179
-------------------------------------------
+--------------------+-----+
|            customer|score|
+--------------------+-----+
|Travis.Doshi@test...|-23.5|
+--------------------+-----+

-------------------------------------------
Batch: 1180
-------------------------------------------
+-------------------+-----+
|           customer|score|
+-------------------+-----+
|Gail.Smith@test.com| 26.0|
+-------------------+-----+

-------------------------------------------
Batch: 1181
-------------------------------------------
+-------------------+-----+
|           customer|score|
+-------------------+-----+
|Ben.Hansen@test.com|-24.0|
+-------------------+-----+

-------------------------------------------
Batch: 1182
-------------------------------------------
+--------------------+-----+
|            customer|score|
+--------------------+-----+
|Santosh.Huey@test...|-15.5|
+--------------------+-----+

-------------------------------------------
Batch: 1183
-------------------------------------------
+------------------+-----+
|          customer|score|
+------------------+-----+
|Lyn.Abram@test.com|  2.5|
+------------------+-----+

-------------------------------------------
Batch: 1184
-------------------------------------------
+--------------------+-----+
|            customer|score|
+--------------------+-----+
|Trevor.Aristotle@...| 24.0|
+--------------------+-----+

-------------------------------------------
Batch: 1185
-------------------------------------------
+--------------------+-----+
|            customer|score|
+--------------------+-----+
|Craig.Aristotle@t...| -6.5|
+--------------------+-----+

-------------------------------------------
Batch: 1186
-------------------------------------------
+--------------------+-----+
|            customer|score|
+--------------------+-----+
|Lyn.Sanchez@test.com| 33.0|
+--------------------+-----+

-------------------------------------------
Batch: 1187
-------------------------------------------
+--------------------+-----+
|            customer|score|
+--------------------+-----+
|Jerry.Doshi@test.com| -8.0|
+--------------------+-----+

-------------------------------------------
Batch: 1188
-------------------------------------------
+-------------------+-----+
|           customer|score|
+-------------------+-----+
|Sean.Abram@test.com| -2.5|
+-------------------+-----+

-------------------------------------------
Batch: 1189
-------------------------------------------
+--------------------+-----+
|            customer|score|
+--------------------+-----+
|Senthil.Lincoln@t...| -3.5|
+--------------------+-----+

-------------------------------------------
Batch: 1190
-------------------------------------------
+------------------+-----+
|          customer|score|
+------------------+-----+
|Dan.Mitra@test.com| -5.0|
+------------------+-----+

-------------------------------------------
Batch: 1191
-------------------------------------------
+--------------------+-----+
|            customer|score|
+--------------------+-----+
|Suresh.Habschied@...| -5.5|
+--------------------+-----+

-------------------------------------------
Batch: 1192
-------------------------------------------
+--------------------+-----+
|            customer|score|
+--------------------+-----+
|Jason.Habschied@t...| -2.0|
+--------------------+-----+

-------------------------------------------
Batch: 1193
-------------------------------------------
+--------------------+-----+
|            customer|score|
+--------------------+-----+
|Jason.Khatib@test...| -2.5|
+--------------------+-----+

-------------------------------------------
Batch: 1194
-------------------------------------------
+--------------------+-----+
|            customer|score|
+--------------------+-----+
|Craig.Sanchez@tes...| -2.0|
+--------------------+-----+

-------------------------------------------
Batch: 1195
-------------------------------------------
+--------------------+-----+
|            customer|score|
+--------------------+-----+
|Eric.Hansen@test.com| -5.5|
+--------------------+-----+

-------------------------------------------
Batch: 1196
-------------------------------------------
+--------------------+-----+
|            customer|score|
+--------------------+-----+
|Senthil.Staples@t...| -1.5|
+--------------------+-----+

-------------------------------------------
Batch: 1197
-------------------------------------------
+--------------------+-----+
|            customer|score|
+--------------------+-----+
|Spencer.Howard@te...| -1.5|
+--------------------+-----+

-------------------------------------------
Batch: 1198
-------------------------------------------
+--------------------+-----+
|            customer|score|
+--------------------+-----+
|Edward.Jones@test...| -2.5|
+--------------------+-----+

-------------------------------------------
Batch: 1199
-------------------------------------------
+----------------+-----+
|        customer|score|
+----------------+-----+
|Eric.Wu@test.com|  9.0|
+----------------+-----+

-------------------------------------------
Batch: 1200
-------------------------------------------
+--------------------+-----+
|            customer|score|
+--------------------+-----+
|Frank.Sanchez@tes...| 16.5|
+--------------------+-----+

-------------------------------------------
Batch: 1201
-------------------------------------------
+--------------------+-----+
|            customer|score|
+--------------------+-----+
|Gail.Habschied@te...|-10.0|
+--------------------+-----+

-------------------------------------------
Batch: 1202
-------------------------------------------
+--------------------+-----+
|            customer|score|
+--------------------+-----+
|Jerry.Jones@test.com| -7.5|
+--------------------+-----+

-------------------------------------------
Batch: 1203
-------------------------------------------
+--------------------+-----+
|            customer|score|
+--------------------+-----+
|Santosh.Khatib@te...| 38.0|
+--------------------+-----+

-------------------------------------------
Batch: 1204
-------------------------------------------
+--------------------+-----+
|            customer|score|
+--------------------+-----+
|Jason.Lincoln@tes...| 11.0|
+--------------------+-----+

-------------------------------------------
Batch: 1205
-------------------------------------------
+--------------------+-----+
|            customer|score|
+--------------------+-----+
|Angie.Abram@test.com| 28.0|
+--------------------+-----+

-------------------------------------------
Batch: 1206
-------------------------------------------
+--------------------+-----+
|            customer|score|
+--------------------+-----+
|Travis.Doshi@test...|-26.5|
+--------------------+-----+

-------------------------------------------
Batch: 1207
-------------------------------------------
+-------------------+-----+
|           customer|score|
+-------------------+-----+
|Gail.Smith@test.com| -7.5|
+-------------------+-----+

-------------------------------------------
Batch: 1208
-------------------------------------------
+-------------------+-----+
|           customer|score|
+-------------------+-----+
|Ben.Hansen@test.com|-13.5|
+-------------------+-----+

-------------------------------------------
Batch: 1209
-------------------------------------------
+--------------------+-----+
|            customer|score|
+--------------------+-----+
|Santosh.Huey@test...|-47.0|
+--------------------+-----+

-------------------------------------------
Batch: 1210
-------------------------------------------
+------------------+-----+
|          customer|score|
+------------------+-----+
|Lyn.Abram@test.com|-11.0|
+------------------+-----+

-------------------------------------------
Batch: 1211
-------------------------------------------
+--------------------+-----+
|            customer|score|
+--------------------+-----+
|Trevor.Aristotle@...| 24.5|
+--------------------+-----+

-------------------------------------------
Batch: 1212
-------------------------------------------
+--------------------+-----+
|            customer|score|
+--------------------+-----+
|Craig.Aristotle@t...| -3.5|
+--------------------+-----+

-------------------------------------------
Batch: 1213
-------------------------------------------
+--------------------+-----+
|            customer|score|
+--------------------+-----+
|Lyn.Sanchez@test.com|  5.5|
+--------------------+-----+

-------------------------------------------
Batch: 1214
-------------------------------------------
+--------------------+-----+
|            customer|score|
+--------------------+-----+
|Jerry.Doshi@test.com|-34.0|
+--------------------+-----+

-------------------------------------------
Batch: 1215
-------------------------------------------
+-------------------+-----+
|           customer|score|
+-------------------+-----+
|Sean.Abram@test.com| -2.5|
+-------------------+-----+

-------------------------------------------
Batch: 1216
-------------------------------------------
+--------------------+-----+
|            customer|score|
+--------------------+-----+
|Senthil.Lincoln@t...| -4.5|
+--------------------+-----+

-------------------------------------------
Batch: 1217
-------------------------------------------
+------------------+-----+
|          customer|score|
+------------------+-----+
|Dan.Mitra@test.com| -4.5|
+------------------+-----+

-------------------------------------------
Batch: 1218
-------------------------------------------
+--------------------+-----+
|            customer|score|
+--------------------+-----+
|Suresh.Habschied@...| -5.0|
+--------------------+-----+

-------------------------------------------
Batch: 1219
-------------------------------------------
+--------------------+-----+
|            customer|score|
+--------------------+-----+
|Jason.Habschied@t...| -2.5|
+--------------------+-----+

-------------------------------------------
Batch: 1220
-------------------------------------------
+--------------------+-----+
|            customer|score|
+--------------------+-----+
|Jason.Khatib@test...| -1.5|
+--------------------+-----+

-------------------------------------------
Batch: 1221
-------------------------------------------
+--------------------+-----+
|            customer|score|
+--------------------+-----+
|Craig.Sanchez@tes...| -1.5|
+--------------------+-----+

-------------------------------------------
Batch: 1222
-------------------------------------------
+--------------------+-----+
|            customer|score|
+--------------------+-----+
|Eric.Hansen@test.com| -6.0|
+--------------------+-----+

-------------------------------------------
Batch: 1223
-------------------------------------------
+--------------------+-----+
|            customer|score|
+--------------------+-----+
|Senthil.Staples@t...| -1.0|
+--------------------+-----+

-------------------------------------------
Batch: 1224
-------------------------------------------
+--------------------+-----+
|            customer|score|
+--------------------+-----+
|Spencer.Howard@te...| -2.5|
+--------------------+-----+

-------------------------------------------
Batch: 1225
-------------------------------------------
+--------------------+-----+
|            customer|score|
+--------------------+-----+
|Edward.Jones@test...| -1.5|
+--------------------+-----+

-------------------------------------------
Batch: 1226
-------------------------------------------
+----------------+-----+
|        customer|score|
+----------------+-----+
|Eric.Wu@test.com|  3.5|
+----------------+-----+

-------------------------------------------
Batch: 1227
-------------------------------------------
+--------------------+-----+
|            customer|score|
+--------------------+-----+
|Frank.Sanchez@tes...|  8.0|
+--------------------+-----+

-------------------------------------------
Batch: 1228
-------------------------------------------
+--------------------+-----+
|            customer|score|
+--------------------+-----+
|Gail.Habschied@te...|-27.5|
+--------------------+-----+

-------------------------------------------
Batch: 1229
-------------------------------------------
+--------------------+-----+
|            customer|score|
+--------------------+-----+
|Jerry.Jones@test.com| 31.5|
+--------------------+-----+

-------------------------------------------
Batch: 1230
-------------------------------------------
+--------------------+-----+
|            customer|score|
+--------------------+-----+
|Santosh.Khatib@te...|  1.0|
+--------------------+-----+

-------------------------------------------
Batch: 1231
-------------------------------------------
+--------------------+-----+
|            customer|score|
+--------------------+-----+
|Jason.Lincoln@tes...|  5.0|
+--------------------+-----+

-------------------------------------------
Batch: 1232
-------------------------------------------
+--------------------+-----+
|            customer|score|
+--------------------+-----+
|Angie.Abram@test.com| -2.0|
+--------------------+-----+

-------------------------------------------
Batch: 1233
-------------------------------------------
+--------------------+-----+
|            customer|score|
+--------------------+-----+
|Travis.Doshi@test...| -9.0|
+--------------------+-----+

-------------------------------------------
Batch: 1234
-------------------------------------------
+-------------------+-----+
|           customer|score|
+-------------------+-----+
|Gail.Smith@test.com|-36.0|
+-------------------+-----+

-------------------------------------------
Batch: 1235
-------------------------------------------
+-------------------+-----+
|           customer|score|
+-------------------+-----+
|Ben.Hansen@test.com| 29.0|
+-------------------+-----+

-------------------------------------------
Batch: 1236
-------------------------------------------
+--------------------+-----+
|            customer|score|
+--------------------+-----+
|Santosh.Huey@test...| -9.0|
+--------------------+-----+

-------------------------------------------
Batch: 1237
-------------------------------------------
+------------------+-----+
|          customer|score|
+------------------+-----+
|Lyn.Abram@test.com|-11.5|
+------------------+-----+

-------------------------------------------
Batch: 1238
-------------------------------------------
+--------------------+-----+
|            customer|score|
+--------------------+-----+
|Trevor.Aristotle@...|-12.5|
+--------------------+-----+

-------------------------------------------
Batch: 1239
-------------------------------------------
+--------------------+-----+
|            customer|score|
+--------------------+-----+
|Craig.Aristotle@t...| 22.0|
+--------------------+-----+

-------------------------------------------
Batch: 1240
-------------------------------------------
+--------------------+-----+
|            customer|score|
+--------------------+-----+
|Lyn.Sanchez@test.com|-30.0|
+--------------------+-----+

-------------------------------------------
Batch: 1241
-------------------------------------------
+--------------------+-----+
|            customer|score|
+--------------------+-----+
|Jerry.Doshi@test.com|-19.0|
+--------------------+-----+

-------------------------------------------
Batch: 1242
-------------------------------------------
+-------------------+-----+
|           customer|score|
+-------------------+-----+
|Sean.Abram@test.com| -1.5|
+-------------------+-----+

-------------------------------------------
Batch: 1243
-------------------------------------------
+--------------------+-----+
|            customer|score|
+--------------------+-----+
|Senthil.Lincoln@t...| -3.0|
+--------------------+-----+

-------------------------------------------
Batch: 1244
-------------------------------------------
+------------------+-----+
|          customer|score|
+------------------+-----+
|Dan.Mitra@test.com| -3.0|
+------------------+-----+

-------------------------------------------
Batch: 1245
-------------------------------------------
+--------------------+-----+
|            customer|score|
+--------------------+-----+
|Suresh.Habschied@...| -4.5|
+--------------------+-----+

-------------------------------------------
Batch: 1246
-------------------------------------------
+--------------------+-----+
|            customer|score|
+--------------------+-----+
|Jason.Habschied@t...| -4.5|
+--------------------+-----+

-------------------------------------------
Batch: 1247
-------------------------------------------
+--------------------+-----+
|            customer|score|
+--------------------+-----+
|Jason.Khatib@test...| -3.0|
+--------------------+-----+

-------------------------------------------
Batch: 1248
-------------------------------------------
+--------------------+-----+
|            customer|score|
+--------------------+-----+
|Craig.Sanchez@tes...| -1.5|
+--------------------+-----+

-------------------------------------------
Batch: 1249
-------------------------------------------
+--------------------+-----+
|            customer|score|
+--------------------+-----+
|Eric.Hansen@test.com| -4.5|
+--------------------+-----+

-------------------------------------------
Batch: 1250
-------------------------------------------
+--------------------+-----+
|            customer|score|
+--------------------+-----+
|Senthil.Staples@t...| -1.0|
+--------------------+-----+

-------------------------------------------
Batch: 1251
-------------------------------------------
+--------------------+-----+
|            customer|score|
+--------------------+-----+
|Spencer.Howard@te...| -3.5|
+--------------------+-----+

-------------------------------------------
Batch: 1252
-------------------------------------------
+--------------------+-----+
|            customer|score|
+--------------------+-----+
|Edward.Jones@test...| -2.5|
+--------------------+-----+

-------------------------------------------
Batch: 1253
-------------------------------------------
+----------------+-----+
|        customer|score|
+----------------+-----+
|Eric.Wu@test.com|-24.5|
+----------------+-----+

-------------------------------------------
Batch: 1254
-------------------------------------------
+--------------------+-----+
|            customer|score|
+--------------------+-----+
|Frank.Sanchez@tes...|-20.5|
+--------------------+-----+

-------------------------------------------
Batch: 1255
-------------------------------------------
+--------------------+-----+
|            customer|score|
+--------------------+-----+
|Gail.Habschied@te...|-22.0|
+--------------------+-----+

-------------------------------------------
Batch: 1256
-------------------------------------------
+--------------------+-----+
|            customer|score|
+--------------------+-----+
|Jerry.Jones@test.com| 24.5|
+--------------------+-----+

-------------------------------------------
Batch: 1257
-------------------------------------------
+--------------------+-----+
|            customer|score|
+--------------------+-----+
|Santosh.Khatib@te...|-26.5|
+--------------------+-----+

-------------------------------------------
Batch: 1258
-------------------------------------------
+--------------------+-----+
|            customer|score|
+--------------------+-----+
|Jason.Lincoln@tes...|-15.5|
+--------------------+-----+

-------------------------------------------
Batch: 1259
-------------------------------------------
+--------------------+-----+
|            customer|score|
+--------------------+-----+
|Angie.Abram@test.com|  7.5|
+--------------------+-----+

-------------------------------------------
Batch: 1260
-------------------------------------------
+--------------------+-----+
|            customer|score|
+--------------------+-----+
|Travis.Doshi@test...| -1.0|
+--------------------+-----+

-------------------------------------------
Batch: 1261
-------------------------------------------
+-------------------+-----+
|           customer|score|
+-------------------+-----+
|Gail.Smith@test.com| -6.5|
+-------------------+-----+

-------------------------------------------
Batch: 1262
-------------------------------------------
+-------------------+-----+
|           customer|score|
+-------------------+-----+
|Ben.Hansen@test.com| 21.0|
+-------------------+-----+

-------------------------------------------
Batch: 1263
-------------------------------------------
+--------------------+-----+
|            customer|score|
+--------------------+-----+
|Santosh.Huey@test...| 31.5|
+--------------------+-----+

-------------------------------------------
Batch: 1264
-------------------------------------------
+------------------+-----+
|          customer|score|
+------------------+-----+
|Lyn.Abram@test.com| -7.0|
+------------------+-----+

-------------------------------------------
Batch: 1265
-------------------------------------------
+--------------------+-----+
|            customer|score|
+--------------------+-----+
|Trevor.Aristotle@...| -5.5|
+--------------------+-----+

-------------------------------------------
Batch: 1266
-------------------------------------------
+--------------------+-----+
|            customer|score|
+--------------------+-----+
|Craig.Aristotle@t...| 25.0|
+--------------------+-----+

-------------------------------------------
Batch: 1267
-------------------------------------------
+--------------------+-----+
|            customer|score|
+--------------------+-----+
|Lyn.Sanchez@test.com|  6.0|
+--------------------+-----+

-------------------------------------------
Batch: 1268
-------------------------------------------
+--------------------+-----+
|            customer|score|
+--------------------+-----+
|Jerry.Doshi@test.com| -4.0|
+--------------------+-----+

-------------------------------------------
Batch: 1269
-------------------------------------------
+-------------------+-----+
|           customer|score|
+-------------------+-----+
|Sean.Abram@test.com| -1.5|
+-------------------+-----+

-------------------------------------------
Batch: 1270
-------------------------------------------
+--------------------+-----+
|            customer|score|
+--------------------+-----+
|Senthil.Lincoln@t...| -2.0|
+--------------------+-----+

-------------------------------------------
Batch: 1271
-------------------------------------------
+------------------+-----+
|          customer|score|
+------------------+-----+
|Dan.Mitra@test.com| -2.0|
+------------------+-----+

-------------------------------------------
Batch: 1272
-------------------------------------------
+--------------------+-----+
|            customer|score|
+--------------------+-----+
|Suresh.Habschied@...| -4.0|
+--------------------+-----+

-------------------------------------------
Batch: 1273
-------------------------------------------
+--------------------+-----+
|            customer|score|
+--------------------+-----+
|Jason.Habschied@t...| -4.0|
+--------------------+-----+

-------------------------------------------
Batch: 1274
-------------------------------------------
+--------------------+-----+
|            customer|score|
+--------------------+-----+
|Jason.Khatib@test...| -3.5|
+--------------------+-----+

-------------------------------------------
Batch: 1275
-------------------------------------------
+--------------------+-----+
|            customer|score|
+--------------------+-----+
|Craig.Sanchez@tes...| -1.5|
+--------------------+-----+

-------------------------------------------
Batch: 1276
-------------------------------------------
+--------------------+-----+
|            customer|score|
+--------------------+-----+
|Eric.Hansen@test.com| -1.5|
+--------------------+-----+

-------------------------------------------
Batch: 1277
-------------------------------------------
+--------------------+-----+
|            customer|score|
+--------------------+-----+
|Senthil.Staples@t...| -2.5|
+--------------------+-----+

-------------------------------------------
Batch: 1278
-------------------------------------------
+--------------------+-----+
|            customer|score|
+--------------------+-----+
|Spencer.Howard@te...| -4.0|
+--------------------+-----+

-------------------------------------------
Batch: 1279
-------------------------------------------
+--------------------+-----+
|            customer|score|
+--------------------+-----+
|Edward.Jones@test...| -3.5|
+--------------------+-----+

-------------------------------------------
Batch: 1280
-------------------------------------------
+----------------+-----+
|        customer|score|
+----------------+-----+
|Eric.Wu@test.com|-19.0|
+----------------+-----+

-------------------------------------------
Batch: 1281
-------------------------------------------
+--------------------+-----+
|            customer|score|
+--------------------+-----+
|Frank.Sanchez@tes...|  1.0|
+--------------------+-----+

-------------------------------------------
Batch: 1282
-------------------------------------------
+--------------------+-----+
|            customer|score|
+--------------------+-----+
|Gail.Habschied@te...|  9.0|
+--------------------+-----+

-------------------------------------------
Batch: 1283
-------------------------------------------
+--------------------+-----+
|            customer|score|
+--------------------+-----+
|Jerry.Jones@test.com|-17.0|
+--------------------+-----+

-------------------------------------------
Batch: 1284
-------------------------------------------
+--------------------+-----+
|            customer|score|
+--------------------+-----+
|Santosh.Khatib@te...| -6.0|
+--------------------+-----+

-------------------------------------------
Batch: 1285
-------------------------------------------
+--------------------+-----+
|            customer|score|
+--------------------+-----+
|Jason.Lincoln@tes...|-37.0|
+--------------------+-----+

-------------------------------------------
Batch: 1286
-------------------------------------------
+--------------------+-----+
|            customer|score|
+--------------------+-----+
|Angie.Abram@test.com|-12.0|
+--------------------+-----+

-------------------------------------------
Batch: 1287
-------------------------------------------
+--------------------+-----+
|            customer|score|
+--------------------+-----+
|Travis.Doshi@test...| -2.5|
+--------------------+-----+

-------------------------------------------
Batch: 1288
-------------------------------------------
+-------------------+-----+
|           customer|score|
+-------------------+-----+
|Gail.Smith@test.com| 25.5|
+-------------------+-----+

-------------------------------------------
Batch: 1289
-------------------------------------------
+-------------------+-----+
|           customer|score|
+-------------------+-----+
|Ben.Hansen@test.com|-24.5|
+-------------------+-----+

-------------------------------------------
Batch: 1290
-------------------------------------------
+--------------------+-----+
|            customer|score|
+--------------------+-----+
|Santosh.Huey@test...|  0.5|
+--------------------+-----+

-------------------------------------------
Batch: 1291
-------------------------------------------
+------------------+-----+
|          customer|score|
+------------------+-----+
|Lyn.Abram@test.com|  2.5|
+------------------+-----+

-------------------------------------------
Batch: 1292
-------------------------------------------
+--------------------+-----+
|            customer|score|
+--------------------+-----+
|Trevor.Aristotle@...| -1.0|
+--------------------+-----+

-------------------------------------------
Batch: 1293
-------------------------------------------
+--------------------+-----+
|            customer|score|
+--------------------+-----+
|Craig.Aristotle@t...|-17.0|
+--------------------+-----+

-------------------------------------------
Batch: 1294
-------------------------------------------
+--------------------+-----+
|            customer|score|
+--------------------+-----+
|Lyn.Sanchez@test.com| 23.5|
+--------------------+-----+

-------------------------------------------
Batch: 1295
-------------------------------------------
+--------------------+-----+
|            customer|score|
+--------------------+-----+
|Jerry.Doshi@test.com| 30.0|
+--------------------+-----+

-------------------------------------------
Batch: 1296
-------------------------------------------
+-------------------+-----+
|           customer|score|
+-------------------+-----+
|Sean.Abram@test.com| -2.0|
+-------------------+-----+

-------------------------------------------
Batch: 1297
-------------------------------------------
+--------------------+-----+
|            customer|score|
+--------------------+-----+
|Senthil.Lincoln@t...| -1.5|
+--------------------+-----+

-------------------------------------------
Batch: 1298
-------------------------------------------
+------------------+-----+
|          customer|score|
+------------------+-----+
|Dan.Mitra@test.com| -2.0|
+------------------+-----+

-------------------------------------------
Batch: 1299
-------------------------------------------
+--------------------+-----+
|            customer|score|
+--------------------+-----+
|Suresh.Habschied@...| -5.0|
+--------------------+-----+

-------------------------------------------
Batch: 1300
-------------------------------------------
+--------------------+-----+
|            customer|score|
+--------------------+-----+
|Jason.Habschied@t...| -3.0|
+--------------------+-----+

-------------------------------------------
Batch: 1301
-------------------------------------------
+--------------------+-----+
|            customer|score|
+--------------------+-----+
|Jason.Khatib@test...| -3.5|
+--------------------+-----+

-------------------------------------------
Batch: 1302
-------------------------------------------
+--------------------+-----+
|            customer|score|
+--------------------+-----+
|Craig.Sanchez@tes...| -3.5|
+--------------------+-----+

-------------------------------------------
Batch: 1303
-------------------------------------------
+--------------------+-----+
|            customer|score|
+--------------------+-----+
|Eric.Hansen@test.com| -1.5|
+--------------------+-----+

-------------------------------------------
Batch: 1304
-------------------------------------------
+--------------------+-----+
|            customer|score|
+--------------------+-----+
|Senthil.Staples@t...| -4.0|
+--------------------+-----+

-------------------------------------------
Batch: 1305
-------------------------------------------
+--------------------+-----+
|            customer|score|
+--------------------+-----+
|Spencer.Howard@te...| -2.5|
+--------------------+-----+

-------------------------------------------
Batch: 1306
-------------------------------------------
+--------------------+-----+
|            customer|score|
+--------------------+-----+
|Edward.Jones@test...| -5.0|
+--------------------+-----+

-------------------------------------------
Batch: 1307
-------------------------------------------
+----------------+-----+
|        customer|score|
+----------------+-----+
|Eric.Wu@test.com| 22.0|
+----------------+-----+

-------------------------------------------
Batch: 1308
-------------------------------------------
+--------------------+-----+
|            customer|score|
+--------------------+-----+
|Frank.Sanchez@tes...| 31.0|
+--------------------+-----+

-------------------------------------------
Batch: 1309
-------------------------------------------
+--------------------+-----+
|            customer|score|
+--------------------+-----+
|Gail.Habschied@te...| 26.0|
+--------------------+-----+

-------------------------------------------
Batch: 1310
-------------------------------------------
+--------------------+-----+
|            customer|score|
+--------------------+-----+
|Jerry.Jones@test.com|-18.0|
+--------------------+-----+

-------------------------------------------
Batch: 1311
-------------------------------------------
+--------------------+-----+
|            customer|score|
+--------------------+-----+
|Santosh.Khatib@te...| 15.5|
+--------------------+-----+

-------------------------------------------
Batch: 1312
-------------------------------------------
+--------------------+-----+
|            customer|score|
+--------------------+-----+
|Jason.Lincoln@tes...|  9.5|
+--------------------+-----+

-------------------------------------------
Batch: 1313
-------------------------------------------
+--------------------+-----+
|            customer|score|
+--------------------+-----+
|Angie.Abram@test.com|-21.5|
+--------------------+-----+

-------------------------------------------
Batch: 1314
-------------------------------------------
+--------------------+-----+
|            customer|score|
+--------------------+-----+
|Travis.Doshi@test...| -3.5|
+--------------------+-----+

-------------------------------------------
Batch: 1315
-------------------------------------------
+-------------------+-----+
|           customer|score|
+-------------------+-----+
|Gail.Smith@test.com|  3.5|
+-------------------+-----+

-------------------------------------------
Batch: 1316
-------------------------------------------
+-------------------+-----+
|           customer|score|
+-------------------+-----+
|Ben.Hansen@test.com|-15.0|
+-------------------+-----+

-------------------------------------------
Batch: 1317
-------------------------------------------
+--------------------+-----+
|            customer|score|
+--------------------+-----+
|Santosh.Huey@test...|-11.0|
+--------------------+-----+

-------------------------------------------
Batch: 1318
-------------------------------------------
+------------------+-----+
|          customer|score|
+------------------+-----+
|Lyn.Abram@test.com|  8.0|
+------------------+-----+

-------------------------------------------
Batch: 1319
-------------------------------------------
+--------------------+-----+
|            customer|score|
+--------------------+-----+
|Trevor.Aristotle@...|-30.5|
+--------------------+-----+

-------------------------------------------
Batch: 1320
-------------------------------------------
+--------------------+-----+
|            customer|score|
+--------------------+-----+
|Craig.Aristotle@t...|-11.0|
+--------------------+-----+

-------------------------------------------
Batch: 1321
-------------------------------------------
+--------------------+-----+
|            customer|score|
+--------------------+-----+
|Lyn.Sanchez@test.com|-21.5|
+--------------------+-----+

-------------------------------------------
Batch: 1322
-------------------------------------------
+--------------------+-----+
|            customer|score|
+--------------------+-----+
|Jerry.Doshi@test.com| 18.0|
+--------------------+-----+

-------------------------------------------
Batch: 1323
-------------------------------------------
+-------------------+-----+
|           customer|score|
+-------------------+-----+
|Sean.Abram@test.com| -2.0|
+-------------------+-----+

-------------------------------------------
Batch: 1324
-------------------------------------------
+--------------------+-----+
|            customer|score|
+--------------------+-----+
|Senthil.Lincoln@t...| -1.0|
+--------------------+-----+

-------------------------------------------
Batch: 1325
-------------------------------------------
+------------------+-----+
|          customer|score|
+------------------+-----+
|Dan.Mitra@test.com| -1.0|
+------------------+-----+

-------------------------------------------
Batch: 1326
-------------------------------------------
+--------------------+-----+
|            customer|score|
+--------------------+-----+
|Suresh.Habschied@...| -5.0|
+--------------------+-----+

-------------------------------------------
Batch: 1327
-------------------------------------------
+--------------------+-----+
|            customer|score|
+--------------------+-----+
|Jason.Habschied@t...| -3.5|
+--------------------+-----+

-------------------------------------------
Batch: 1328
-------------------------------------------
+--------------------+-----+
|            customer|score|
+--------------------+-----+
|Jason.Khatib@test...| -5.0|
+--------------------+-----+

-------------------------------------------
Batch: 1329
-------------------------------------------
+--------------------+-----+
|            customer|score|
+--------------------+-----+
|Craig.Sanchez@tes...| -4.5|
+--------------------+-----+

-------------------------------------------
Batch: 1330
-------------------------------------------
+--------------------+-----+
|            customer|score|
+--------------------+-----+
|Eric.Hansen@test.com| -4.0|
+--------------------+-----+

-------------------------------------------
Batch: 1331
-------------------------------------------
+--------------------+-----+
|            customer|score|
+--------------------+-----+
|Senthil.Staples@t...| -3.5|
+--------------------+-----+

-------------------------------------------
Batch: 1332
-------------------------------------------
+--------------------+-----+
|            customer|score|
+--------------------+-----+
|Spencer.Howard@te...| -1.5|
+--------------------+-----+

-------------------------------------------
Batch: 1333
-------------------------------------------
+--------------------+-----+
|            customer|score|
+--------------------+-----+
|Edward.Jones@test...| -4.5|
+--------------------+-----+

-------------------------------------------
Batch: 1334
-------------------------------------------
+----------------+-----+
|        customer|score|
+----------------+-----+
|Eric.Wu@test.com|  4.5|
+----------------+-----+

-------------------------------------------
Batch: 1335
-------------------------------------------
+--------------------+-----+
|            customer|score|
+--------------------+-----+
|Frank.Sanchez@tes...| 17.5|
+--------------------+-----+

-------------------------------------------
Batch: 1336
-------------------------------------------
+--------------------+-----+
|            customer|score|
+--------------------+-----+
|Gail.Habschied@te...| 14.5|
+--------------------+-----+

-------------------------------------------
Batch: 1337
-------------------------------------------
+--------------------+-----+
|            customer|score|
+--------------------+-----+
|Jerry.Jones@test.com|  8.5|
+--------------------+-----+

-------------------------------------------
Batch: 1338
-------------------------------------------
+--------------------+-----+
|            customer|score|
+--------------------+-----+
|Santosh.Khatib@te...| 17.5|
+--------------------+-----+

-------------------------------------------
Batch: 1339
-------------------------------------------
+--------------------+-----+
|            customer|score|
+--------------------+-----+
|Jason.Lincoln@tes...| 39.5|
+--------------------+-----+

-------------------------------------------
Batch: 1340
-------------------------------------------
+--------------------+-----+
|            customer|score|
+--------------------+-----+
|Angie.Abram@test.com|  8.5|
+--------------------+-----+

-------------------------------------------
Batch: 1341
-------------------------------------------
+--------------------+-----+
|            customer|score|
+--------------------+-----+
|Travis.Doshi@test...| -5.5|
+--------------------+-----+

-------------------------------------------
Batch: 1342
-------------------------------------------
+-------------------+-----+
|           customer|score|
+-------------------+-----+
|Gail.Smith@test.com|  2.0|
+-------------------+-----+

-------------------------------------------
Batch: 1343
-------------------------------------------
+-------------------+-----+
|           customer|score|
+-------------------+-----+
|Ben.Hansen@test.com| 14.0|
+-------------------+-----+

-------------------------------------------
Batch: 1344
-------------------------------------------
+--------------------+-----+
|            customer|score|
+--------------------+-----+
|Santosh.Huey@test...|  8.5|
+--------------------+-----+

-------------------------------------------
Batch: 1345
-------------------------------------------
+------------------+-----+
|          customer|score|
+------------------+-----+
|Lyn.Abram@test.com|  0.5|
+------------------+-----+

-------------------------------------------
Batch: 1346
-------------------------------------------
+--------------------+-----+
|            customer|score|
+--------------------+-----+
|Trevor.Aristotle@...| -4.5|
+--------------------+-----+

-------------------------------------------
Batch: 1347
-------------------------------------------
+--------------------+-----+
|            customer|score|
+--------------------+-----+
|Craig.Aristotle@t...| 16.0|
+--------------------+-----+

-------------------------------------------
Batch: 1348
-------------------------------------------
+--------------------+-----+
|            customer|score|
+--------------------+-----+
|Lyn.Sanchez@test.com|-21.0|
+--------------------+-----+

-------------------------------------------
Batch: 1349
-------------------------------------------
+--------------------+-----+
|            customer|score|
+--------------------+-----+
|Jerry.Doshi@test.com|-40.5|
+--------------------+-----+

-------------------------------------------
Batch: 1350
-------------------------------------------
+-------------------+-----+
|           customer|score|
+-------------------+-----+
|Sean.Abram@test.com| -2.0|
+-------------------+-----+

-------------------------------------------
Batch: 1351
-------------------------------------------
+--------------------+-----+
|            customer|score|
+--------------------+-----+
|Senthil.Lincoln@t...| -2.5|
+--------------------+-----+

-------------------------------------------
Batch: 1352
-------------------------------------------
+------------------+-----+
|          customer|score|
+------------------+-----+
|Dan.Mitra@test.com| -1.5|
+------------------+-----+

-------------------------------------------
Batch: 1353
-------------------------------------------
+--------------------+-----+
|            customer|score|
+--------------------+-----+
|Suresh.Habschied@...| -4.0|
+--------------------+-----+

-------------------------------------------
Batch: 1354
-------------------------------------------
+--------------------+-----+
|            customer|score|
+--------------------+-----+
|Jason.Habschied@t...| -3.5|
+--------------------+-----+

-------------------------------------------
Batch: 1355
-------------------------------------------
+--------------------+-----+
|            customer|score|
+--------------------+-----+
|Jason.Khatib@test...| -4.5|
+--------------------+-----+

-------------------------------------------
Batch: 1356
-------------------------------------------
+--------------------+-----+
|            customer|score|
+--------------------+-----+
|Craig.Sanchez@tes...| -3.0|
+--------------------+-----+

-------------------------------------------
Batch: 1357
-------------------------------------------
+--------------------+-----+
|            customer|score|
+--------------------+-----+
|Eric.Hansen@test.com| -3.5|
+--------------------+-----+

-------------------------------------------
Batch: 1358
-------------------------------------------
+--------------------+-----+
|            customer|score|
+--------------------+-----+
|Senthil.Staples@t...| -3.0|
+--------------------+-----+

-------------------------------------------
Batch: 1359
-------------------------------------------
+--------------------+-----+
|            customer|score|
+--------------------+-----+
|Spencer.Howard@te...| -2.5|
+--------------------+-----+

-------------------------------------------
Batch: 1360
-------------------------------------------
+--------------------+-----+
|            customer|score|
+--------------------+-----+
|Edward.Jones@test...| -3.0|
+--------------------+-----+

-------------------------------------------
Batch: 1361
-------------------------------------------
+----------------+-----+
|        customer|score|
+----------------+-----+
|Eric.Wu@test.com|-14.5|
+----------------+-----+

-------------------------------------------
Batch: 1362
-------------------------------------------
+--------------------+-----+
|            customer|score|
+--------------------+-----+
|Frank.Sanchez@tes...|-24.0|
+--------------------+-----+

-------------------------------------------
Batch: 1363
-------------------------------------------
+--------------------+-----+
|            customer|score|
+--------------------+-----+
|Gail.Habschied@te...| -0.5|
+--------------------+-----+

-------------------------------------------
Batch: 1364
-------------------------------------------
+--------------------+-----+
|            customer|score|
+--------------------+-----+
|Jerry.Jones@test.com|-13.0|
+--------------------+-----+

-------------------------------------------
Batch: 1365
-------------------------------------------
+--------------------+-----+
|            customer|score|
+--------------------+-----+
|Santosh.Khatib@te...|  3.0|
+--------------------+-----+

-------------------------------------------
Batch: 1366
-------------------------------------------
+--------------------+-----+
|            customer|score|
+--------------------+-----+
|Jason.Lincoln@tes...|  3.5|
+--------------------+-----+

-------------------------------------------
Batch: 1367
-------------------------------------------
+--------------------+-----+
|            customer|score|
+--------------------+-----+
|Angie.Abram@test.com|-17.0|
+--------------------+-----+

-------------------------------------------
Batch: 1368
-------------------------------------------
+--------------------+-----+
|            customer|score|
+--------------------+-----+
|Travis.Doshi@test...|  0.5|
+--------------------+-----+

-------------------------------------------
Batch: 1369
-------------------------------------------
+-------------------+-----+
|           customer|score|
+-------------------+-----+
|Gail.Smith@test.com| 16.0|
+-------------------+-----+

-------------------------------------------
Batch: 1370
-------------------------------------------
+-------------------+-----+
|           customer|score|
+-------------------+-----+
|Ben.Hansen@test.com| 16.0|
+-------------------+-----+

-------------------------------------------
Batch: 1371
-------------------------------------------
+--------------------+-----+
|            customer|score|
+--------------------+-----+
|Santosh.Huey@test...| 18.5|
+--------------------+-----+

-------------------------------------------
Batch: 1372
-------------------------------------------
+------------------+-----+
|          customer|score|
+------------------+-----+
|Lyn.Abram@test.com| -7.5|
+------------------+-----+

-------------------------------------------
Batch: 1373
-------------------------------------------
+--------------------+-----+
|            customer|score|
+--------------------+-----+
|Trevor.Aristotle@...| 15.5|
+--------------------+-----+

-------------------------------------------
Batch: 1374
-------------------------------------------
+--------------------+-----+
|            customer|score|
+--------------------+-----+
|Craig.Aristotle@t...| -4.0|
+--------------------+-----+

-------------------------------------------
Batch: 1375
-------------------------------------------
+--------------------+-----+
|            customer|score|
+--------------------+-----+
|Lyn.Sanchez@test.com| 16.0|
+--------------------+-----+

-------------------------------------------
Batch: 1376
-------------------------------------------
+--------------------+-----+
|            customer|score|
+--------------------+-----+
|Jerry.Doshi@test.com|-26.0|
+--------------------+-----+

-------------------------------------------
Batch: 1377
-------------------------------------------
+-------------------+-----+
|           customer|score|
+-------------------+-----+
|Sean.Abram@test.com| -3.0|
+-------------------+-----+

-------------------------------------------
Batch: 1378
-------------------------------------------
+--------------------+-----+
|            customer|score|
+--------------------+-----+
|Senthil.Lincoln@t...| -4.5|
+--------------------+-----+

-------------------------------------------
Batch: 1379
-------------------------------------------
+------------------+-----+
|          customer|score|
+------------------+-----+
|Dan.Mitra@test.com| -4.5|
+------------------+-----+

-------------------------------------------
Batch: 1380
-------------------------------------------
+--------------------+-----+
|            customer|score|
+--------------------+-----+
|Suresh.Habschied@...| -4.5|
+--------------------+-----+

-------------------------------------------
Batch: 1381
-------------------------------------------
+--------------------+-----+
|            customer|score|
+--------------------+-----+
|Jason.Habschied@t...| -2.5|
+--------------------+-----+

-------------------------------------------
Batch: 1382
-------------------------------------------
+--------------------+-----+
|            customer|score|
+--------------------+-----+
|Jason.Khatib@test...| -2.0|
+--------------------+-----+

-------------------------------------------
Batch: 1383
-------------------------------------------
+--------------------+-----+
|            customer|score|
+--------------------+-----+
|Craig.Sanchez@tes...| -2.0|
+--------------------+-----+

-------------------------------------------
Batch: 1384
-------------------------------------------
+--------------------+-----+
|            customer|score|
+--------------------+-----+
|Eric.Hansen@test.com| -2.5|
+--------------------+-----+

-------------------------------------------
Batch: 1385
-------------------------------------------
+--------------------+-----+
|            customer|score|
+--------------------+-----+
|Senthil.Staples@t...| -3.0|
+--------------------+-----+

-------------------------------------------
Batch: 1386
-------------------------------------------
+--------------------+-----+
|            customer|score|
+--------------------+-----+
|Spencer.Howard@te...| -2.5|
+--------------------+-----+

-------------------------------------------
Batch: 1387
-------------------------------------------
+--------------------+-----+
|            customer|score|
+--------------------+-----+
|Edward.Jones@test...| -3.0|
+--------------------+-----+

-------------------------------------------
Batch: 1388
-------------------------------------------
+----------------+-----+
|        customer|score|
+----------------+-----+
|Eric.Wu@test.com|  9.0|
+----------------+-----+

-------------------------------------------
Batch: 1389
-------------------------------------------
+--------------------+-----+
|            customer|score|
+--------------------+-----+
|Frank.Sanchez@tes...|-44.5|
+--------------------+-----+

-------------------------------------------
Batch: 1390
-------------------------------------------
+--------------------+-----+
|            customer|score|
+--------------------+-----+
|Gail.Habschied@te...|-10.5|
+--------------------+-----+

-------------------------------------------
Batch: 1391
-------------------------------------------
+--------------------+-----+
|            customer|score|
+--------------------+-----+
|Jerry.Jones@test.com| -8.0|
+--------------------+-----+

-------------------------------------------
Batch: 1392
-------------------------------------------
+--------------------+-----+
|            customer|score|
+--------------------+-----+
|Santosh.Khatib@te...|-24.0|
+--------------------+-----+

-------------------------------------------
Batch: 1393
-------------------------------------------
+--------------------+-----+
|            customer|score|
+--------------------+-----+
|Jason.Lincoln@tes...|  0.0|
+--------------------+-----+

-------------------------------------------
Batch: 1394
-------------------------------------------
+--------------------+-----+
|            customer|score|
+--------------------+-----+
|Angie.Abram@test.com|-26.0|
+--------------------+-----+

-------------------------------------------
Batch: 1395
-------------------------------------------
+--------------------+-----+
|            customer|score|
+--------------------+-----+
|Travis.Doshi@test...|  4.5|
+--------------------+-----+

-------------------------------------------
Batch: 1396
-------------------------------------------
+-------------------+-----+
|           customer|score|
+-------------------+-----+
|Gail.Smith@test.com|-12.5|
+-------------------+-----+

-------------------------------------------
Batch: 1397
-------------------------------------------
+-------------------+-----+
|           customer|score|
+-------------------+-----+
|Ben.Hansen@test.com| 13.5|
+-------------------+-----+

-------------------------------------------
Batch: 1398
-------------------------------------------
+--------------------+-----+
|            customer|score|
+--------------------+-----+
|Santosh.Huey@test...|  4.0|
+--------------------+-----+

-------------------------------------------
Batch: 1399
-------------------------------------------
+------------------+-----+
|          customer|score|
+------------------+-----+
|Lyn.Abram@test.com|-25.0|
+------------------+-----+

-------------------------------------------
Batch: 1400
-------------------------------------------
+--------------------+-----+
|            customer|score|
+--------------------+-----+
|Trevor.Aristotle@...|  3.5|
+--------------------+-----+

-------------------------------------------
Batch: 1401
-------------------------------------------
+--------------------+-----+
|            customer|score|
+--------------------+-----+
|Craig.Aristotle@t...|-20.0|
+--------------------+-----+

-------------------------------------------
Batch: 1402
-------------------------------------------
+--------------------+-----+
|            customer|score|
+--------------------+-----+
|Lyn.Sanchez@test.com| -3.0|
+--------------------+-----+

-------------------------------------------
Batch: 1403
-------------------------------------------
+--------------------+-----+
|            customer|score|
+--------------------+-----+
|Jerry.Doshi@test.com| 33.0|
+--------------------+-----+

-------------------------------------------
Batch: 1404
-------------------------------------------
+-------------------+-----+
|           customer|score|
+-------------------+-----+
|Sean.Abram@test.com| -4.5|
+-------------------+-----+

-------------------------------------------
Batch: 1405
-------------------------------------------
+--------------------+-----+
|            customer|score|
+--------------------+-----+
|Senthil.Lincoln@t...| -3.5|
+--------------------+-----+

-------------------------------------------
Batch: 1406
-------------------------------------------
+------------------+-----+
|          customer|score|
+------------------+-----+
|Dan.Mitra@test.com| -6.0|
+------------------+-----+

-------------------------------------------
Batch: 1407
-------------------------------------------
+--------------------+-----+
|            customer|score|
+--------------------+-----+
|Suresh.Habschied@...| -4.0|
+--------------------+-----+

-------------------------------------------
Batch: 1408
-------------------------------------------
+--------------------+-----+
|            customer|score|
+--------------------+-----+
|Jason.Habschied@t...| -2.0|
+--------------------+-----+

-------------------------------------------
Batch: 1409
-------------------------------------------
+--------------------+-----+
|            customer|score|
+--------------------+-----+
|Jason.Khatib@test...| -2.5|
+--------------------+-----+

-------------------------------------------
Batch: 1410
-------------------------------------------
+--------------------+-----+
|            customer|score|
+--------------------+-----+
|Craig.Sanchez@tes...| -3.0|
+--------------------+-----+

-------------------------------------------
Batch: 1411
-------------------------------------------
+--------------------+-----+
|            customer|score|
+--------------------+-----+
|Eric.Hansen@test.com| -3.0|
+--------------------+-----+

-------------------------------------------
Batch: 1412
-------------------------------------------
+--------------------+-----+
|            customer|score|
+--------------------+-----+
|Senthil.Staples@t...| -3.0|
+--------------------+-----+

-------------------------------------------
Batch: 1413
-------------------------------------------
+--------------------+-----+
|            customer|score|
+--------------------+-----+
|Spencer.Howard@te...| -1.5|
+--------------------+-----+

-------------------------------------------
Batch: 1414
-------------------------------------------
+--------------------+-----+
|            customer|score|
+--------------------+-----+
|Edward.Jones@test...| -2.0|
+--------------------+-----+

-------------------------------------------
Batch: 1415
-------------------------------------------
+----------------+-----+
|        customer|score|
+----------------+-----+
|Eric.Wu@test.com| 14.5|
+----------------+-----+

-------------------------------------------
Batch: 1416
-------------------------------------------
+--------------------+-----+
|            customer|score|
+--------------------+-----+
|Frank.Sanchez@tes...| -6.0|
+--------------------+-----+

-------------------------------------------
Batch: 1417
-------------------------------------------
+--------------------+-----+
|            customer|score|
+--------------------+-----+
|Gail.Habschied@te...|  2.5|
+--------------------+-----+

-------------------------------------------
Batch: 1418
-------------------------------------------
+--------------------+-----+
|            customer|score|
+--------------------+-----+
|Jerry.Jones@test.com| 27.0|
+--------------------+-----+

-------------------------------------------
Batch: 1419
-------------------------------------------
+--------------------+-----+
|            customer|score|
+--------------------+-----+
|Santosh.Khatib@te...|-25.5|
+--------------------+-----+

-------------------------------------------
Batch: 1420
-------------------------------------------
+--------------------+-----+
|            customer|score|
+--------------------+-----+
|Jason.Lincoln@tes...|  8.0|
+--------------------+-----+

-------------------------------------------
Batch: 1421
-------------------------------------------
+--------------------+-----+
|            customer|score|
+--------------------+-----+
|Angie.Abram@test.com| 23.0|
+--------------------+-----+

-------------------------------------------
Batch: 1422
-------------------------------------------
+--------------------+-----+
|            customer|score|
+--------------------+-----+
|Travis.Doshi@test...|  0.5|
+--------------------+-----+

-------------------------------------------
Batch: 1423
-------------------------------------------
+-------------------+-----+
|           customer|score|
+-------------------+-----+
|Gail.Smith@test.com|-17.0|
+-------------------+-----+

-------------------------------------------
Batch: 1424
-------------------------------------------
+-------------------+-----+
|           customer|score|
+-------------------+-----+
|Ben.Hansen@test.com|  2.5|
+-------------------+-----+

-------------------------------------------
Batch: 1425
-------------------------------------------
+--------------------+-----+
|            customer|score|
+--------------------+-----+
|Santosh.Huey@test...|-23.5|
+--------------------+-----+

-------------------------------------------
Batch: 1426
-------------------------------------------
+------------------+-----+
|          customer|score|
+------------------+-----+
|Lyn.Abram@test.com|-18.0|
+------------------+-----+

-------------------------------------------
Batch: 1427
-------------------------------------------
+--------------------+-----+
|            customer|score|
+--------------------+-----+
|Trevor.Aristotle@...| 23.0|
+--------------------+-----+

-------------------------------------------
Batch: 1428
-------------------------------------------
+--------------------+-----+
|            customer|score|
+--------------------+-----+
|Craig.Aristotle@t...|  2.5|
+--------------------+-----+

-------------------------------------------
Batch: 1429
-------------------------------------------
+--------------------+-----+
|            customer|score|
+--------------------+-----+
|Lyn.Sanchez@test.com| -7.5|
+--------------------+-----+

-------------------------------------------
Batch: 1430
-------------------------------------------
+--------------------+-----+
|            customer|score|
+--------------------+-----+
|Jerry.Doshi@test.com| 51.5|
+--------------------+-----+

-------------------------------------------
Batch: 1431
-------------------------------------------
+-------------------+-----+
|           customer|score|
+-------------------+-----+
|Sean.Abram@test.com| -3.5|
+-------------------+-----+

-------------------------------------------
Batch: 1432
-------------------------------------------
+--------------------+-----+
|            customer|score|
+--------------------+-----+
|Senthil.Lincoln@t...| -2.5|
+--------------------+-----+

-------------------------------------------
Batch: 1433
-------------------------------------------
+------------------+-----+
|          customer|score|
+------------------+-----+
|Dan.Mitra@test.com| -6.0|
+------------------+-----+

-------------------------------------------
Batch: 1434
-------------------------------------------
+--------------------+-----+
|            customer|score|
+--------------------+-----+
|Suresh.Habschied@...| -3.0|
+--------------------+-----+

-------------------------------------------
Batch: 1435
-------------------------------------------
+--------------------+-----+
|            customer|score|
+--------------------+-----+
|Jason.Habschied@t...| -2.0|
+--------------------+-----+

-------------------------------------------
Batch: 1436
-------------------------------------------
+--------------------+-----+
|            customer|score|
+--------------------+-----+
|Jason.Khatib@test...| -3.5|
+--------------------+-----+

-------------------------------------------
Batch: 1437
-------------------------------------------
+--------------------+-----+
|            customer|score|
+--------------------+-----+
|Craig.Sanchez@tes...| -3.5|
+--------------------+-----+

-------------------------------------------
Batch: 1438
-------------------------------------------
+--------------------+-----+
|            customer|score|
+--------------------+-----+
|Eric.Hansen@test.com| -2.0|
+--------------------+-----+

-------------------------------------------
Batch: 1439
-------------------------------------------
+--------------------+-----+
|            customer|score|
+--------------------+-----+
|Senthil.Staples@t...| -3.5|
+--------------------+-----+

-------------------------------------------
Batch: 1440
-------------------------------------------
+--------------------+-----+
|            customer|score|
+--------------------+-----+
|Spencer.Howard@te...| -2.0|
+--------------------+-----+

-------------------------------------------
Batch: 1441
-------------------------------------------
+--------------------+-----+
|            customer|score|
+--------------------+-----+
|Edward.Jones@test...| -2.5|
+--------------------+-----+

-------------------------------------------
Batch: 1442
-------------------------------------------
+----------------+-----+
|        customer|score|
+----------------+-----+
|Eric.Wu@test.com|  1.0|
+----------------+-----+

-------------------------------------------
Batch: 1443
-------------------------------------------
+--------------------+-----+
|            customer|score|
+--------------------+-----+
|Frank.Sanchez@tes...| 39.0|
+--------------------+-----+

-------------------------------------------
Batch: 1444
-------------------------------------------
+--------------------+-----+
|            customer|score|
+--------------------+-----+
|Gail.Habschied@te...| 15.5|
+--------------------+-----+

-------------------------------------------
Batch: 1445
-------------------------------------------
+--------------------+-----+
|            customer|score|
+--------------------+-----+
|Jerry.Jones@test.com| 21.0|
+--------------------+-----+

-------------------------------------------
Batch: 1446
-------------------------------------------
+--------------------+-----+
|            customer|score|
+--------------------+-----+
|Santosh.Khatib@te...|  7.0|
+--------------------+-----+

-------------------------------------------
Batch: 1447
-------------------------------------------
+--------------------+-----+
|            customer|score|
+--------------------+-----+
|Jason.Lincoln@tes...|  1.5|
+--------------------+-----+

-------------------------------------------
Batch: 1448
-------------------------------------------
+--------------------+-----+
|            customer|score|
+--------------------+-----+
|Angie.Abram@test.com| 31.0|
+--------------------+-----+

-------------------------------------------
Batch: 1449
-------------------------------------------
+--------------------+-----+
|            customer|score|
+--------------------+-----+
|Travis.Doshi@test...|  0.0|
+--------------------+-----+

-------------------------------------------
Batch: 1450
-------------------------------------------
+-------------------+-----+
|           customer|score|
+-------------------+-----+
|Gail.Smith@test.com| -5.0|
+-------------------+-----+

-------------------------------------------
Batch: 1451
-------------------------------------------
+-------------------+-----+
|           customer|score|
+-------------------+-----+
|Ben.Hansen@test.com| -6.0|
+-------------------+-----+

-------------------------------------------
Batch: 1452
-------------------------------------------
+--------------------+-----+
|            customer|score|
+--------------------+-----+
|Santosh.Huey@test...|-22.0|
+--------------------+-----+

-------------------------------------------
Batch: 1453
-------------------------------------------
+------------------+-----+
|          customer|score|
+------------------+-----+
|Lyn.Abram@test.com| 21.5|
+------------------+-----+

-------------------------------------------
Batch: 1454
-------------------------------------------
+--------------------+-----+
|            customer|score|
+--------------------+-----+
|Trevor.Aristotle@...| 16.0|
+--------------------+-----+

-------------------------------------------
Batch: 1455
-------------------------------------------
+--------------------+-----+
|            customer|score|
+--------------------+-----+
|Craig.Aristotle@t...| 12.5|
+--------------------+-----+

-------------------------------------------
Batch: 1456
-------------------------------------------
+--------------------+-----+
|            customer|score|
+--------------------+-----+
|Lyn.Sanchez@test.com| 17.5|
+--------------------+-----+

-------------------------------------------
Batch: 1457
-------------------------------------------
+--------------------+-----+
|            customer|score|
+--------------------+-----+
|Jerry.Doshi@test.com| -1.0|
+--------------------+-----+

-------------------------------------------
Batch: 1458
-------------------------------------------
+-------------------+-----+
|           customer|score|
+-------------------+-----+
|Sean.Abram@test.com| -1.5|
+-------------------+-----+

-------------------------------------------
Batch: 1459
-------------------------------------------
+--------------------+-----+
|            customer|score|
+--------------------+-----+
|Senthil.Lincoln@t...| -4.0|
+--------------------+-----+

-------------------------------------------
Batch: 1460
-------------------------------------------
+------------------+-----+
|          customer|score|
+------------------+-----+
|Dan.Mitra@test.com| -5.5|
+------------------+-----+

-------------------------------------------
Batch: 1461
-------------------------------------------
+--------------------+-----+
|            customer|score|
+--------------------+-----+
|Suresh.Habschied@...| -2.5|
+--------------------+-----+

-------------------------------------------
Batch: 1462
-------------------------------------------
+--------------------+-----+
|            customer|score|
+--------------------+-----+
|Jason.Habschied@t...| -3.0|
+--------------------+-----+

-------------------------------------------
Batch: 1463
-------------------------------------------
+--------------------+-----+
|            customer|score|
+--------------------+-----+
|Jason.Khatib@test...| -2.5|
+--------------------+-----+

-------------------------------------------
Batch: 1464
-------------------------------------------
+--------------------+-----+
|            customer|score|
+--------------------+-----+
|Craig.Sanchez@tes...| -3.0|
+--------------------+-----+

-------------------------------------------
Batch: 1465
-------------------------------------------
+--------------------+-----+
|            customer|score|
+--------------------+-----+
|Eric.Hansen@test.com| -2.0|
+--------------------+-----+

-------------------------------------------
Batch: 1466
-------------------------------------------
+--------------------+-----+
|            customer|score|
+--------------------+-----+
|Senthil.Staples@t...| -4.5|
+--------------------+-----+

-------------------------------------------
Batch: 1467
-------------------------------------------
+--------------------+-----+
|            customer|score|
+--------------------+-----+
|Spencer.Howard@te...| -4.0|
+--------------------+-----+

-------------------------------------------
Batch: 1468
-------------------------------------------
+--------------------+-----+
|            customer|score|
+--------------------+-----+
|Edward.Jones@test...| -4.0|
+--------------------+-----+

-------------------------------------------
Batch: 1469
-------------------------------------------
+----------------+-----+
|        customer|score|
+----------------+-----+
|Eric.Wu@test.com|-16.5|
+----------------+-----+

-------------------------------------------
Batch: 1470
-------------------------------------------
+--------------------+-----+
|            customer|score|
+--------------------+-----+
|Frank.Sanchez@tes...| 17.0|
+--------------------+-----+

-------------------------------------------
Batch: 1471
-------------------------------------------
+--------------------+-----+
|            customer|score|
+--------------------+-----+
|Gail.Habschied@te...|  2.0|
+--------------------+-----+

-------------------------------------------
Batch: 1472
-------------------------------------------
+--------------------+-----+
|            customer|score|
+--------------------+-----+
|Jerry.Jones@test.com| -9.0|
+--------------------+-----+

-------------------------------------------
Batch: 1473
-------------------------------------------
+--------------------+-----+
|            customer|score|
+--------------------+-----+
|Santosh.Khatib@te...| 19.0|
+--------------------+-----+

-------------------------------------------
Batch: 1474
-------------------------------------------
+--------------------+-----+
|            customer|score|
+--------------------+-----+
|Jason.Lincoln@tes...| -9.5|
+--------------------+-----+

-------------------------------------------
Batch: 1475
-------------------------------------------
+--------------------+-----+
|            customer|score|
+--------------------+-----+
|Angie.Abram@test.com|-21.5|
+--------------------+-----+

-------------------------------------------
Batch: 1476
-------------------------------------------
+--------------------+-----+
|            customer|score|
+--------------------+-----+
|Travis.Doshi@test...|-12.0|
+--------------------+-----+

-------------------------------------------
Batch: 1477
-------------------------------------------
+-------------------+-----+
|           customer|score|
+-------------------+-----+
|Gail.Smith@test.com|-19.5|
+-------------------+-----+

-------------------------------------------
Batch: 1478
-------------------------------------------
+-------------------+-----+
|           customer|score|
+-------------------+-----+
|Ben.Hansen@test.com|-26.0|
+-------------------+-----+

-------------------------------------------
Batch: 1479
-------------------------------------------
+--------------------+-----+
|            customer|score|
+--------------------+-----+
|Santosh.Huey@test...|  7.0|
+--------------------+-----+

-------------------------------------------
Batch: 1480
-------------------------------------------
+------------------+-----+
|          customer|score|
+------------------+-----+
|Lyn.Abram@test.com| 33.5|
+------------------+-----+

-------------------------------------------
Batch: 1481
-------------------------------------------
+--------------------+-----+
|            customer|score|
+--------------------+-----+
|Trevor.Aristotle@...|-18.5|
+--------------------+-----+

-------------------------------------------
Batch: 1482
-------------------------------------------
+--------------------+-----+
|            customer|score|
+--------------------+-----+
|Craig.Aristotle@t...|  9.0|
+--------------------+-----+

-------------------------------------------
Batch: 1483
-------------------------------------------
+--------------------+-----+
|            customer|score|
+--------------------+-----+
|Lyn.Sanchez@test.com|  9.5|
+--------------------+-----+

-------------------------------------------
Batch: 1484
-------------------------------------------
+--------------------+-----+
|            customer|score|
+--------------------+-----+
|Jerry.Doshi@test.com|-30.5|
+--------------------+-----+

-------------------------------------------
Batch: 1485
-------------------------------------------
+-------------------+-----+
|           customer|score|
+-------------------+-----+
|Sean.Abram@test.com| -1.0|
+-------------------+-----+

-------------------------------------------
Batch: 1486
-------------------------------------------
+--------------------+-----+
|            customer|score|
+--------------------+-----+
|Senthil.Lincoln@t...| -5.0|
+--------------------+-----+

-------------------------------------------
Batch: 1487
-------------------------------------------
+------------------+-----+
|          customer|score|
+------------------+-----+
|Dan.Mitra@test.com| -4.0|
+------------------+-----+

-------------------------------------------
Batch: 1488
-------------------------------------------
+--------------------+-----+
|            customer|score|
+--------------------+-----+
|Suresh.Habschied@...| -1.0|
+--------------------+-----+

-------------------------------------------
Batch: 1489
-------------------------------------------
+--------------------+-----+
|            customer|score|
+--------------------+-----+
|Jason.Habschied@t...| -4.0|
+--------------------+-----+

-------------------------------------------
Batch: 1490
-------------------------------------------
+--------------------+-----+
|            customer|score|
+--------------------+-----+
|Jason.Khatib@test...| -3.5|
+--------------------+-----+

-------------------------------------------
Batch: 1491
-------------------------------------------
+--------------------+-----+
|            customer|score|
+--------------------+-----+
|Craig.Sanchez@tes...| -3.5|
+--------------------+-----+

-------------------------------------------
Batch: 1492
-------------------------------------------
+--------------------+-----+
|            customer|score|
+--------------------+-----+
|Eric.Hansen@test.com| -4.0|
+--------------------+-----+

-------------------------------------------
Batch: 1493
-------------------------------------------
+--------------------+-----+
|            customer|score|
+--------------------+-----+
|Senthil.Staples@t...| -5.0|
+--------------------+-----+

-------------------------------------------
Batch: 1494
-------------------------------------------
+--------------------+-----+
|            customer|score|
+--------------------+-----+
|Spencer.Howard@te...| -3.5|
+--------------------+-----+

-------------------------------------------
Batch: 1495
-------------------------------------------
+--------------------+-----+
|            customer|score|
+--------------------+-----+
|Edward.Jones@test...| -3.0|
+--------------------+-----+

-------------------------------------------
Batch: 1496
-------------------------------------------
+----------------+-----+
|        customer|score|
+----------------+-----+
|Eric.Wu@test.com|-12.5|
+----------------+-----+

-------------------------------------------
Batch: 1497
-------------------------------------------
+--------------------+-----+
|            customer|score|
+--------------------+-----+
|Frank.Sanchez@tes...|-17.0|
+--------------------+-----+

-------------------------------------------
Batch: 1498
-------------------------------------------
+--------------------+-----+
|            customer|score|
+--------------------+-----+
|Gail.Habschied@te...| -5.5|
+--------------------+-----+

-------------------------------------------
Batch: 1499
-------------------------------------------
+--------------------+-----+
|            customer|score|
+--------------------+-----+
|Jerry.Jones@test.com|-37.5|
+--------------------+-----+

-------------------------------------------
Batch: 1500
-------------------------------------------
+--------------------+-----+
|            customer|score|
+--------------------+-----+
|Santosh.Khatib@te...|  1.5|
+--------------------+-----+

-------------------------------------------
Batch: 1501
-------------------------------------------
+--------------------+-----+
|            customer|score|
+--------------------+-----+
|Jason.Lincoln@tes...|-11.0|
+--------------------+-----+

-------------------------------------------
Batch: 1502
-------------------------------------------
+--------------------+-----+
|            customer|score|
+--------------------+-----+
|Angie.Abram@test.com|-44.5|
+--------------------+-----+

-------------------------------------------
Batch: 1503
-------------------------------------------
+--------------------+-----+
|            customer|score|
+--------------------+-----+
|Travis.Doshi@test...| 11.0|
+--------------------+-----+

-------------------------------------------
Batch: 1504
-------------------------------------------
+-------------------+-----+
|           customer|score|
+-------------------+-----+
|Gail.Smith@test.com|-19.0|
+-------------------+-----+

-------------------------------------------
Batch: 1505
-------------------------------------------
+-------------------+-----+
|           customer|score|
+-------------------+-----+
|Ben.Hansen@test.com|-20.0|
+-------------------+-----+

-------------------------------------------
Batch: 1506
-------------------------------------------
+--------------------+-----+
|            customer|score|
+--------------------+-----+
|Santosh.Huey@test...| 32.0|
+--------------------+-----+

-------------------------------------------
Batch: 1507
-------------------------------------------
+------------------+-----+
|          customer|score|
+------------------+-----+
|Lyn.Abram@test.com| -3.0|
+------------------+-----+

-------------------------------------------
Batch: 1508
-------------------------------------------
+--------------------+-----+
|            customer|score|
+--------------------+-----+
|Trevor.Aristotle@...|-17.0|
+--------------------+-----+

-------------------------------------------
Batch: 1509
-------------------------------------------
+--------------------+-----+
|            customer|score|
+--------------------+-----+
|Craig.Aristotle@t...|  8.5|
+--------------------+-----+

-------------------------------------------
Batch: 1510
-------------------------------------------
+--------------------+-----+
|            customer|score|
+--------------------+-----+
|Lyn.Sanchez@test.com| -3.5|
+--------------------+-----+

-------------------------------------------
Batch: 1511
-------------------------------------------
+--------------------+-----+
|            customer|score|
+--------------------+-----+
|Jerry.Doshi@test.com| -9.0|
+--------------------+-----+

-------------------------------------------
Batch: 1512
-------------------------------------------
+-------------------+-----+
|           customer|score|
+-------------------+-----+
|Sean.Abram@test.com| -2.0|
+-------------------+-----+

-------------------------------------------
Batch: 1513
-------------------------------------------
+--------------------+-----+
|            customer|score|
+--------------------+-----+
|Senthil.Lincoln@t...| -5.5|
+--------------------+-----+

-------------------------------------------
Batch: 1514
-------------------------------------------
+------------------+-----+
|          customer|score|
+------------------+-----+
|Dan.Mitra@test.com| -2.0|
+------------------+-----+

-------------------------------------------
Batch: 1515
-------------------------------------------
+--------------------+-----+
|            customer|score|
+--------------------+-----+
|Suresh.Habschied@...| -1.5|
+--------------------+-----+

-------------------------------------------
Batch: 1516
-------------------------------------------
+--------------------+-----+
|            customer|score|
+--------------------+-----+
|Jason.Habschied@t...| -3.0|
+--------------------+-----+

-------------------------------------------
Batch: 1517
-------------------------------------------
+--------------------+-----+
|            customer|score|
+--------------------+-----+
|Jason.Khatib@test...| -5.5|
+--------------------+-----+

-------------------------------------------
Batch: 1518
-------------------------------------------
+--------------------+-----+
|            customer|score|
+--------------------+-----+
|Craig.Sanchez@tes...| -3.5|
+--------------------+-----+

-------------------------------------------
Batch: 1519
-------------------------------------------
+--------------------+-----+
|            customer|score|
+--------------------+-----+
|Eric.Hansen@test.com| -4.0|
+--------------------+-----+

-------------------------------------------
Batch: 1520
-------------------------------------------
+--------------------+-----+
|            customer|score|
+--------------------+-----+
|Senthil.Staples@t...| -5.0|
+--------------------+-----+

-------------------------------------------
Batch: 1521
-------------------------------------------
+--------------------+-----+
|            customer|score|
+--------------------+-----+
|Spencer.Howard@te...| -1.0|
+--------------------+-----+

-------------------------------------------
Batch: 1522
-------------------------------------------
+--------------------+-----+
|            customer|score|
+--------------------+-----+
|Edward.Jones@test...| -1.5|
+--------------------+-----+

-------------------------------------------
Batch: 1523
-------------------------------------------
+----------------+-----+
|        customer|score|
+----------------+-----+
|Eric.Wu@test.com|  6.0|
+----------------+-----+

-------------------------------------------
Batch: 1524
-------------------------------------------
+--------------------+-----+
|            customer|score|
+--------------------+-----+
|Frank.Sanchez@tes...|-28.0|
+--------------------+-----+

-------------------------------------------
Batch: 1525
-------------------------------------------
+--------------------+-----+
|            customer|score|
+--------------------+-----+
|Gail.Habschied@te...| -9.5|
+--------------------+-----+

-------------------------------------------
Batch: 1526
-------------------------------------------
+--------------------+-----+
|            customer|score|
+--------------------+-----+
|Jerry.Jones@test.com|-16.5|
+--------------------+-----+

-------------------------------------------
Batch: 1527
-------------------------------------------
+--------------------+-----+
|            customer|score|
+--------------------+-----+
|Santosh.Khatib@te...|  7.0|
+--------------------+-----+

-------------------------------------------
Batch: 1528
-------------------------------------------
+--------------------+-----+
|            customer|score|
+--------------------+-----+
|Jason.Lincoln@tes...|  0.0|
+--------------------+-----+

-------------------------------------------
Batch: 1529
-------------------------------------------
+--------------------+-----+
|            customer|score|
+--------------------+-----+
|Angie.Abram@test.com| -0.5|
+--------------------+-----+

-------------------------------------------
Batch: 1530
-------------------------------------------
+--------------------+-----+
|            customer|score|
+--------------------+-----+
|Travis.Doshi@test...| 47.0|
+--------------------+-----+

-------------------------------------------
Batch: 1531
-------------------------------------------
+-------------------+-----+
|           customer|score|
+-------------------+-----+
|Gail.Smith@test.com| 17.5|
+-------------------+-----+

-------------------------------------------
Batch: 1532
-------------------------------------------
+-------------------+-----+
|           customer|score|
+-------------------+-----+
|Ben.Hansen@test.com|  2.0|
+-------------------+-----+

-------------------------------------------
Batch: 1533
-------------------------------------------
+--------------------+-----+
|            customer|score|
+--------------------+-----+
|Santosh.Huey@test...| 13.0|
+--------------------+-----+

-------------------------------------------
Batch: 1534
-------------------------------------------
+------------------+-----+
|          customer|score|
+------------------+-----+
|Lyn.Abram@test.com|-20.5|
+------------------+-----+

-------------------------------------------
Batch: 1535
-------------------------------------------
+--------------------+-----+
|            customer|score|
+--------------------+-----+
|Trevor.Aristotle@...|  9.0|
+--------------------+-----+

-------------------------------------------
Batch: 1536
-------------------------------------------
+--------------------+-----+
|            customer|score|
+--------------------+-----+
|Craig.Aristotle@t...|-16.0|
+--------------------+-----+

-------------------------------------------
Batch: 1537
-------------------------------------------
+--------------------+-----+
|            customer|score|
+--------------------+-----+
|Lyn.Sanchez@test.com| -8.5|
+--------------------+-----+

-------------------------------------------
Batch: 1538
-------------------------------------------
+--------------------+-----+
|            customer|score|
+--------------------+-----+
|Jerry.Doshi@test.com|-18.0|
+--------------------+-----+

-------------------------------------------
Batch: 1539
-------------------------------------------
+-------------------+-----+
|           customer|score|
+-------------------+-----+
|Sean.Abram@test.com| -4.5|
+-------------------+-----+

-------------------------------------------
Batch: 1540
-------------------------------------------
+--------------------+-----+
|            customer|score|
+--------------------+-----+
|Senthil.Lincoln@t...| -4.5|
+--------------------+-----+

-------------------------------------------
Batch: 1541
-------------------------------------------
+------------------+-----+
|          customer|score|
+------------------+-----+
|Dan.Mitra@test.com| -1.5|
+------------------+-----+

-------------------------------------------
Batch: 1542
-------------------------------------------
+--------------------+-----+
|            customer|score|
+--------------------+-----+
|Suresh.Habschied@...| -4.5|
+--------------------+-----+

-------------------------------------------
Batch: 1543
-------------------------------------------
+--------------------+-----+
|            customer|score|
+--------------------+-----+
|Jason.Habschied@t...| -3.0|
+--------------------+-----+

-------------------------------------------
Batch: 1544
-------------------------------------------
+--------------------+-----+
|            customer|score|
+--------------------+-----+
|Jason.Khatib@test...| -5.5|
+--------------------+-----+

-------------------------------------------
Batch: 1545
-------------------------------------------
+--------------------+-----+
|            customer|score|
+--------------------+-----+
|Craig.Sanchez@tes...| -3.0|
+--------------------+-----+

-------------------------------------------
Batch: 1546
-------------------------------------------
+--------------------+-----+
|            customer|score|
+--------------------+-----+
|Eric.Hansen@test.com| -3.0|
+--------------------+-----+

-------------------------------------------
Batch: 1547
-------------------------------------------
+--------------------+-----+
|            customer|score|
+--------------------+-----+
|Senthil.Staples@t...| -4.0|
+--------------------+-----+

-------------------------------------------
Batch: 1548
-------------------------------------------
+--------------------+-----+
|            customer|score|
+--------------------+-----+
|Spencer.Howard@te...| -1.5|
+--------------------+-----+

-------------------------------------------
Batch: 1549
-------------------------------------------
+--------------------+-----+
|            customer|score|
+--------------------+-----+
|Edward.Jones@test...| -1.5|
+--------------------+-----+

-------------------------------------------
Batch: 1550
-------------------------------------------
+----------------+-----+
|        customer|score|
+----------------+-----+
|Eric.Wu@test.com| -0.5|
+----------------+-----+

-------------------------------------------
Batch: 1551
-------------------------------------------
+--------------------+-----+
|            customer|score|
+--------------------+-----+
|Frank.Sanchez@tes...|-24.0|
+--------------------+-----+

-------------------------------------------
Batch: 1552
-------------------------------------------
+--------------------+-----+
|            customer|score|
+--------------------+-----+
|Gail.Habschied@te...|-29.0|
+--------------------+-----+

-------------------------------------------
Batch: 1553
-------------------------------------------
+--------------------+-----+
|            customer|score|
+--------------------+-----+
|Jerry.Jones@test.com| 31.0|
+--------------------+-----+

-------------------------------------------
Batch: 1554
-------------------------------------------
+--------------------+-----+
|            customer|score|
+--------------------+-----+
|Santosh.Khatib@te...| 20.0|
+--------------------+-----+

-------------------------------------------
Batch: 1555
-------------------------------------------
+--------------------+-----+
|            customer|score|
+--------------------+-----+
|Jason.Lincoln@tes...|-16.0|
+--------------------+-----+

-------------------------------------------
Batch: 1556
-------------------------------------------
+--------------------+-----+
|            customer|score|
+--------------------+-----+
|Angie.Abram@test.com| 24.5|
+--------------------+-----+

-------------------------------------------
Batch: 1557
-------------------------------------------
+--------------------+-----+
|            customer|score|
+--------------------+-----+
|Travis.Doshi@test...| 18.0|
+--------------------+-----+

-------------------------------------------
Batch: 1558
-------------------------------------------
+-------------------+-----+
|           customer|score|
+-------------------+-----+
|Gail.Smith@test.com| 48.0|
+-------------------+-----+

-------------------------------------------
Batch: 1559
-------------------------------------------
+-------------------+-----+
|           customer|score|
+-------------------+-----+
|Ben.Hansen@test.com|  0.0|
+-------------------+-----+

-------------------------------------------
Batch: 1560
-------------------------------------------
+--------------------+-----+
|            customer|score|
+--------------------+-----+
|Santosh.Huey@test...| -7.5|
+--------------------+-----+

-------------------------------------------
Batch: 1561
-------------------------------------------
+------------------+-----+
|          customer|score|
+------------------+-----+
|Lyn.Abram@test.com|  2.5|
+------------------+-----+

-------------------------------------------
Batch: 1562
-------------------------------------------
+--------------------+-----+
|            customer|score|
+--------------------+-----+
|Trevor.Aristotle@...|  8.5|
+--------------------+-----+

-------------------------------------------
Batch: 1563
-------------------------------------------
+--------------------+-----+
|            customer|score|
+--------------------+-----+
|Craig.Aristotle@t...|-16.5|
+--------------------+-----+

-------------------------------------------
Batch: 1564
-------------------------------------------
+--------------------+-----+
|            customer|score|
+--------------------+-----+
|Lyn.Sanchez@test.com| -6.5|
+--------------------+-----+

-------------------------------------------
Batch: 1565
-------------------------------------------
+--------------------+-----+
|            customer|score|
+--------------------+-----+
|Jerry.Doshi@test.com| -9.5|
+--------------------+-----+

-------------------------------------------
Batch: 1566
-------------------------------------------
+-------------------+-----+
|           customer|score|
+-------------------+-----+
|Sean.Abram@test.com| -5.0|
+-------------------+-----+

-------------------------------------------
Batch: 1567
-------------------------------------------
+--------------------+-----+
|            customer|score|
+--------------------+-----+
|Senthil.Lincoln@t...| -3.0|
+--------------------+-----+

-------------------------------------------
Batch: 1568
-------------------------------------------
+------------------+-----+
|          customer|score|
+------------------+-----+
|Dan.Mitra@test.com| -3.5|
+------------------+-----+

-------------------------------------------
Batch: 1569
-------------------------------------------
+--------------------+-----+
|            customer|score|
+--------------------+-----+
|Suresh.Habschied@...| -5.0|
+--------------------+-----+

-------------------------------------------
Batch: 1570
-------------------------------------------
+--------------------+-----+
|            customer|score|
+--------------------+-----+
|Jason.Habschied@t...| -3.5|
+--------------------+-----+

-------------------------------------------
Batch: 1571
-------------------------------------------
+--------------------+-----+
|            customer|score|
+--------------------+-----+
|Jason.Khatib@test...| -5.0|
+--------------------+-----+

-------------------------------------------
Batch: 1572
-------------------------------------------
+--------------------+-----+
|            customer|score|
+--------------------+-----+
|Craig.Sanchez@tes...| -3.5|
+--------------------+-----+

-------------------------------------------
Batch: 1573
-------------------------------------------
+--------------------+-----+
|            customer|score|
+--------------------+-----+
|Eric.Hansen@test.com| -3.0|
+--------------------+-----+

-------------------------------------------
Batch: 1574
-------------------------------------------
+--------------------+-----+
|            customer|score|
+--------------------+-----+
|Senthil.Staples@t...| -2.0|
+--------------------+-----+

-------------------------------------------
Batch: 1575
-------------------------------------------
+--------------------+-----+
|            customer|score|
+--------------------+-----+
|Spencer.Howard@te...| -4.5|
+--------------------+-----+

-------------------------------------------
Batch: 1576
-------------------------------------------
+--------------------+-----+
|            customer|score|
+--------------------+-----+
|Edward.Jones@test...| -2.5|
+--------------------+-----+

-------------------------------------------
Batch: 1577
-------------------------------------------
+----------------+-----+
|        customer|score|
+----------------+-----+
|Eric.Wu@test.com|-12.5|
+----------------+-----+

-------------------------------------------
Batch: 1578
-------------------------------------------
+--------------------+-----+
|            customer|score|
+--------------------+-----+
|Frank.Sanchez@tes...|  5.0|
+--------------------+-----+

-------------------------------------------
Batch: 1579
-------------------------------------------
+--------------------+-----+
|            customer|score|
+--------------------+-----+
|Gail.Habschied@te...|-22.5|
+--------------------+-----+

-------------------------------------------
Batch: 1580
-------------------------------------------
+--------------------+-----+
|            customer|score|
+--------------------+-----+
|Jerry.Jones@test.com| 17.0|
+--------------------+-----+

-------------------------------------------
Batch: 1581
-------------------------------------------
+--------------------+-----+
|            customer|score|
+--------------------+-----+
|Santosh.Khatib@te...| 16.0|
+--------------------+-----+

-------------------------------------------
Batch: 1582
-------------------------------------------
+--------------------+-----+
|            customer|score|
+--------------------+-----+
|Jason.Lincoln@tes...|  0.5|
+--------------------+-----+

-------------------------------------------
Batch: 1583
-------------------------------------------
+--------------------+-----+
|            customer|score|
+--------------------+-----+
|Angie.Abram@test.com| 12.5|
+--------------------+-----+

-------------------------------------------
Batch: 1584
-------------------------------------------
+--------------------+-----+
|            customer|score|
+--------------------+-----+
|Travis.Doshi@test...|-23.5|
+--------------------+-----+

-------------------------------------------
Batch: 1585
-------------------------------------------
+-------------------+-----+
|           customer|score|
+-------------------+-----+
|Gail.Smith@test.com| 29.0|
+-------------------+-----+

-------------------------------------------
Batch: 1586
-------------------------------------------
+-------------------+-----+
|           customer|score|
+-------------------+-----+
|Ben.Hansen@test.com|  1.5|
+-------------------+-----+

-------------------------------------------
Batch: 1587
-------------------------------------------
+--------------------+-----+
|            customer|score|
+--------------------+-----+
|Santosh.Huey@test...| -8.5|
+--------------------+-----+

-------------------------------------------
Batch: 1588
-------------------------------------------
+------------------+-----+
|          customer|score|
+------------------+-----+
|Lyn.Abram@test.com|-14.0|
+------------------+-----+

-------------------------------------------
Batch: 1589
-------------------------------------------
+--------------------+-----+
|            customer|score|
+--------------------+-----+
|Trevor.Aristotle@...|  2.0|
+--------------------+-----+

-------------------------------------------
Batch: 1590
-------------------------------------------
+--------------------+-----+
|            customer|score|
+--------------------+-----+
|Craig.Aristotle@t...| -4.5|
+--------------------+-----+

-------------------------------------------
Batch: 1591
-------------------------------------------
+--------------------+-----+
|            customer|score|
+--------------------+-----+
|Lyn.Sanchez@test.com| -4.5|
+--------------------+-----+

