:: loading settings :: url = jar:file:/opt/spark/jars/ivy-2.5.0.jar!/org/apache/ivy/core/settings/ivysettings.xml
Ivy Default Cache set to: /root/.ivy2/cache
The jars for the packages stored in: /root/.ivy2/jars
org.apache.spark#spark-sql-kafka-0-10_2.12 added as a dependency
:: resolving dependencies :: org.apache.spark#spark-submit-parent-91ae1972-2b48-409d-9025-69ea29b1b846;1.0
	confs: [default]
	found org.apache.spark#spark-sql-kafka-0-10_2.12;3.3.0 in central
	found org.apache.spark#spark-token-provider-kafka-0-10_2.12;3.3.0 in central
	found org.apache.kafka#kafka-clients;2.8.1 in central
	found org.lz4#lz4-java;1.8.0 in central
	found org.xerial.snappy#snappy-java;1.1.8.4 in central
	found org.slf4j#slf4j-api;1.7.32 in central
	found org.apache.hadoop#hadoop-client-runtime;3.3.2 in central
	found org.spark-project.spark#unused;1.0.0 in central
	found org.apache.hadoop#hadoop-client-api;3.3.2 in central
	found commons-logging#commons-logging;1.1.3 in central
	found com.google.code.findbugs#jsr305;3.0.0 in central
	found org.apache.commons#commons-pool2;2.11.1 in central
:: resolution report :: resolve 1855ms :: artifacts dl 66ms
	:: modules in use:
	com.google.code.findbugs#jsr305;3.0.0 from central in [default]
	commons-logging#commons-logging;1.1.3 from central in [default]
	org.apache.commons#commons-pool2;2.11.1 from central in [default]
	org.apache.hadoop#hadoop-client-api;3.3.2 from central in [default]
	org.apache.hadoop#hadoop-client-runtime;3.3.2 from central in [default]
	org.apache.kafka#kafka-clients;2.8.1 from central in [default]
	org.apache.spark#spark-sql-kafka-0-10_2.12;3.3.0 from central in [default]
	org.apache.spark#spark-token-provider-kafka-0-10_2.12;3.3.0 from central in [default]
	org.lz4#lz4-java;1.8.0 from central in [default]
	org.slf4j#slf4j-api;1.7.32 from central in [default]
	org.spark-project.spark#unused;1.0.0 from central in [default]
	org.xerial.snappy#snappy-java;1.1.8.4 from central in [default]
	---------------------------------------------------------------------
	|                  |            modules            ||   artifacts   |
	|       conf       | number| search|dwnlded|evicted|| number|dwnlded|
	---------------------------------------------------------------------
	|      default     |   12  |   0   |   0   |   0   ||   12  |   0   |
	---------------------------------------------------------------------
:: retrieving :: org.apache.spark#spark-submit-parent-91ae1972-2b48-409d-9025-69ea29b1b846
	confs: [default]
	0 artifacts copied, 12 already retrieved (0kB/44ms)
26/09/16 19:27:39 WARN NativeCodeLoader: Unable to load native-hadoop library for your platform... using builtin-java classes where applicable
26/09/16 19:27:42 INFO SparkContext: Running Spark version 3.3.0
26/09/16 19:27:43 INFO ResourceUtils: ==============================================================
26/09/16 19:27:43 INFO ResourceUtils: No custom resources configured for spark.driver.
26/09/16 19:27:43 INFO ResourceUtils: ==============================================================
26/09/16 19:27:43 INFO SparkContext: Submitted application: stedi-redis-customer-birthyear
26/09/16 19:27:43 INFO ResourceProfile: Default ResourceProfile created, executor resources: Map(cores -> name: cores, amount: 1, script: , vendor: , memory -> name: memory, amount: 1024, script: , vendor: , offHeap -> name: offHeap, amount: 0, script: , vendor: ), task resources: Map(cpus -> name: cpus, amount: 1.0)
26/09/16 19:27:43 INFO ResourceProfile: Limiting resource is cpu
26/09/16 19:27:43 INFO ResourceProfileManager: Added ResourceProfile id: 0
26/09/16 19:27:43 INFO SecurityManager: Changing view acls to: root
26/09/16 19:27:43 INFO SecurityManager: Changing modify acls to: root
26/09/16 19:27:43 INFO SecurityManager: Changing view acls groups to: 
26/09/16 19:27:43 INFO SecurityManager: Changing modify acls groups to: 
26/09/16 19:27:43 INFO SecurityManager: SecurityManager: authentication disabled; ui acls disabled; users  with view permissions: Set(root); groups with view permissions: Set(); users  with modify permissions: Set(root); groups with modify permissions: Set()
26/09/16 19:27:43 INFO Utils: Successfully started service 'sparkDriver' on port 41419.
26/09/16 19:27:44 INFO SparkEnv: Registering MapOutputTracker
26/09/16 19:27:44 INFO SparkEnv: Registering BlockManagerMaster
26/09/16 19:27:44 INFO BlockManagerMasterEndpoint: Using org.apache.spark.storage.DefaultTopologyMapper for getting topology information
26/09/16 19:27:44 INFO BlockManagerMasterEndpoint: BlockManagerMasterEndpoint up
26/09/16 19:27:44 INFO SparkEnv: Registering BlockManagerMasterHeartbeat
26/09/16 19:27:44 INFO DiskBlockManager: Created local directory at /tmp/blockmgr-ec5dcb4e-e3b4-4389-8c97-428ff2d69bf9
26/09/16 19:27:44 INFO MemoryStore: MemoryStore started with capacity 434.4 MiB
26/09/16 19:27:44 INFO SparkEnv: Registering OutputCommitCoordinator
26/09/16 19:27:45 WARN Utils: Service 'SparkUI' could not bind on port 4040. Attempting port 4041.
26/09/16 19:27:45 INFO Utils: Successfully started service 'SparkUI' on port 4041.
26/09/16 19:27:45 INFO SparkContext: Added JAR file:///root/.ivy2/jars/org.apache.spark_spark-sql-kafka-0-10_2.12-3.3.0.jar at spark://spark:41419/jars/org.apache.spark_spark-sql-kafka-0-10_2.12-3.3.0.jar with timestamp 1789586862832
26/09/16 19:27:45 INFO SparkContext: Added JAR file:///root/.ivy2/jars/org.apache.spark_spark-token-provider-kafka-0-10_2.12-3.3.0.jar at spark://spark:41419/jars/org.apache.spark_spark-token-provider-kafka-0-10_2.12-3.3.0.jar with timestamp 1789586862832
26/09/16 19:27:45 INFO SparkContext: Added JAR file:///root/.ivy2/jars/org.apache.kafka_kafka-clients-2.8.1.jar at spark://spark:41419/jars/org.apache.kafka_kafka-clients-2.8.1.jar with timestamp 1789586862832
26/09/16 19:27:45 INFO SparkContext: Added JAR file:///root/.ivy2/jars/com.google.code.findbugs_jsr305-3.0.0.jar at spark://spark:41419/jars/com.google.code.findbugs_jsr305-3.0.0.jar with timestamp 1789586862832
26/09/16 19:27:45 INFO SparkContext: Added JAR file:///root/.ivy2/jars/org.apache.commons_commons-pool2-2.11.1.jar at spark://spark:41419/jars/org.apache.commons_commons-pool2-2.11.1.jar with timestamp 1789586862832
26/09/16 19:27:45 INFO SparkContext: Added JAR file:///root/.ivy2/jars/org.spark-project.spark_unused-1.0.0.jar at spark://spark:41419/jars/org.spark-project.spark_unused-1.0.0.jar with timestamp 1789586862832
26/09/16 19:27:45 INFO SparkContext: Added JAR file:///root/.ivy2/jars/org.apache.hadoop_hadoop-client-runtime-3.3.2.jar at spark://spark:41419/jars/org.apache.hadoop_hadoop-client-runtime-3.3.2.jar with timestamp 1789586862832
26/09/16 19:27:45 INFO SparkContext: Added JAR file:///root/.ivy2/jars/org.lz4_lz4-java-1.8.0.jar at spark://spark:41419/jars/org.lz4_lz4-java-1.8.0.jar with timestamp 1789586862832
26/09/16 19:27:45 INFO SparkContext: Added JAR file:///root/.ivy2/jars/org.xerial.snappy_snappy-java-1.1.8.4.jar at spark://spark:41419/jars/org.xerial.snappy_snappy-java-1.1.8.4.jar with timestamp 1789586862832
26/09/16 19:27:45 INFO SparkContext: Added JAR file:///root/.ivy2/jars/org.slf4j_slf4j-api-1.7.32.jar at spark://spark:41419/jars/org.slf4j_slf4j-api-1.7.32.jar with timestamp 1789586862832
26/09/16 19:27:45 INFO SparkContext: Added JAR file:///root/.ivy2/jars/org.apache.hadoop_hadoop-client-api-3.3.2.jar at spark://spark:41419/jars/org.apache.hadoop_hadoop-client-api-3.3.2.jar with timestamp 1789586862832
26/09/16 19:27:45 INFO SparkContext: Added JAR file:///root/.ivy2/jars/commons-logging_commons-logging-1.1.3.jar at spark://spark:41419/jars/commons-logging_commons-logging-1.1.3.jar with timestamp 1789586862832
26/09/16 19:27:45 INFO SparkContext: Added file file:///root/.ivy2/jars/org.apache.spark_spark-sql-kafka-0-10_2.12-3.3.0.jar at spark://spark:41419/files/org.apache.spark_spark-sql-kafka-0-10_2.12-3.3.0.jar with timestamp 1789586862832
26/09/16 19:27:45 INFO Utils: Copying /root/.ivy2/jars/org.apache.spark_spark-sql-kafka-0-10_2.12-3.3.0.jar to /tmp/spark-91867107-2399-4589-8433-ed4df648b291/userFiles-7508ad27-fb7e-4ddd-aa4d-08a33af26d80/org.apache.spark_spark-sql-kafka-0-10_2.12-3.3.0.jar
26/09/16 19:27:45 INFO SparkContext: Added file file:///root/.ivy2/jars/org.apache.spark_spark-token-provider-kafka-0-10_2.12-3.3.0.jar at spark://spark:41419/files/org.apache.spark_spark-token-provider-kafka-0-10_2.12-3.3.0.jar with timestamp 1789586862832
26/09/16 19:27:45 INFO Utils: Copying /root/.ivy2/jars/org.apache.spark_spark-token-provider-kafka-0-10_2.12-3.3.0.jar to /tmp/spark-91867107-2399-4589-8433-ed4df648b291/userFiles-7508ad27-fb7e-4ddd-aa4d-08a33af26d80/org.apache.spark_spark-token-provider-kafka-0-10_2.12-3.3.0.jar
26/09/16 19:27:45 INFO SparkContext: Added file file:///root/.ivy2/jars/org.apache.kafka_kafka-clients-2.8.1.jar at spark://spark:41419/files/org.apache.kafka_kafka-clients-2.8.1.jar with timestamp 1789586862832
26/09/16 19:27:45 INFO Utils: Copying /root/.ivy2/jars/org.apache.kafka_kafka-clients-2.8.1.jar to /tmp/spark-91867107-2399-4589-8433-ed4df648b291/userFiles-7508ad27-fb7e-4ddd-aa4d-08a33af26d80/org.apache.kafka_kafka-clients-2.8.1.jar
26/09/16 19:27:45 INFO SparkContext: Added file file:///root/.ivy2/jars/com.google.code.findbugs_jsr305-3.0.0.jar at spark://spark:41419/files/com.google.code.findbugs_jsr305-3.0.0.jar with timestamp 1789586862832
26/09/16 19:27:45 INFO Utils: Copying /root/.ivy2/jars/com.google.code.findbugs_jsr305-3.0.0.jar to /tmp/spark-91867107-2399-4589-8433-ed4df648b291/userFiles-7508ad27-fb7e-4ddd-aa4d-08a33af26d80/com.google.code.findbugs_jsr305-3.0.0.jar
26/09/16 19:27:45 INFO SparkContext: Added file file:///root/.ivy2/jars/org.apache.commons_commons-pool2-2.11.1.jar at spark://spark:41419/files/org.apache.commons_commons-pool2-2.11.1.jar with timestamp 1789586862832
26/09/16 19:27:45 INFO Utils: Copying /root/.ivy2/jars/org.apache.commons_commons-pool2-2.11.1.jar to /tmp/spark-91867107-2399-4589-8433-ed4df648b291/userFiles-7508ad27-fb7e-4ddd-aa4d-08a33af26d80/org.apache.commons_commons-pool2-2.11.1.jar
26/09/16 19:27:45 INFO SparkContext: Added file file:///root/.ivy2/jars/org.spark-project.spark_unused-1.0.0.jar at spark://spark:41419/files/org.spark-project.spark_unused-1.0.0.jar with timestamp 1789586862832
26/09/16 19:27:45 INFO Utils: Copying /root/.ivy2/jars/org.spark-project.spark_unused-1.0.0.jar to /tmp/spark-91867107-2399-4589-8433-ed4df648b291/userFiles-7508ad27-fb7e-4ddd-aa4d-08a33af26d80/org.spark-project.spark_unused-1.0.0.jar
26/09/16 19:27:46 INFO SparkContext: Added file file:///root/.ivy2/jars/org.apache.hadoop_hadoop-client-runtime-3.3.2.jar at spark://spark:41419/files/org.apache.hadoop_hadoop-client-runtime-3.3.2.jar with timestamp 1789586862832
26/09/16 19:27:46 INFO Utils: Copying /root/.ivy2/jars/org.apache.hadoop_hadoop-client-runtime-3.3.2.jar to /tmp/spark-91867107-2399-4589-8433-ed4df648b291/userFiles-7508ad27-fb7e-4ddd-aa4d-08a33af26d80/org.apache.hadoop_hadoop-client-runtime-3.3.2.jar
26/09/16 19:27:46 INFO SparkContext: Added file file:///root/.ivy2/jars/org.lz4_lz4-java-1.8.0.jar at spark://spark:41419/files/org.lz4_lz4-java-1.8.0.jar with timestamp 1789586862832
26/09/16 19:27:46 INFO Utils: Copying /root/.ivy2/jars/org.lz4_lz4-java-1.8.0.jar to /tmp/spark-91867107-2399-4589-8433-ed4df648b291/userFiles-7508ad27-fb7e-4ddd-aa4d-08a33af26d80/org.lz4_lz4-java-1.8.0.jar
26/09/16 19:27:46 INFO SparkContext: Added file file:///root/.ivy2/jars/org.xerial.snappy_snappy-java-1.1.8.4.jar at spark://spark:41419/files/org.xerial.snappy_snappy-java-1.1.8.4.jar with timestamp 1789586862832
26/09/16 19:27:46 INFO Utils: Copying /root/.ivy2/jars/org.xerial.snappy_snappy-java-1.1.8.4.jar to /tmp/spark-91867107-2399-4589-8433-ed4df648b291/userFiles-7508ad27-fb7e-4ddd-aa4d-08a33af26d80/org.xerial.snappy_snappy-java-1.1.8.4.jar
26/09/16 19:27:46 INFO SparkContext: Added file file:///root/.ivy2/jars/org.slf4j_slf4j-api-1.7.32.jar at spark://spark:41419/files/org.slf4j_slf4j-api-1.7.32.jar with timestamp 1789586862832
26/09/16 19:27:46 INFO Utils: Copying /root/.ivy2/jars/org.slf4j_slf4j-api-1.7.32.jar to /tmp/spark-91867107-2399-4589-8433-ed4df648b291/userFiles-7508ad27-fb7e-4ddd-aa4d-08a33af26d80/org.slf4j_slf4j-api-1.7.32.jar
26/09/16 19:27:46 INFO SparkContext: Added file file:///root/.ivy2/jars/org.apache.hadoop_hadoop-client-api-3.3.2.jar at spark://spark:41419/files/org.apache.hadoop_hadoop-client-api-3.3.2.jar with timestamp 1789586862832
26/09/16 19:27:46 INFO Utils: Copying /root/.ivy2/jars/org.apache.hadoop_hadoop-client-api-3.3.2.jar to /tmp/spark-91867107-2399-4589-8433-ed4df648b291/userFiles-7508ad27-fb7e-4ddd-aa4d-08a33af26d80/org.apache.hadoop_hadoop-client-api-3.3.2.jar
26/09/16 19:27:46 INFO SparkContext: Added file file:///root/.ivy2/jars/commons-logging_commons-logging-1.1.3.jar at spark://spark:41419/files/commons-logging_commons-logging-1.1.3.jar with timestamp 1789586862832
26/09/16 19:27:46 INFO Utils: Copying /root/.ivy2/jars/commons-logging_commons-logging-1.1.3.jar to /tmp/spark-91867107-2399-4589-8433-ed4df648b291/userFiles-7508ad27-fb7e-4ddd-aa4d-08a33af26d80/commons-logging_commons-logging-1.1.3.jar
26/09/16 19:27:46 INFO StandaloneAppClient$ClientEndpoint: Connecting to master spark://spark:7077...
26/09/16 19:27:47 INFO TransportClientFactory: Successfully created connection to spark/172.18.0.4:7077 after 117 ms (0 ms spent in bootstraps)
26/09/16 19:27:47 INFO StandaloneSchedulerBackend: Connected to Spark cluster with app ID app-20260916192747-0007
26/09/16 19:27:47 INFO StandaloneAppClient$ClientEndpoint: Executor added: app-20260916192747-0007/0 on worker-20260916185327-172.18.0.6-33449 (172.18.0.6:33449) with 1 core(s)
26/09/16 19:27:47 INFO StandaloneSchedulerBackend: Granted executor ID app-20260916192747-0007/0 on hostPort 172.18.0.6:33449 with 1 core(s), 1024.0 MiB RAM
26/09/16 19:27:47 INFO Utils: Successfully started service 'org.apache.spark.network.netty.NettyBlockTransferService' on port 32855.
26/09/16 19:27:47 INFO NettyBlockTransferService: Server created on spark:32855
26/09/16 19:27:47 INFO BlockManager: Using org.apache.spark.storage.RandomBlockReplicationPolicy for block replication policy
26/09/16 19:27:47 INFO BlockManagerMaster: Registering BlockManager BlockManagerId(driver, spark, 32855, None)
26/09/16 19:27:47 INFO BlockManagerMasterEndpoint: Registering block manager spark:32855 with 434.4 MiB RAM, BlockManagerId(driver, spark, 32855, None)
26/09/16 19:27:47 INFO BlockManagerMaster: Registered BlockManager BlockManagerId(driver, spark, 32855, None)
26/09/16 19:27:47 INFO BlockManager: Initialized BlockManager: BlockManagerId(driver, spark, 32855, None)
26/09/16 19:27:47 INFO StandaloneAppClient$ClientEndpoint: Executor updated: app-20260916192747-0007/0 is now RUNNING
26/09/16 19:27:48 INFO StandaloneSchedulerBackend: SchedulerBackend is ready for scheduling beginning after reached minRegisteredResourcesRatio: 0.0
26/09/16 19:28:09 WARN ResolveWriteToStream: Temporary checkpoint location created which is deleted normally when the query didn't fail: /tmp/temporary-cee49a42-55c4-452b-a10b-f465209cb42d. If it's required to delete it under any circumstances, please set spark.sql.streaming.forceDeleteTempCheckpointLocation to true. Important to know deleting temp checkpoint folder is best effort.
26/09/16 19:28:09 WARN ResolveWriteToStream: spark.sql.adaptive.enabled is not supported in streaming DataFrames/Datasets and will be disabled.
-------------------------------------------
Batch: 0
-------------------------------------------
+--------------------+---------+
|               email|birthYear|
+--------------------+---------+
|    steady@stedi.fit|     1901|
| Eric.Ahmed@test.com|     1965|
|Ashley.Fibonnaci@...|     1964|
|Jerry.Abram@test.com|     1963|
|Eric.Staples@test...|     1962|
|Neeraj.Anandh@tes...|     1961|
|Edward.Aristotle@...|     1960|
| John.Smith@test.com|     1959|
|   Jason.Wu@test.com|     1958|
|Jerry.Smith@test.com|     1957|
|Ashley.Olson@test...|     1956|
|Neeraj.Spencer@te...|     1955|
|Frank.Fibonnaci@t...|     1954|
|John.Jefferson@te...|     1953|
|Dan.Anderson@test...|     1952|
|Senthil.Fibonnaci...|     1951|
|Danny.Spencer@tes...|     1950|
|Travis.Davis@test...|     1949|
|Gail.Gonzalez@tes...|     1947|
|David.Anderson@te...|     1946|
+--------------------+---------+
only showing top 20 rows

-------------------------------------------
Batch: 1
-------------------------------------------
+-----+---------+
|email|birthYear|
+-----+---------+
+-----+---------+

-------------------------------------------
Batch: 2
-------------------------------------------
+-----+---------+
|email|birthYear|
+-----+---------+
+-----+---------+

-------------------------------------------
Batch: 3
-------------------------------------------
+-----+---------+
|email|birthYear|
+-----+---------+
+-----+---------+

-------------------------------------------
Batch: 4
-------------------------------------------
+-----+---------+
|email|birthYear|
+-----+---------+
+-----+---------+

-------------------------------------------
Batch: 5
-------------------------------------------
+-----+---------+
|email|birthYear|
+-----+---------+
+-----+---------+

-------------------------------------------
Batch: 6
-------------------------------------------
+-----+---------+
|email|birthYear|
+-----+---------+
+-----+---------+

-------------------------------------------
Batch: 7
-------------------------------------------
+-----+---------+
|email|birthYear|
+-----+---------+
+-----+---------+

-------------------------------------------
Batch: 8
-------------------------------------------
+-----+---------+
|email|birthYear|
+-----+---------+
+-----+---------+

-------------------------------------------
Batch: 9
-------------------------------------------
+-----+---------+
|email|birthYear|
+-----+---------+
+-----+---------+

-------------------------------------------
Batch: 10
-------------------------------------------
+-----+---------+
|email|birthYear|
+-----+---------+
+-----+---------+

-------------------------------------------
Batch: 11
-------------------------------------------
+-----+---------+
|email|birthYear|
+-----+---------+
+-----+---------+

-------------------------------------------
Batch: 12
-------------------------------------------
+-----+---------+
|email|birthYear|
+-----+---------+
+-----+---------+

-------------------------------------------
Batch: 13
-------------------------------------------
+-----+---------+
|email|birthYear|
+-----+---------+
+-----+---------+

-------------------------------------------
Batch: 14
-------------------------------------------
+-----+---------+
|email|birthYear|
+-----+---------+
+-----+---------+

-------------------------------------------
Batch: 15
-------------------------------------------
+-----+---------+
|email|birthYear|
+-----+---------+
+-----+---------+

-------------------------------------------
Batch: 16
-------------------------------------------
+-----+---------+
|email|birthYear|
+-----+---------+
+-----+---------+

-------------------------------------------
Batch: 17
-------------------------------------------
+-----+---------+
|email|birthYear|
+-----+---------+
+-----+---------+

-------------------------------------------
Batch: 18
-------------------------------------------
+-----+---------+
|email|birthYear|
+-----+---------+
+-----+---------+

-------------------------------------------
Batch: 19
-------------------------------------------
+-----+---------+
|email|birthYear|
+-----+---------+
+-----+---------+

-------------------------------------------
Batch: 20
-------------------------------------------
+-----+---------+
|email|birthYear|
+-----+---------+
+-----+---------+

-------------------------------------------
Batch: 21
-------------------------------------------
+-----+---------+
|email|birthYear|
+-----+---------+
+-----+---------+

-------------------------------------------
Batch: 22
-------------------------------------------
+-----+---------+
|email|birthYear|
+-----+---------+
+-----+---------+

-------------------------------------------
Batch: 23
-------------------------------------------
+-----+---------+
|email|birthYear|
+-----+---------+
+-----+---------+

-------------------------------------------
Batch: 24
-------------------------------------------
+-----+---------+
|email|birthYear|
+-----+---------+
+-----+---------+

-------------------------------------------
Batch: 25
-------------------------------------------
+-----+---------+
|email|birthYear|
+-----+---------+
+-----+---------+

-------------------------------------------
Batch: 26
-------------------------------------------
+-----+---------+
|email|birthYear|
+-----+---------+
+-----+---------+

-------------------------------------------
Batch: 27
-------------------------------------------
+-----+---------+
|email|birthYear|
+-----+---------+
+-----+---------+

-------------------------------------------
Batch: 28
-------------------------------------------
+-----+---------+
|email|birthYear|
+-----+---------+
+-----+---------+

-------------------------------------------
Batch: 29
-------------------------------------------
+-----+---------+
|email|birthYear|
+-----+---------+
+-----+---------+

-------------------------------------------
Batch: 30
-------------------------------------------
+-----+---------+
|email|birthYear|
+-----+---------+
+-----+---------+

-------------------------------------------
Batch: 31
-------------------------------------------
+-----+---------+
|email|birthYear|
+-----+---------+
+-----+---------+

-------------------------------------------
Batch: 32
-------------------------------------------
+-----+---------+
|email|birthYear|
+-----+---------+
+-----+---------+

-------------------------------------------
Batch: 33
-------------------------------------------
+-----+---------+
|email|birthYear|
+-----+---------+
+-----+---------+

-------------------------------------------
Batch: 34
-------------------------------------------
+-----+---------+
|email|birthYear|
+-----+---------+
+-----+---------+

-------------------------------------------
Batch: 35
-------------------------------------------
+-----+---------+
|email|birthYear|
+-----+---------+
+-----+---------+

-------------------------------------------
Batch: 36
-------------------------------------------
+-----+---------+
|email|birthYear|
+-----+---------+
+-----+---------+

-------------------------------------------
Batch: 37
-------------------------------------------
+-----+---------+
|email|birthYear|
+-----+---------+
+-----+---------+

-------------------------------------------
Batch: 38
-------------------------------------------
+-----+---------+
|email|birthYear|
+-----+---------+
+-----+---------+

-------------------------------------------
Batch: 39
-------------------------------------------
+-----+---------+
|email|birthYear|
+-----+---------+
+-----+---------+

-------------------------------------------
Batch: 40
-------------------------------------------
+-----+---------+
|email|birthYear|
+-----+---------+
+-----+---------+

-------------------------------------------
Batch: 41
-------------------------------------------
+-----+---------+
|email|birthYear|
+-----+---------+
+-----+---------+

-------------------------------------------
Batch: 42
-------------------------------------------
+-----+---------+
|email|birthYear|
+-----+---------+
+-----+---------+

-------------------------------------------
Batch: 43
-------------------------------------------
+-----+---------+
|email|birthYear|
+-----+---------+
+-----+---------+

-------------------------------------------
Batch: 44
-------------------------------------------
+-----+---------+
|email|birthYear|
+-----+---------+
+-----+---------+

-------------------------------------------
Batch: 45
-------------------------------------------
+-----+---------+
|email|birthYear|
+-----+---------+
+-----+---------+

-------------------------------------------
Batch: 46
-------------------------------------------
+-----+---------+
|email|birthYear|
+-----+---------+
+-----+---------+

-------------------------------------------
Batch: 47
-------------------------------------------
+-----+---------+
|email|birthYear|
+-----+---------+
+-----+---------+

-------------------------------------------
Batch: 48
-------------------------------------------
+-----+---------+
|email|birthYear|
+-----+---------+
+-----+---------+

-------------------------------------------
Batch: 49
-------------------------------------------
+-----+---------+
|email|birthYear|
+-----+---------+
+-----+---------+

-------------------------------------------
Batch: 50
-------------------------------------------
+-----+---------+
|email|birthYear|
+-----+---------+
+-----+---------+

-------------------------------------------
Batch: 51
-------------------------------------------
+-----+---------+
|email|birthYear|
+-----+---------+
+-----+---------+

-------------------------------------------
Batch: 52
-------------------------------------------
+-----+---------+
|email|birthYear|
+-----+---------+
+-----+---------+

-------------------------------------------
Batch: 53
-------------------------------------------
+-----+---------+
|email|birthYear|
+-----+---------+
+-----+---------+

-------------------------------------------
Batch: 54
-------------------------------------------
+-----+---------+
|email|birthYear|
+-----+---------+
+-----+---------+

-------------------------------------------
Batch: 55
-------------------------------------------
+-----+---------+
|email|birthYear|
+-----+---------+
+-----+---------+

-------------------------------------------
Batch: 56
-------------------------------------------
+-----+---------+
|email|birthYear|
+-----+---------+
+-----+---------+

-------------------------------------------
Batch: 57
-------------------------------------------
+-----+---------+
|email|birthYear|
+-----+---------+
+-----+---------+

-------------------------------------------
Batch: 58
-------------------------------------------
+-----+---------+
|email|birthYear|
+-----+---------+
+-----+---------+

-------------------------------------------
Batch: 59
-------------------------------------------
+-----+---------+
|email|birthYear|
+-----+---------+
+-----+---------+

-------------------------------------------
Batch: 60
-------------------------------------------
+-----+---------+
|email|birthYear|
+-----+---------+
+-----+---------+

-------------------------------------------
Batch: 61
-------------------------------------------
+-----+---------+
|email|birthYear|
+-----+---------+
+-----+---------+

-------------------------------------------
Batch: 62
-------------------------------------------
+-----+---------+
|email|birthYear|
+-----+---------+
+-----+---------+

-------------------------------------------
Batch: 63
-------------------------------------------
+-----+---------+
|email|birthYear|
+-----+---------+
+-----+---------+

-------------------------------------------
Batch: 64
-------------------------------------------
+-----+---------+
|email|birthYear|
+-----+---------+
+-----+---------+

-------------------------------------------
Batch: 65
-------------------------------------------
+-----+---------+
|email|birthYear|
+-----+---------+
+-----+---------+

-------------------------------------------
Batch: 66
-------------------------------------------
+-----+---------+
|email|birthYear|
+-----+---------+
+-----+---------+

-------------------------------------------
Batch: 67
-------------------------------------------
+-----+---------+
|email|birthYear|
+-----+---------+
+-----+---------+

-------------------------------------------
Batch: 68
-------------------------------------------
+-----+---------+
|email|birthYear|
+-----+---------+
+-----+---------+

-------------------------------------------
Batch: 69
-------------------------------------------
+-----+---------+
|email|birthYear|
+-----+---------+
+-----+---------+

-------------------------------------------
Batch: 70
-------------------------------------------
+-----+---------+
|email|birthYear|
+-----+---------+
+-----+---------+

-------------------------------------------
Batch: 71
-------------------------------------------
+-----+---------+
|email|birthYear|
+-----+---------+
+-----+---------+

-------------------------------------------
Batch: 72
-------------------------------------------
+-----+---------+
|email|birthYear|
+-----+---------+
+-----+---------+

-------------------------------------------
Batch: 73
-------------------------------------------
+-----+---------+
|email|birthYear|
+-----+---------+
+-----+---------+

-------------------------------------------
Batch: 74
-------------------------------------------
+-----+---------+
|email|birthYear|
+-----+---------+
+-----+---------+

-------------------------------------------
Batch: 75
-------------------------------------------
+-----+---------+
|email|birthYear|
+-----+---------+
+-----+---------+

-------------------------------------------
Batch: 76
-------------------------------------------
+-----+---------+
|email|birthYear|
+-----+---------+
+-----+---------+

-------------------------------------------
Batch: 77
-------------------------------------------
+-----+---------+
|email|birthYear|
+-----+---------+
+-----+---------+

-------------------------------------------
Batch: 78
-------------------------------------------
+-----+---------+
|email|birthYear|
+-----+---------+
+-----+---------+

-------------------------------------------
Batch: 79
-------------------------------------------
+-----+---------+
|email|birthYear|
+-----+---------+
+-----+---------+

-------------------------------------------
Batch: 80
-------------------------------------------
+-----+---------+
|email|birthYear|
+-----+---------+
+-----+---------+

-------------------------------------------
Batch: 81
-------------------------------------------
+-----+---------+
|email|birthYear|
+-----+---------+
+-----+---------+

-------------------------------------------
Batch: 82
-------------------------------------------
+-----+---------+
|email|birthYear|
+-----+---------+
+-----+---------+

-------------------------------------------
Batch: 83
-------------------------------------------
+-----+---------+
|email|birthYear|
+-----+---------+
+-----+---------+

-------------------------------------------
Batch: 84
-------------------------------------------
+-----+---------+
|email|birthYear|
+-----+---------+
+-----+---------+

-------------------------------------------
Batch: 85
-------------------------------------------
+-----+---------+
|email|birthYear|
+-----+---------+
+-----+---------+

-------------------------------------------
Batch: 86
-------------------------------------------
+-----+---------+
|email|birthYear|
+-----+---------+
+-----+---------+

-------------------------------------------
Batch: 87
-------------------------------------------
+-----+---------+
|email|birthYear|
+-----+---------+
+-----+---------+

-------------------------------------------
Batch: 88
-------------------------------------------
+-----+---------+
|email|birthYear|
+-----+---------+
+-----+---------+

-------------------------------------------
Batch: 89
-------------------------------------------
+-----+---------+
|email|birthYear|
+-----+---------+
+-----+---------+

-------------------------------------------
Batch: 90
-------------------------------------------
+-----+---------+
|email|birthYear|
+-----+---------+
+-----+---------+

-------------------------------------------
Batch: 91
-------------------------------------------
+-----+---------+
|email|birthYear|
+-----+---------+
+-----+---------+

-------------------------------------------
Batch: 92
-------------------------------------------
+-----+---------+
|email|birthYear|
+-----+---------+
+-----+---------+

-------------------------------------------
Batch: 93
-------------------------------------------
+-----+---------+
|email|birthYear|
+-----+---------+
+-----+---------+

-------------------------------------------
Batch: 94
-------------------------------------------
+-----+---------+
|email|birthYear|
+-----+---------+
+-----+---------+

-------------------------------------------
Batch: 95
-------------------------------------------
+-----+---------+
|email|birthYear|
+-----+---------+
+-----+---------+

-------------------------------------------
Batch: 96
-------------------------------------------
+-----+---------+
|email|birthYear|
+-----+---------+
+-----+---------+

-------------------------------------------
Batch: 97
-------------------------------------------
+-----+---------+
|email|birthYear|
+-----+---------+
+-----+---------+

-------------------------------------------
Batch: 98
-------------------------------------------
+-----+---------+
|email|birthYear|
+-----+---------+
+-----+---------+

-------------------------------------------
Batch: 99
-------------------------------------------
+-----+---------+
|email|birthYear|
+-----+---------+
+-----+---------+

-------------------------------------------
Batch: 100
-------------------------------------------
+-----+---------+
|email|birthYear|
+-----+---------+
+-----+---------+

-------------------------------------------
Batch: 101
-------------------------------------------
+-----+---------+
|email|birthYear|
+-----+---------+
+-----+---------+

-------------------------------------------
Batch: 102
-------------------------------------------
+-----+---------+
|email|birthYear|
+-----+---------+
+-----+---------+

-------------------------------------------
Batch: 103
-------------------------------------------
+-----+---------+
|email|birthYear|
+-----+---------+
+-----+---------+

-------------------------------------------
Batch: 104
-------------------------------------------
+-----+---------+
|email|birthYear|
+-----+---------+
+-----+---------+

-------------------------------------------
Batch: 105
-------------------------------------------
+-----+---------+
|email|birthYear|
+-----+---------+
+-----+---------+

-------------------------------------------
Batch: 106
-------------------------------------------
+-----+---------+
|email|birthYear|
+-----+---------+
+-----+---------+

-------------------------------------------
Batch: 107
-------------------------------------------
+-----+---------+
|email|birthYear|
+-----+---------+
+-----+---------+

-------------------------------------------
Batch: 108
-------------------------------------------
+-----+---------+
|email|birthYear|
+-----+---------+
+-----+---------+

-------------------------------------------
Batch: 109
-------------------------------------------
+-----+---------+
|email|birthYear|
+-----+---------+
+-----+---------+

-------------------------------------------
Batch: 110
-------------------------------------------
+-----+---------+
|email|birthYear|
+-----+---------+
+-----+---------+

-------------------------------------------
Batch: 111
-------------------------------------------
+-----+---------+
|email|birthYear|
+-----+---------+
+-----+---------+

-------------------------------------------
Batch: 112
-------------------------------------------
+-----+---------+
|email|birthYear|
+-----+---------+
+-----+---------+

-------------------------------------------
Batch: 113
-------------------------------------------
+-----+---------+
|email|birthYear|
+-----+---------+
+-----+---------+

-------------------------------------------
Batch: 114
-------------------------------------------
+-----+---------+
|email|birthYear|
+-----+---------+
+-----+---------+

-------------------------------------------
Batch: 115
-------------------------------------------
+-----+---------+
|email|birthYear|
+-----+---------+
+-----+---------+

-------------------------------------------
Batch: 116
-------------------------------------------
+-----+---------+
|email|birthYear|
+-----+---------+
+-----+---------+

-------------------------------------------
Batch: 117
-------------------------------------------
+-----+---------+
|email|birthYear|
+-----+---------+
+-----+---------+

-------------------------------------------
Batch: 118
-------------------------------------------
+-----+---------+
|email|birthYear|
+-----+---------+
+-----+---------+

-------------------------------------------
Batch: 119
-------------------------------------------
+-----+---------+
|email|birthYear|
+-----+---------+
+-----+---------+

-------------------------------------------
Batch: 120
-------------------------------------------
+-----+---------+
|email|birthYear|
+-----+---------+
+-----+---------+

-------------------------------------------
Batch: 121
-------------------------------------------
+-----+---------+
|email|birthYear|
+-----+---------+
+-----+---------+

-------------------------------------------
Batch: 122
-------------------------------------------
+-----+---------+
|email|birthYear|
+-----+---------+
+-----+---------+

-------------------------------------------
Batch: 123
-------------------------------------------
+-----+---------+
|email|birthYear|
+-----+---------+
+-----+---------+

-------------------------------------------
Batch: 124
-------------------------------------------
+-----+---------+
|email|birthYear|
+-----+---------+
+-----+---------+

-------------------------------------------
Batch: 125
-------------------------------------------
+-----+---------+
|email|birthYear|
+-----+---------+
+-----+---------+

-------------------------------------------
Batch: 126
-------------------------------------------
+-----+---------+
|email|birthYear|
+-----+---------+
+-----+---------+

-------------------------------------------
Batch: 127
-------------------------------------------
+-----+---------+
|email|birthYear|
+-----+---------+
+-----+---------+

-------------------------------------------
Batch: 128
-------------------------------------------
+-----+---------+
|email|birthYear|
+-----+---------+
+-----+---------+

-------------------------------------------
Batch: 129
-------------------------------------------
+-----+---------+
|email|birthYear|
+-----+---------+
+-----+---------+

-------------------------------------------
Batch: 130
-------------------------------------------
+-----+---------+
|email|birthYear|
+-----+---------+
+-----+---------+

-------------------------------------------
Batch: 131
-------------------------------------------
+-----+---------+
|email|birthYear|
+-----+---------+
+-----+---------+

-------------------------------------------
Batch: 132
-------------------------------------------
+-----+---------+
|email|birthYear|
+-----+---------+
+-----+---------+

-------------------------------------------
Batch: 133
-------------------------------------------
+-----+---------+
|email|birthYear|
+-----+---------+
+-----+---------+

-------------------------------------------
Batch: 134
-------------------------------------------
+-----+---------+
|email|birthYear|
+-----+---------+
+-----+---------+

-------------------------------------------
Batch: 135
-------------------------------------------
+-----+---------+
|email|birthYear|
+-----+---------+
+-----+---------+

-------------------------------------------
Batch: 136
-------------------------------------------
+-----+---------+
|email|birthYear|
+-----+---------+
+-----+---------+

-------------------------------------------
Batch: 137
-------------------------------------------
+-----+---------+
|email|birthYear|
+-----+---------+
+-----+---------+

-------------------------------------------
Batch: 138
-------------------------------------------
+-----+---------+
|email|birthYear|
+-----+---------+
+-----+---------+

-------------------------------------------
Batch: 139
-------------------------------------------
+-----+---------+
|email|birthYear|
+-----+---------+
+-----+---------+

-------------------------------------------
Batch: 140
-------------------------------------------
+-----+---------+
|email|birthYear|
+-----+---------+
+-----+---------+

-------------------------------------------
Batch: 141
-------------------------------------------
+-----+---------+
|email|birthYear|
+-----+---------+
+-----+---------+

-------------------------------------------
Batch: 142
-------------------------------------------
+-----+---------+
|email|birthYear|
+-----+---------+
+-----+---------+

-------------------------------------------
Batch: 143
-------------------------------------------
+-----+---------+
|email|birthYear|
+-----+---------+
+-----+---------+

-------------------------------------------
Batch: 144
-------------------------------------------
+-----+---------+
|email|birthYear|
+-----+---------+
+-----+---------+

-------------------------------------------
Batch: 145
-------------------------------------------
+-----+---------+
|email|birthYear|
+-----+---------+
+-----+---------+

-------------------------------------------
Batch: 146
-------------------------------------------
+-----+---------+
|email|birthYear|
+-----+---------+
+-----+---------+

-------------------------------------------
Batch: 147
-------------------------------------------
+-----+---------+
|email|birthYear|
+-----+---------+
+-----+---------+

-------------------------------------------
Batch: 148
-------------------------------------------
+-----+---------+
|email|birthYear|
+-----+---------+
+-----+---------+

-------------------------------------------
Batch: 149
-------------------------------------------
+-----+---------+
|email|birthYear|
+-----+---------+
+-----+---------+

-------------------------------------------
Batch: 150
-------------------------------------------
+-----+---------+
|email|birthYear|
+-----+---------+
+-----+---------+

-------------------------------------------
Batch: 151
-------------------------------------------
+-----+---------+
|email|birthYear|
+-----+---------+
+-----+---------+

-------------------------------------------
Batch: 152
-------------------------------------------
+-----+---------+
|email|birthYear|
+-----+---------+
+-----+---------+

-------------------------------------------
Batch: 153
-------------------------------------------
+-----+---------+
|email|birthYear|
+-----+---------+
+-----+---------+

-------------------------------------------
Batch: 154
-------------------------------------------
+-----+---------+
|email|birthYear|
+-----+---------+
+-----+---------+

-------------------------------------------
Batch: 155
-------------------------------------------
+-----+---------+
|email|birthYear|
+-----+---------+
+-----+---------+

-------------------------------------------
Batch: 156
-------------------------------------------
+-----+---------+
|email|birthYear|
+-----+---------+
+-----+---------+

-------------------------------------------
Batch: 157
-------------------------------------------
+-----+---------+
|email|birthYear|
+-----+---------+
+-----+---------+

-------------------------------------------
Batch: 158
-------------------------------------------
+-----+---------+
|email|birthYear|
+-----+---------+
+-----+---------+

-------------------------------------------
Batch: 159
-------------------------------------------
+-----+---------+
|email|birthYear|
+-----+---------+
+-----+---------+

-------------------------------------------
Batch: 160
-------------------------------------------
+-----+---------+
|email|birthYear|
+-----+---------+
+-----+---------+

-------------------------------------------
Batch: 161
-------------------------------------------
+-----+---------+
|email|birthYear|
+-----+---------+
+-----+---------+

-------------------------------------------
Batch: 162
-------------------------------------------
+-----+---------+
|email|birthYear|
+-----+---------+
+-----+---------+

-------------------------------------------
Batch: 163
-------------------------------------------
+-----+---------+
|email|birthYear|
+-----+---------+
+-----+---------+

-------------------------------------------
Batch: 164
-------------------------------------------
+-----+---------+
|email|birthYear|
+-----+---------+
+-----+---------+

-------------------------------------------
Batch: 165
-------------------------------------------
+-----+---------+
|email|birthYear|
+-----+---------+
+-----+---------+

-------------------------------------------
Batch: 166
-------------------------------------------
+-----+---------+
|email|birthYear|
+-----+---------+
+-----+---------+

-------------------------------------------
Batch: 167
-------------------------------------------
+-----+---------+
|email|birthYear|
+-----+---------+
+-----+---------+

-------------------------------------------
Batch: 168
-------------------------------------------
+-----+---------+
|email|birthYear|
+-----+---------+
+-----+---------+

-------------------------------------------
Batch: 169
-------------------------------------------
+-----+---------+
|email|birthYear|
+-----+---------+
+-----+---------+

-------------------------------------------
Batch: 170
-------------------------------------------
+-----+---------+
|email|birthYear|
+-----+---------+
+-----+---------+

-------------------------------------------
Batch: 171
-------------------------------------------
+-----+---------+
|email|birthYear|
+-----+---------+
+-----+---------+

-------------------------------------------
Batch: 172
-------------------------------------------
+-----+---------+
|email|birthYear|
+-----+---------+
+-----+---------+

-------------------------------------------
Batch: 173
-------------------------------------------
+-----+---------+
|email|birthYear|
+-----+---------+
+-----+---------+

-------------------------------------------
Batch: 174
-------------------------------------------
+-----+---------+
|email|birthYear|
+-----+---------+
+-----+---------+

-------------------------------------------
Batch: 175
-------------------------------------------
+--------------------+---------+
|               email|birthYear|
+--------------------+---------+
|Trevor.Aristotle@...|     1964|
|Craig.Aristotle@t...|     1963|
|Lyn.Sanchez@test.com|     1962|
|Jerry.Doshi@test.com|     1961|
| Sean.Abram@test.com|     1960|
|Senthil.Lincoln@t...|     1959|
|  Dan.Mitra@test.com|     1958|
+--------------------+---------+

-------------------------------------------
Batch: 176
-------------------------------------------
+--------------------+---------+
|               email|birthYear|
+--------------------+---------+
|Suresh.Habschied@...|     1957|
|Jason.Habschied@t...|     1956|
|Jason.Khatib@test...|     1955|
|Craig.Sanchez@tes...|     1954|
|Eric.Hansen@test.com|     1953|
|Senthil.Staples@t...|     1952|
|Spencer.Howard@te...|     1951|
|Edward.Jones@test...|     1950|
|    Eric.Wu@test.com|     1949|
|Frank.Sanchez@tes...|     1948|
|Gail.Habschied@te...|     1947|
|Jerry.Jones@test.com|     1946|
|Santosh.Khatib@te...|     1944|
|Jason.Lincoln@tes...|     1943|
|Angie.Abram@test.com|     1942|
|Travis.Doshi@test...|     1941|
| Gail.Smith@test.com|     1940|
| Ben.Hansen@test.com|     1939|
|Santosh.Huey@test...|     1938|
|  Lyn.Abram@test.com|     1937|
+--------------------+---------+

-------------------------------------------
Batch: 177
-------------------------------------------
+-----+---------+
|email|birthYear|
+-----+---------+
+-----+---------+

-------------------------------------------
Batch: 178
-------------------------------------------
+-----+---------+
|email|birthYear|
+-----+---------+
+-----+---------+

-------------------------------------------
Batch: 179
-------------------------------------------
+-----+---------+
|email|birthYear|
+-----+---------+
+-----+---------+

-------------------------------------------
Batch: 180
-------------------------------------------
+-----+---------+
|email|birthYear|
+-----+---------+
+-----+---------+

-------------------------------------------
Batch: 181
-------------------------------------------
+-----+---------+
|email|birthYear|
+-----+---------+
+-----+---------+

-------------------------------------------
Batch: 182
-------------------------------------------
+-----+---------+
|email|birthYear|
+-----+---------+
+-----+---------+

-------------------------------------------
Batch: 183
-------------------------------------------
+-----+---------+
|email|birthYear|
+-----+---------+
+-----+---------+

-------------------------------------------
Batch: 184
-------------------------------------------
+-----+---------+
|email|birthYear|
+-----+---------+
+-----+---------+

-------------------------------------------
Batch: 185
-------------------------------------------
+-----+---------+
|email|birthYear|
+-----+---------+
+-----+---------+

-------------------------------------------
Batch: 186
-------------------------------------------
+-----+---------+
|email|birthYear|
+-----+---------+
+-----+---------+

-------------------------------------------
Batch: 187
-------------------------------------------
+-----+---------+
|email|birthYear|
+-----+---------+
+-----+---------+

-------------------------------------------
Batch: 188
-------------------------------------------
+-----+---------+
|email|birthYear|
+-----+---------+
+-----+---------+

-------------------------------------------
Batch: 189
-------------------------------------------
+-----+---------+
|email|birthYear|
+-----+---------+
+-----+---------+

-------------------------------------------
Batch: 190
-------------------------------------------
+-----+---------+
|email|birthYear|
+-----+---------+
+-----+---------+

-------------------------------------------
Batch: 191
-------------------------------------------
+-----+---------+
|email|birthYear|
+-----+---------+
+-----+---------+

-------------------------------------------
Batch: 192
-------------------------------------------
+-----+---------+
|email|birthYear|
+-----+---------+
+-----+---------+

-------------------------------------------
Batch: 193
-------------------------------------------
+-----+---------+
|email|birthYear|
+-----+---------+
+-----+---------+

-------------------------------------------
Batch: 194
-------------------------------------------
+-----+---------+
|email|birthYear|
+-----+---------+
+-----+---------+

-------------------------------------------
Batch: 195
-------------------------------------------
+-----+---------+
|email|birthYear|
+-----+---------+
+-----+---------+

-------------------------------------------
Batch: 196
-------------------------------------------
+-----+---------+
|email|birthYear|
+-----+---------+
+-----+---------+

-------------------------------------------
Batch: 197
-------------------------------------------
+-----+---------+
|email|birthYear|
+-----+---------+
+-----+---------+

-------------------------------------------
Batch: 198
-------------------------------------------
+-----+---------+
|email|birthYear|
+-----+---------+
+-----+---------+

-------------------------------------------
Batch: 199
-------------------------------------------
+-----+---------+
|email|birthYear|
+-----+---------+
+-----+---------+

-------------------------------------------
Batch: 200
-------------------------------------------
+-----+---------+
|email|birthYear|
+-----+---------+
+-----+---------+

-------------------------------------------
Batch: 201
-------------------------------------------
+-----+---------+
|email|birthYear|
+-----+---------+
+-----+---------+

-------------------------------------------
Batch: 202
-------------------------------------------
+-----+---------+
|email|birthYear|
+-----+---------+
+-----+---------+

-------------------------------------------
Batch: 203
-------------------------------------------
+-----+---------+
|email|birthYear|
+-----+---------+
+-----+---------+

-------------------------------------------
Batch: 204
-------------------------------------------
+-----+---------+
|email|birthYear|
+-----+---------+
+-----+---------+

-------------------------------------------
Batch: 205
-------------------------------------------
+-----+---------+
|email|birthYear|
+-----+---------+
+-----+---------+

-------------------------------------------
Batch: 206
-------------------------------------------
+-----+---------+
|email|birthYear|
+-----+---------+
+-----+---------+

-------------------------------------------
Batch: 207
-------------------------------------------
+-----+---------+
|email|birthYear|
+-----+---------+
+-----+---------+

-------------------------------------------
Batch: 208
-------------------------------------------
+-----+---------+
|email|birthYear|
+-----+---------+
+-----+---------+

-------------------------------------------
Batch: 209
-------------------------------------------
+-----+---------+
|email|birthYear|
+-----+---------+
+-----+---------+

-------------------------------------------
Batch: 210
-------------------------------------------
+-----+---------+
|email|birthYear|
+-----+---------+
+-----+---------+

-------------------------------------------
Batch: 211
-------------------------------------------
+-----+---------+
|email|birthYear|
+-----+---------+
+-----+---------+

-------------------------------------------
Batch: 212
-------------------------------------------
+-----+---------+
|email|birthYear|
+-----+---------+
+-----+---------+

-------------------------------------------
Batch: 213
-------------------------------------------
+-----+---------+
|email|birthYear|
+-----+---------+
+-----+---------+

-------------------------------------------
Batch: 214
-------------------------------------------
+-----+---------+
|email|birthYear|
+-----+---------+
+-----+---------+

-------------------------------------------
Batch: 215
-------------------------------------------
+-----+---------+
|email|birthYear|
+-----+---------+
+-----+---------+

-------------------------------------------
Batch: 216
-------------------------------------------
+-----+---------+
|email|birthYear|
+-----+---------+
+-----+---------+

-------------------------------------------
Batch: 217
-------------------------------------------
+-----+---------+
|email|birthYear|
+-----+---------+
+-----+---------+

-------------------------------------------
Batch: 218
-------------------------------------------
+-----+---------+
|email|birthYear|
+-----+---------+
+-----+---------+

-------------------------------------------
Batch: 219
-------------------------------------------
+-----+---------+
|email|birthYear|
+-----+---------+
+-----+---------+

-------------------------------------------
Batch: 220
-------------------------------------------
+-----+---------+
|email|birthYear|
+-----+---------+
+-----+---------+

-------------------------------------------
Batch: 221
-------------------------------------------
+-----+---------+
|email|birthYear|
+-----+---------+
+-----+---------+

-------------------------------------------
Batch: 222
-------------------------------------------
+-----+---------+
|email|birthYear|
+-----+---------+
+-----+---------+

-------------------------------------------
Batch: 223
-------------------------------------------
+-----+---------+
|email|birthYear|
+-----+---------+
+-----+---------+

-------------------------------------------
Batch: 224
-------------------------------------------
+-----+---------+
|email|birthYear|
+-----+---------+
+-----+---------+

-------------------------------------------
Batch: 225
-------------------------------------------
+-----+---------+
|email|birthYear|
+-----+---------+
+-----+---------+

-------------------------------------------
Batch: 226
-------------------------------------------
+-----+---------+
|email|birthYear|
+-----+---------+
+-----+---------+

-------------------------------------------
Batch: 227
-------------------------------------------
+-----+---------+
|email|birthYear|
+-----+---------+
+-----+---------+

-------------------------------------------
Batch: 228
-------------------------------------------
+-----+---------+
|email|birthYear|
+-----+---------+
+-----+---------+

-------------------------------------------
Batch: 229
-------------------------------------------
+-----+---------+
|email|birthYear|
+-----+---------+
+-----+---------+

-------------------------------------------
Batch: 230
-------------------------------------------
+-----+---------+
|email|birthYear|
+-----+---------+
+-----+---------+

-------------------------------------------
Batch: 231
-------------------------------------------
+-----+---------+
|email|birthYear|
+-----+---------+
+-----+---------+

-------------------------------------------
Batch: 232
-------------------------------------------
+-----+---------+
|email|birthYear|
+-----+---------+
+-----+---------+

-------------------------------------------
Batch: 233
-------------------------------------------
+-----+---------+
|email|birthYear|
+-----+---------+
+-----+---------+

-------------------------------------------
Batch: 234
-------------------------------------------
+-----+---------+
|email|birthYear|
+-----+---------+
+-----+---------+

-------------------------------------------
Batch: 235
-------------------------------------------
+-----+---------+
|email|birthYear|
+-----+---------+
+-----+---------+

-------------------------------------------
Batch: 236
-------------------------------------------
+-----+---------+
|email|birthYear|
+-----+---------+
+-----+---------+

-------------------------------------------
Batch: 237
-------------------------------------------
+-----+---------+
|email|birthYear|
+-----+---------+
+-----+---------+

-------------------------------------------
Batch: 238
-------------------------------------------
+-----+---------+
|email|birthYear|
+-----+---------+
+-----+---------+

-------------------------------------------
Batch: 239
-------------------------------------------
+-----+---------+
|email|birthYear|
+-----+---------+
+-----+---------+

-------------------------------------------
Batch: 240
-------------------------------------------
+-----+---------+
|email|birthYear|
+-----+---------+
+-----+---------+

-------------------------------------------
Batch: 241
-------------------------------------------
+-----+---------+
|email|birthYear|
+-----+---------+
+-----+---------+

-------------------------------------------
Batch: 242
-------------------------------------------
+-----+---------+
|email|birthYear|
+-----+---------+
+-----+---------+

-------------------------------------------
Batch: 243
-------------------------------------------
+-----+---------+
|email|birthYear|
+-----+---------+
+-----+---------+

-------------------------------------------
Batch: 244
-------------------------------------------
+-----+---------+
|email|birthYear|
+-----+---------+
+-----+---------+

-------------------------------------------
Batch: 245
-------------------------------------------
+-----+---------+
|email|birthYear|
+-----+---------+
+-----+---------+

-------------------------------------------
Batch: 246
-------------------------------------------
+-----+---------+
|email|birthYear|
+-----+---------+
+-----+---------+

-------------------------------------------
Batch: 247
-------------------------------------------
+-----+---------+
|email|birthYear|
+-----+---------+
+-----+---------+

-------------------------------------------
Batch: 248
-------------------------------------------
+-----+---------+
|email|birthYear|
+-----+---------+
+-----+---------+

-------------------------------------------
Batch: 249
-------------------------------------------
+-----+---------+
|email|birthYear|
+-----+---------+
+-----+---------+

-------------------------------------------
Batch: 250
-------------------------------------------
+-----+---------+
|email|birthYear|
+-----+---------+
+-----+---------+

-------------------------------------------
Batch: 251
-------------------------------------------
+-----+---------+
|email|birthYear|
+-----+---------+
+-----+---------+

-------------------------------------------
Batch: 252
-------------------------------------------
+-----+---------+
|email|birthYear|
+-----+---------+
+-----+---------+

-------------------------------------------
Batch: 253
-------------------------------------------
+-----+---------+
|email|birthYear|
+-----+---------+
+-----+---------+

-------------------------------------------
Batch: 254
-------------------------------------------
+-----+---------+
|email|birthYear|
+-----+---------+
+-----+---------+

-------------------------------------------
Batch: 255
-------------------------------------------
+-----+---------+
|email|birthYear|
+-----+---------+
+-----+---------+

-------------------------------------------
Batch: 256
-------------------------------------------
+-----+---------+
|email|birthYear|
+-----+---------+
+-----+---------+

-------------------------------------------
Batch: 257
-------------------------------------------
+-----+---------+
|email|birthYear|
+-----+---------+
+-----+---------+

-------------------------------------------
Batch: 258
-------------------------------------------
+-----+---------+
|email|birthYear|
+-----+---------+
+-----+---------+

-------------------------------------------
Batch: 259
-------------------------------------------
+-----+---------+
|email|birthYear|
+-----+---------+
+-----+---------+

-------------------------------------------
Batch: 260
-------------------------------------------
+-----+---------+
|email|birthYear|
+-----+---------+
+-----+---------+

-------------------------------------------
Batch: 261
-------------------------------------------
+-----+---------+
|email|birthYear|
+-----+---------+
+-----+---------+

-------------------------------------------
Batch: 262
-------------------------------------------
+-----+---------+
|email|birthYear|
+-----+---------+
+-----+---------+

-------------------------------------------
Batch: 263
-------------------------------------------
+-----+---------+
|email|birthYear|
+-----+---------+
+-----+---------+

-------------------------------------------
Batch: 264
-------------------------------------------
+-----+---------+
|email|birthYear|
+-----+---------+
+-----+---------+

-------------------------------------------
Batch: 265
-------------------------------------------
+-----+---------+
|email|birthYear|
+-----+---------+
+-----+---------+

-------------------------------------------
Batch: 266
-------------------------------------------
+-----+---------+
|email|birthYear|
+-----+---------+
+-----+---------+

-------------------------------------------
Batch: 267
-------------------------------------------
+-----+---------+
|email|birthYear|
+-----+---------+
+-----+---------+

-------------------------------------------
Batch: 268
-------------------------------------------
+-----+---------+
|email|birthYear|
+-----+---------+
+-----+---------+

-------------------------------------------
Batch: 269
-------------------------------------------
+-----+---------+
|email|birthYear|
+-----+---------+
+-----+---------+

-------------------------------------------
Batch: 270
-------------------------------------------
+-----+---------+
|email|birthYear|
+-----+---------+
+-----+---------+

-------------------------------------------
Batch: 271
-------------------------------------------
+-----+---------+
|email|birthYear|
+-----+---------+
+-----+---------+

-------------------------------------------
Batch: 272
-------------------------------------------
+-----+---------+
|email|birthYear|
+-----+---------+
+-----+---------+

-------------------------------------------
Batch: 273
-------------------------------------------
+-----+---------+
|email|birthYear|
+-----+---------+
+-----+---------+

-------------------------------------------
Batch: 274
-------------------------------------------
+-----+---------+
|email|birthYear|
+-----+---------+
+-----+---------+

-------------------------------------------
Batch: 275
-------------------------------------------
+-----+---------+
|email|birthYear|
+-----+---------+
+-----+---------+

-------------------------------------------
Batch: 276
-------------------------------------------
+-----+---------+
|email|birthYear|
+-----+---------+
+-----+---------+

-------------------------------------------
Batch: 277
-------------------------------------------
+-----+---------+
|email|birthYear|
+-----+---------+
+-----+---------+

-------------------------------------------
Batch: 278
-------------------------------------------
+-----+---------+
|email|birthYear|
+-----+---------+
+-----+---------+

-------------------------------------------
Batch: 279
-------------------------------------------
+-----+---------+
|email|birthYear|
+-----+---------+
+-----+---------+

-------------------------------------------
Batch: 280
-------------------------------------------
+-----+---------+
|email|birthYear|
+-----+---------+
+-----+---------+

-------------------------------------------
Batch: 281
-------------------------------------------
+-----+---------+
|email|birthYear|
+-----+---------+
+-----+---------+

-------------------------------------------
Batch: 282
-------------------------------------------
+-----+---------+
|email|birthYear|
+-----+---------+
+-----+---------+

-------------------------------------------
Batch: 283
-------------------------------------------
+-----+---------+
|email|birthYear|
+-----+---------+
+-----+---------+

-------------------------------------------
Batch: 284
-------------------------------------------
+-----+---------+
|email|birthYear|
+-----+---------+
+-----+---------+

-------------------------------------------
Batch: 285
-------------------------------------------
+-----+---------+
|email|birthYear|
+-----+---------+
+-----+---------+

-------------------------------------------
Batch: 286
-------------------------------------------
+-----+---------+
|email|birthYear|
+-----+---------+
+-----+---------+

-------------------------------------------
Batch: 287
-------------------------------------------
+-----+---------+
|email|birthYear|
+-----+---------+
+-----+---------+

-------------------------------------------
Batch: 288
-------------------------------------------
+-----+---------+
|email|birthYear|
+-----+---------+
+-----+---------+

-------------------------------------------
Batch: 289
-------------------------------------------
+-----+---------+
|email|birthYear|
+-----+---------+
+-----+---------+

-------------------------------------------
Batch: 290
-------------------------------------------
+-----+---------+
|email|birthYear|
+-----+---------+
+-----+---------+

-------------------------------------------
Batch: 291
-------------------------------------------
+-----+---------+
|email|birthYear|
+-----+---------+
+-----+---------+

-------------------------------------------
Batch: 292
-------------------------------------------
+-----+---------+
|email|birthYear|
+-----+---------+
+-----+---------+

-------------------------------------------
Batch: 293
-------------------------------------------
+-----+---------+
|email|birthYear|
+-----+---------+
+-----+---------+

-------------------------------------------
Batch: 294
-------------------------------------------
+-----+---------+
|email|birthYear|
+-----+---------+
+-----+---------+

-------------------------------------------
Batch: 295
-------------------------------------------
+-----+---------+
|email|birthYear|
+-----+---------+
+-----+---------+

-------------------------------------------
Batch: 296
-------------------------------------------
+-----+---------+
|email|birthYear|
+-----+---------+
+-----+---------+

-------------------------------------------
Batch: 297
-------------------------------------------
+-----+---------+
|email|birthYear|
+-----+---------+
+-----+---------+

-------------------------------------------
Batch: 298
-------------------------------------------
+-----+---------+
|email|birthYear|
+-----+---------+
+-----+---------+

-------------------------------------------
Batch: 299
-------------------------------------------
+-----+---------+
|email|birthYear|
+-----+---------+
+-----+---------+

-------------------------------------------
Batch: 300
-------------------------------------------
+-----+---------+
|email|birthYear|
+-----+---------+
+-----+---------+

-------------------------------------------
Batch: 301
-------------------------------------------
+-----+---------+
|email|birthYear|
+-----+---------+
+-----+---------+

-------------------------------------------
Batch: 302
-------------------------------------------
+-----+---------+
|email|birthYear|
+-----+---------+
+-----+---------+

-------------------------------------------
Batch: 303
-------------------------------------------
+-----+---------+
|email|birthYear|
+-----+---------+
+-----+---------+

-------------------------------------------
Batch: 304
-------------------------------------------
+-----+---------+
|email|birthYear|
+-----+---------+
+-----+---------+

-------------------------------------------
Batch: 305
-------------------------------------------
+-----+---------+
|email|birthYear|
+-----+---------+
+-----+---------+

-------------------------------------------
Batch: 306
-------------------------------------------
+-----+---------+
|email|birthYear|
+-----+---------+
+-----+---------+

-------------------------------------------
Batch: 307
-------------------------------------------
+-----+---------+
|email|birthYear|
+-----+---------+
+-----+---------+

-------------------------------------------
Batch: 308
-------------------------------------------
+-----+---------+
|email|birthYear|
+-----+---------+
+-----+---------+

-------------------------------------------
Batch: 309
-------------------------------------------
+-----+---------+
|email|birthYear|
+-----+---------+
+-----+---------+

-------------------------------------------
Batch: 310
-------------------------------------------
+-----+---------+
|email|birthYear|
+-----+---------+
+-----+---------+

-------------------------------------------
Batch: 311
-------------------------------------------
+-----+---------+
|email|birthYear|
+-----+---------+
+-----+---------+

-------------------------------------------
Batch: 312
-------------------------------------------
+-----+---------+
|email|birthYear|
+-----+---------+
+-----+---------+

-------------------------------------------
Batch: 313
-------------------------------------------
+-----+---------+
|email|birthYear|
+-----+---------+
+-----+---------+

-------------------------------------------
Batch: 314
-------------------------------------------
+-----+---------+
|email|birthYear|
+-----+---------+
+-----+---------+

-------------------------------------------
Batch: 315
-------------------------------------------
+-----+---------+
|email|birthYear|
+-----+---------+
+-----+---------+

-------------------------------------------
Batch: 316
-------------------------------------------
+-----+---------+
|email|birthYear|
+-----+---------+
+-----+---------+

-------------------------------------------
Batch: 317
-------------------------------------------
+-----+---------+
|email|birthYear|
+-----+---------+
+-----+---------+

-------------------------------------------
Batch: 318
-------------------------------------------
+-----+---------+
|email|birthYear|
+-----+---------+
+-----+---------+

-------------------------------------------
Batch: 319
-------------------------------------------
+-----+---------+
|email|birthYear|
+-----+---------+
+-----+---------+

-------------------------------------------
Batch: 320
-------------------------------------------
+-----+---------+
|email|birthYear|
+-----+---------+
+-----+---------+

-------------------------------------------
Batch: 321
-------------------------------------------
+-----+---------+
|email|birthYear|
+-----+---------+
+-----+---------+

-------------------------------------------
Batch: 322
-------------------------------------------
+-----+---------+
|email|birthYear|
+-----+---------+
+-----+---------+

-------------------------------------------
Batch: 323
-------------------------------------------
+-----+---------+
|email|birthYear|
+-----+---------+
+-----+---------+

-------------------------------------------
Batch: 324
-------------------------------------------
+-----+---------+
|email|birthYear|
+-----+---------+
+-----+---------+

-------------------------------------------
Batch: 325
-------------------------------------------
+-----+---------+
|email|birthYear|
+-----+---------+
+-----+---------+

-------------------------------------------
Batch: 326
-------------------------------------------
+-----+---------+
|email|birthYear|
+-----+---------+
+-----+---------+

-------------------------------------------
Batch: 327
-------------------------------------------
+-----+---------+
|email|birthYear|
+-----+---------+
+-----+---------+

-------------------------------------------
Batch: 328
-------------------------------------------
+-----+---------+
|email|birthYear|
+-----+---------+
+-----+---------+

-------------------------------------------
Batch: 329
-------------------------------------------
+-----+---------+
|email|birthYear|
+-----+---------+
+-----+---------+

-------------------------------------------
Batch: 330
-------------------------------------------
+-----+---------+
|email|birthYear|
+-----+---------+
+-----+---------+

-------------------------------------------
Batch: 331
-------------------------------------------
+-----+---------+
|email|birthYear|
+-----+---------+
+-----+---------+

-------------------------------------------
Batch: 332
-------------------------------------------
+-----+---------+
|email|birthYear|
+-----+---------+
+-----+---------+

-------------------------------------------
Batch: 333
-------------------------------------------
+-----+---------+
|email|birthYear|
+-----+---------+
+-----+---------+

-------------------------------------------
Batch: 334
-------------------------------------------
+-----+---------+
|email|birthYear|
+-----+---------+
+-----+---------+

-------------------------------------------
Batch: 335
-------------------------------------------
+-----+---------+
|email|birthYear|
+-----+---------+
+-----+---------+

-------------------------------------------
Batch: 336
-------------------------------------------
+-----+---------+
|email|birthYear|
+-----+---------+
+-----+---------+

-------------------------------------------
Batch: 337
-------------------------------------------
+-----+---------+
|email|birthYear|
+-----+---------+
+-----+---------+

-------------------------------------------
Batch: 338
-------------------------------------------
+-----+---------+
|email|birthYear|
+-----+---------+
+-----+---------+

-------------------------------------------
Batch: 339
-------------------------------------------
+-----+---------+
|email|birthYear|
+-----+---------+
+-----+---------+

-------------------------------------------
Batch: 340
-------------------------------------------
+-----+---------+
|email|birthYear|
+-----+---------+
+-----+---------+

-------------------------------------------
Batch: 341
-------------------------------------------
+-----+---------+
|email|birthYear|
+-----+---------+
+-----+---------+

-------------------------------------------
Batch: 342
-------------------------------------------
+-----+---------+
|email|birthYear|
+-----+---------+
+-----+---------+

-------------------------------------------
Batch: 343
-------------------------------------------
+-----+---------+
|email|birthYear|
+-----+---------+
+-----+---------+

-------------------------------------------
Batch: 344
-------------------------------------------
+-----+---------+
|email|birthYear|
+-----+---------+
+-----+---------+

-------------------------------------------
Batch: 345
-------------------------------------------
+-----+---------+
|email|birthYear|
+-----+---------+
+-----+---------+

-------------------------------------------
Batch: 346
-------------------------------------------
+-----+---------+
|email|birthYear|
+-----+---------+
+-----+---------+

-------------------------------------------
Batch: 347
-------------------------------------------
+-----+---------+
|email|birthYear|
+-----+---------+
+-----+---------+

-------------------------------------------
Batch: 348
-------------------------------------------
+-----+---------+
|email|birthYear|
+-----+---------+
+-----+---------+

-------------------------------------------
Batch: 349
-------------------------------------------
+-----+---------+
|email|birthYear|
+-----+---------+
+-----+---------+

-------------------------------------------
Batch: 350
-------------------------------------------
+-----+---------+
|email|birthYear|
+-----+---------+
+-----+---------+

-------------------------------------------
Batch: 351
-------------------------------------------
+-----+---------+
|email|birthYear|
+-----+---------+
+-----+---------+

-------------------------------------------
Batch: 352
-------------------------------------------
+-----+---------+
|email|birthYear|
+-----+---------+
+-----+---------+

-------------------------------------------
Batch: 353
-------------------------------------------
+-----+---------+
|email|birthYear|
+-----+---------+
+-----+---------+

-------------------------------------------
Batch: 354
-------------------------------------------
+-----+---------+
|email|birthYear|
+-----+---------+
+-----+---------+

-------------------------------------------
Batch: 355
-------------------------------------------
+-----+---------+
|email|birthYear|
+-----+---------+
+-----+---------+

-------------------------------------------
Batch: 356
-------------------------------------------
+-----+---------+
|email|birthYear|
+-----+---------+
+-----+---------+

-------------------------------------------
Batch: 357
-------------------------------------------
+-----+---------+
|email|birthYear|
+-----+---------+
+-----+---------+

-------------------------------------------
Batch: 358
-------------------------------------------
+-----+---------+
|email|birthYear|
+-----+---------+
+-----+---------+

-------------------------------------------
Batch: 359
-------------------------------------------
+-----+---------+
|email|birthYear|
+-----+---------+
+-----+---------+

-------------------------------------------
Batch: 360
-------------------------------------------
+-----+---------+
|email|birthYear|
+-----+---------+
+-----+---------+

-------------------------------------------
Batch: 361
-------------------------------------------
+-----+---------+
|email|birthYear|
+-----+---------+
+-----+---------+

-------------------------------------------
Batch: 362
-------------------------------------------
+-----+---------+
|email|birthYear|
+-----+---------+
+-----+---------+

-------------------------------------------
Batch: 363
-------------------------------------------
+-----+---------+
|email|birthYear|
+-----+---------+
+-----+---------+

-------------------------------------------
Batch: 364
-------------------------------------------
+-----+---------+
|email|birthYear|
+-----+---------+
+-----+---------+

-------------------------------------------
Batch: 365
-------------------------------------------
+-----+---------+
|email|birthYear|
+-----+---------+
+-----+---------+

-------------------------------------------
Batch: 366
-------------------------------------------
+-----+---------+
|email|birthYear|
+-----+---------+
+-----+---------+

-------------------------------------------
Batch: 367
-------------------------------------------
+-----+---------+
|email|birthYear|
+-----+---------+
+-----+---------+

-------------------------------------------
Batch: 368
-------------------------------------------
+-----+---------+
|email|birthYear|
+-----+---------+
+-----+---------+

-------------------------------------------
Batch: 369
-------------------------------------------
+-----+---------+
|email|birthYear|
+-----+---------+
+-----+---------+

-------------------------------------------
Batch: 370
-------------------------------------------
+-----+---------+
|email|birthYear|
+-----+---------+
+-----+---------+

-------------------------------------------
Batch: 371
-------------------------------------------
+-----+---------+
|email|birthYear|
+-----+---------+
+-----+---------+

-------------------------------------------
Batch: 372
-------------------------------------------
+-----+---------+
|email|birthYear|
+-----+---------+
+-----+---------+

-------------------------------------------
Batch: 373
-------------------------------------------
+-----+---------+
|email|birthYear|
+-----+---------+
+-----+---------+

-------------------------------------------
Batch: 374
-------------------------------------------
+-----+---------+
|email|birthYear|
+-----+---------+
+-----+---------+

-------------------------------------------
Batch: 375
-------------------------------------------
+-----+---------+
|email|birthYear|
+-----+---------+
+-----+---------+

-------------------------------------------
Batch: 376
-------------------------------------------
+-----+---------+
|email|birthYear|
+-----+---------+
+-----+---------+

-------------------------------------------
Batch: 377
-------------------------------------------
+-----+---------+
|email|birthYear|
+-----+---------+
+-----+---------+

-------------------------------------------
Batch: 378
-------------------------------------------
+-----+---------+
|email|birthYear|
+-----+---------+
+-----+---------+

-------------------------------------------
Batch: 379
-------------------------------------------
+-----+---------+
|email|birthYear|
+-----+---------+
+-----+---------+

-------------------------------------------
Batch: 380
-------------------------------------------
+-----+---------+
|email|birthYear|
+-----+---------+
+-----+---------+

-------------------------------------------
Batch: 381
-------------------------------------------
+-----+---------+
|email|birthYear|
+-----+---------+
+-----+---------+

-------------------------------------------
Batch: 382
-------------------------------------------
+-----+---------+
|email|birthYear|
+-----+---------+
+-----+---------+

-------------------------------------------
Batch: 383
-------------------------------------------
+-----+---------+
|email|birthYear|
+-----+---------+
+-----+---------+

-------------------------------------------
Batch: 384
-------------------------------------------
+-----+---------+
|email|birthYear|
+-----+---------+
+-----+---------+

-------------------------------------------
Batch: 385
-------------------------------------------
+-----+---------+
|email|birthYear|
+-----+---------+
+-----+---------+

-------------------------------------------
Batch: 386
-------------------------------------------
+-----+---------+
|email|birthYear|
+-----+---------+
+-----+---------+

-------------------------------------------
Batch: 387
-------------------------------------------
+-----+---------+
|email|birthYear|
+-----+---------+
+-----+---------+

-------------------------------------------
Batch: 388
-------------------------------------------
+-----+---------+
|email|birthYear|
+-----+---------+
+-----+---------+

-------------------------------------------
Batch: 389
-------------------------------------------
+-----+---------+
|email|birthYear|
+-----+---------+
+-----+---------+

-------------------------------------------
Batch: 390
-------------------------------------------
+-----+---------+
|email|birthYear|
+-----+---------+
+-----+---------+

-------------------------------------------
Batch: 391
-------------------------------------------
+-----+---------+
|email|birthYear|
+-----+---------+
+-----+---------+

-------------------------------------------
Batch: 392
-------------------------------------------
+-----+---------+
|email|birthYear|
+-----+---------+
+-----+---------+

-------------------------------------------
Batch: 393
-------------------------------------------
+-----+---------+
|email|birthYear|
+-----+---------+
+-----+---------+

-------------------------------------------
Batch: 394
-------------------------------------------
+-----+---------+
|email|birthYear|
+-----+---------+
+-----+---------+

-------------------------------------------
Batch: 395
-------------------------------------------
+-----+---------+
|email|birthYear|
+-----+---------+
+-----+---------+

-------------------------------------------
Batch: 396
-------------------------------------------
+-----+---------+
|email|birthYear|
+-----+---------+
+-----+---------+

-------------------------------------------
Batch: 397
-------------------------------------------
+-----+---------+
|email|birthYear|
+-----+---------+
+-----+---------+

-------------------------------------------
Batch: 398
-------------------------------------------
+-----+---------+
|email|birthYear|
+-----+---------+
+-----+---------+

-------------------------------------------
Batch: 399
-------------------------------------------
+-----+---------+
|email|birthYear|
+-----+---------+
+-----+---------+

-------------------------------------------
Batch: 400
-------------------------------------------
+-----+---------+
|email|birthYear|
+-----+---------+
+-----+---------+

-------------------------------------------
Batch: 401
-------------------------------------------
+-----+---------+
|email|birthYear|
+-----+---------+
+-----+---------+

-------------------------------------------
Batch: 402
-------------------------------------------
+-----+---------+
|email|birthYear|
+-----+---------+
+-----+---------+

-------------------------------------------
Batch: 403
-------------------------------------------
+-----+---------+
|email|birthYear|
+-----+---------+
+-----+---------+

-------------------------------------------
Batch: 404
-------------------------------------------
+-----+---------+
|email|birthYear|
+-----+---------+
+-----+---------+

-------------------------------------------
Batch: 405
-------------------------------------------
+-----+---------+
|email|birthYear|
+-----+---------+
+-----+---------+

-------------------------------------------
Batch: 406
-------------------------------------------
+-----+---------+
|email|birthYear|
+-----+---------+
+-----+---------+

-------------------------------------------
Batch: 407
-------------------------------------------
+-----+---------+
|email|birthYear|
+-----+---------+
+-----+---------+

-------------------------------------------
Batch: 408
-------------------------------------------
+-----+---------+
|email|birthYear|
+-----+---------+
+-----+---------+

-------------------------------------------
Batch: 409
-------------------------------------------
+-----+---------+
|email|birthYear|
+-----+---------+
+-----+---------+

-------------------------------------------
Batch: 410
-------------------------------------------
+-----+---------+
|email|birthYear|
+-----+---------+
+-----+---------+

-------------------------------------------
Batch: 411
-------------------------------------------
+-----+---------+
|email|birthYear|
+-----+---------+
+-----+---------+

-------------------------------------------
Batch: 412
-------------------------------------------
+-----+---------+
|email|birthYear|
+-----+---------+
+-----+---------+

-------------------------------------------
Batch: 413
-------------------------------------------
+-----+---------+
|email|birthYear|
+-----+---------+
+-----+---------+

-------------------------------------------
Batch: 414
-------------------------------------------
+-----+---------+
|email|birthYear|
+-----+---------+
+-----+---------+

-------------------------------------------
Batch: 415
-------------------------------------------
+-----+---------+
|email|birthYear|
+-----+---------+
+-----+---------+

-------------------------------------------
Batch: 416
-------------------------------------------
+-----+---------+
|email|birthYear|
+-----+---------+
+-----+---------+

-------------------------------------------
Batch: 417
-------------------------------------------
+-----+---------+
|email|birthYear|
+-----+---------+
+-----+---------+

-------------------------------------------
Batch: 418
-------------------------------------------
+-----+---------+
|email|birthYear|
+-----+---------+
+-----+---------+

-------------------------------------------
Batch: 419
-------------------------------------------
+-----+---------+
|email|birthYear|
+-----+---------+
+-----+---------+

-------------------------------------------
Batch: 420
-------------------------------------------
+-----+---------+
|email|birthYear|
+-----+---------+
+-----+---------+

-------------------------------------------
Batch: 421
-------------------------------------------
+-----+---------+
|email|birthYear|
+-----+---------+
+-----+---------+

-------------------------------------------
Batch: 422
-------------------------------------------
+-----+---------+
|email|birthYear|
+-----+---------+
+-----+---------+

-------------------------------------------
Batch: 423
-------------------------------------------
+-----+---------+
|email|birthYear|
+-----+---------+
+-----+---------+

-------------------------------------------
Batch: 424
-------------------------------------------
+-----+---------+
|email|birthYear|
+-----+---------+
+-----+---------+

-------------------------------------------
Batch: 425
-------------------------------------------
+-----+---------+
|email|birthYear|
+-----+---------+
+-----+---------+

-------------------------------------------
Batch: 426
-------------------------------------------
+-----+---------+
|email|birthYear|
+-----+---------+
+-----+---------+

-------------------------------------------
Batch: 427
-------------------------------------------
+-----+---------+
|email|birthYear|
+-----+---------+
+-----+---------+

-------------------------------------------
Batch: 428
-------------------------------------------
+-----+---------+
|email|birthYear|
+-----+---------+
+-----+---------+

-------------------------------------------
Batch: 429
-------------------------------------------
+-----+---------+
|email|birthYear|
+-----+---------+
+-----+---------+

-------------------------------------------
Batch: 430
-------------------------------------------
+-----+---------+
|email|birthYear|
+-----+---------+
+-----+---------+

-------------------------------------------
Batch: 431
-------------------------------------------
+-----+---------+
|email|birthYear|
+-----+---------+
+-----+---------+

-------------------------------------------
Batch: 432
-------------------------------------------
+-----+---------+
|email|birthYear|
+-----+---------+
+-----+---------+

-------------------------------------------
Batch: 433
-------------------------------------------
+-----+---------+
|email|birthYear|
+-----+---------+
+-----+---------+

-------------------------------------------
Batch: 434
-------------------------------------------
+-----+---------+
|email|birthYear|
+-----+---------+
+-----+---------+

-------------------------------------------
Batch: 435
-------------------------------------------
+-----+---------+
|email|birthYear|
+-----+---------+
+-----+---------+

-------------------------------------------
Batch: 436
-------------------------------------------
+-----+---------+
|email|birthYear|
+-----+---------+
+-----+---------+

-------------------------------------------
Batch: 437
-------------------------------------------
+-----+---------+
|email|birthYear|
+-----+---------+
+-----+---------+

-------------------------------------------
Batch: 438
-------------------------------------------
+-----+---------+
|email|birthYear|
+-----+---------+
+-----+---------+

-------------------------------------------
Batch: 439
-------------------------------------------
+-----+---------+
|email|birthYear|
+-----+---------+
+-----+---------+

-------------------------------------------
Batch: 440
-------------------------------------------
+-----+---------+
|email|birthYear|
+-----+---------+
+-----+---------+

-------------------------------------------
Batch: 441
-------------------------------------------
+-----+---------+
|email|birthYear|
+-----+---------+
+-----+---------+

-------------------------------------------
Batch: 442
-------------------------------------------
+-----+---------+
|email|birthYear|
+-----+---------+
+-----+---------+

-------------------------------------------
Batch: 443
-------------------------------------------
+-----+---------+
|email|birthYear|
+-----+---------+
+-----+---------+

-------------------------------------------
Batch: 444
-------------------------------------------
+-----+---------+
|email|birthYear|
+-----+---------+
+-----+---------+

-------------------------------------------
Batch: 445
-------------------------------------------
+-----+---------+
|email|birthYear|
+-----+---------+
+-----+---------+

-------------------------------------------
Batch: 446
-------------------------------------------
+-----+---------+
|email|birthYear|
+-----+---------+
+-----+---------+

-------------------------------------------
Batch: 447
-------------------------------------------
+-----+---------+
|email|birthYear|
+-----+---------+
+-----+---------+

-------------------------------------------
Batch: 448
-------------------------------------------
+-----+---------+
|email|birthYear|
+-----+---------+
+-----+---------+

-------------------------------------------
Batch: 449
-------------------------------------------
+-----+---------+
|email|birthYear|
+-----+---------+
+-----+---------+

-------------------------------------------
Batch: 450
-------------------------------------------
+-----+---------+
|email|birthYear|
+-----+---------+
+-----+---------+

-------------------------------------------
Batch: 451
-------------------------------------------
+-----+---------+
|email|birthYear|
+-----+---------+
+-----+---------+

-------------------------------------------
Batch: 452
-------------------------------------------
+-----+---------+
|email|birthYear|
+-----+---------+
+-----+---------+

-------------------------------------------
Batch: 453
-------------------------------------------
+-----+---------+
|email|birthYear|
+-----+---------+
+-----+---------+

-------------------------------------------
Batch: 454
-------------------------------------------
+-----+---------+
|email|birthYear|
+-----+---------+
+-----+---------+

-------------------------------------------
Batch: 455
-------------------------------------------
+-----+---------+
|email|birthYear|
+-----+---------+
+-----+---------+

-------------------------------------------
Batch: 456
-------------------------------------------
+-----+---------+
|email|birthYear|
+-----+---------+
+-----+---------+

-------------------------------------------
Batch: 457
-------------------------------------------
+-----+---------+
|email|birthYear|
+-----+---------+
+-----+---------+

-------------------------------------------
Batch: 458
-------------------------------------------
+-----+---------+
|email|birthYear|
+-----+---------+
+-----+---------+

-------------------------------------------
Batch: 459
-------------------------------------------
+-----+---------+
|email|birthYear|
+-----+---------+
+-----+---------+

-------------------------------------------
Batch: 460
-------------------------------------------
+-----+---------+
|email|birthYear|
+-----+---------+
+-----+---------+

-------------------------------------------
Batch: 461
-------------------------------------------
+-----+---------+
|email|birthYear|
+-----+---------+
+-----+---------+

-------------------------------------------
Batch: 462
-------------------------------------------
+-----+---------+
|email|birthYear|
+-----+---------+
+-----+---------+

-------------------------------------------
Batch: 463
-------------------------------------------
+-----+---------+
|email|birthYear|
+-----+---------+
+-----+---------+

-------------------------------------------
Batch: 464
-------------------------------------------
+-----+---------+
|email|birthYear|
+-----+---------+
+-----+---------+

-------------------------------------------
Batch: 465
-------------------------------------------
+-----+---------+
|email|birthYear|
+-----+---------+
+-----+---------+

-------------------------------------------
Batch: 466
-------------------------------------------
+-----+---------+
|email|birthYear|
+-----+---------+
+-----+---------+

-------------------------------------------
Batch: 467
-------------------------------------------
+-----+---------+
|email|birthYear|
+-----+---------+
+-----+---------+

-------------------------------------------
Batch: 468
-------------------------------------------
+-----+---------+
|email|birthYear|
+-----+---------+
+-----+---------+

-------------------------------------------
Batch: 469
-------------------------------------------
+-----+---------+
|email|birthYear|
+-----+---------+
+-----+---------+

-------------------------------------------
Batch: 470
-------------------------------------------
+-----+---------+
|email|birthYear|
+-----+---------+
+-----+---------+

-------------------------------------------
Batch: 471
-------------------------------------------
+-----+---------+
|email|birthYear|
+-----+---------+
+-----+---------+

-------------------------------------------
Batch: 472
-------------------------------------------
+-----+---------+
|email|birthYear|
+-----+---------+
+-----+---------+

-------------------------------------------
Batch: 473
-------------------------------------------
+-----+---------+
|email|birthYear|
+-----+---------+
+-----+---------+

-------------------------------------------
Batch: 474
-------------------------------------------
+-----+---------+
|email|birthYear|
+-----+---------+
+-----+---------+

-------------------------------------------
Batch: 475
-------------------------------------------
+-----+---------+
|email|birthYear|
+-----+---------+
+-----+---------+

-------------------------------------------
Batch: 476
-------------------------------------------
+-----+---------+
|email|birthYear|
+-----+---------+
+-----+---------+

-------------------------------------------
Batch: 477
-------------------------------------------
+-----+---------+
|email|birthYear|
+-----+---------+
+-----+---------+

-------------------------------------------
Batch: 478
-------------------------------------------
+-----+---------+
|email|birthYear|
+-----+---------+
+-----+---------+

-------------------------------------------
Batch: 479
-------------------------------------------
+-----+---------+
|email|birthYear|
+-----+---------+
+-----+---------+

-------------------------------------------
Batch: 480
-------------------------------------------
+-----+---------+
|email|birthYear|
+-----+---------+
+-----+---------+

-------------------------------------------
Batch: 481
-------------------------------------------
+-----+---------+
|email|birthYear|
+-----+---------+
+-----+---------+

-------------------------------------------
Batch: 482
-------------------------------------------
+-----+---------+
|email|birthYear|
+-----+---------+
+-----+---------+

-------------------------------------------
Batch: 483
-------------------------------------------
+-----+---------+
|email|birthYear|
+-----+---------+
+-----+---------+

-------------------------------------------
Batch: 484
-------------------------------------------
+-----+---------+
|email|birthYear|
+-----+---------+
+-----+---------+

-------------------------------------------
Batch: 485
-------------------------------------------
+-----+---------+
|email|birthYear|
+-----+---------+
+-----+---------+

-------------------------------------------
Batch: 486
-------------------------------------------
+-----+---------+
|email|birthYear|
+-----+---------+
+-----+---------+

-------------------------------------------
Batch: 487
-------------------------------------------
+-----+---------+
|email|birthYear|
+-----+---------+
+-----+---------+

-------------------------------------------
Batch: 488
-------------------------------------------
+-----+---------+
|email|birthYear|
+-----+---------+
+-----+---------+

-------------------------------------------
Batch: 489
-------------------------------------------
+-----+---------+
|email|birthYear|
+-----+---------+
+-----+---------+

-------------------------------------------
Batch: 490
-------------------------------------------
+-----+---------+
|email|birthYear|
+-----+---------+
+-----+---------+

-------------------------------------------
Batch: 491
-------------------------------------------
+-----+---------+
|email|birthYear|
+-----+---------+
+-----+---------+

-------------------------------------------
Batch: 492
-------------------------------------------
+-----+---------+
|email|birthYear|
+-----+---------+
+-----+---------+

-------------------------------------------
Batch: 493
-------------------------------------------
+-----+---------+
|email|birthYear|
+-----+---------+
+-----+---------+

-------------------------------------------
Batch: 494
-------------------------------------------
+-----+---------+
|email|birthYear|
+-----+---------+
+-----+---------+

-------------------------------------------
Batch: 495
-------------------------------------------
+-----+---------+
|email|birthYear|
+-----+---------+
+-----+---------+

-------------------------------------------
Batch: 496
-------------------------------------------
+-----+---------+
|email|birthYear|
+-----+---------+
+-----+---------+

-------------------------------------------
Batch: 497
-------------------------------------------
+-----+---------+
|email|birthYear|
+-----+---------+
+-----+---------+

-------------------------------------------
Batch: 498
-------------------------------------------
+-----+---------+
|email|birthYear|
+-----+---------+
+-----+---------+

-------------------------------------------
Batch: 499
-------------------------------------------
+-----+---------+
|email|birthYear|
+-----+---------+
+-----+---------+

-------------------------------------------
Batch: 500
-------------------------------------------
+-----+---------+
|email|birthYear|
+-----+---------+
+-----+---------+

-------------------------------------------
Batch: 501
-------------------------------------------
+-----+---------+
|email|birthYear|
+-----+---------+
+-----+---------+

-------------------------------------------
Batch: 502
-------------------------------------------
+-----+---------+
|email|birthYear|
+-----+---------+
+-----+---------+

-------------------------------------------
Batch: 503
-------------------------------------------
+-----+---------+
|email|birthYear|
+-----+---------+
+-----+---------+

-------------------------------------------
Batch: 504
-------------------------------------------
+-----+---------+
|email|birthYear|
+-----+---------+
+-----+---------+

-------------------------------------------
Batch: 505
-------------------------------------------
+-----+---------+
|email|birthYear|
+-----+---------+
+-----+---------+

-------------------------------------------
Batch: 506
-------------------------------------------
+-----+---------+
|email|birthYear|
+-----+---------+
+-----+---------+

-------------------------------------------
Batch: 507
-------------------------------------------
+-----+---------+
|email|birthYear|
+-----+---------+
+-----+---------+

-------------------------------------------
Batch: 508
-------------------------------------------
+-----+---------+
|email|birthYear|
+-----+---------+
+-----+---------+

-------------------------------------------
Batch: 509
-------------------------------------------
+-----+---------+
|email|birthYear|
+-----+---------+
+-----+---------+

-------------------------------------------
Batch: 510
-------------------------------------------
+-----+---------+
|email|birthYear|
+-----+---------+
+-----+---------+

-------------------------------------------
Batch: 511
-------------------------------------------
+-----+---------+
|email|birthYear|
+-----+---------+
+-----+---------+

-------------------------------------------
Batch: 512
-------------------------------------------
+-----+---------+
|email|birthYear|
+-----+---------+
+-----+---------+

-------------------------------------------
Batch: 513
-------------------------------------------
+-----+---------+
|email|birthYear|
+-----+---------+
+-----+---------+

-------------------------------------------
Batch: 514
-------------------------------------------
+-----+---------+
|email|birthYear|
+-----+---------+
+-----+---------+

-------------------------------------------
Batch: 515
-------------------------------------------
+-----+---------+
|email|birthYear|
+-----+---------+
+-----+---------+

-------------------------------------------
Batch: 516
-------------------------------------------
+-----+---------+
|email|birthYear|
+-----+---------+
+-----+---------+

-------------------------------------------
Batch: 517
-------------------------------------------
+-----+---------+
|email|birthYear|
+-----+---------+
+-----+---------+

-------------------------------------------
Batch: 518
-------------------------------------------
+-----+---------+
|email|birthYear|
+-----+---------+
+-----+---------+

-------------------------------------------
Batch: 519
-------------------------------------------
+-----+---------+
|email|birthYear|
+-----+---------+
+-----+---------+

-------------------------------------------
Batch: 520
-------------------------------------------
+-----+---------+
|email|birthYear|
+-----+---------+
+-----+---------+

-------------------------------------------
Batch: 521
-------------------------------------------
+-----+---------+
|email|birthYear|
+-----+---------+
+-----+---------+

-------------------------------------------
Batch: 522
-------------------------------------------
+-----+---------+
|email|birthYear|
+-----+---------+
+-----+---------+

-------------------------------------------
Batch: 523
-------------------------------------------
+-----+---------+
|email|birthYear|
+-----+---------+
+-----+---------+

-------------------------------------------
Batch: 524
-------------------------------------------
+-----+---------+
|email|birthYear|
+-----+---------+
+-----+---------+

-------------------------------------------
Batch: 525
-------------------------------------------
+-----+---------+
|email|birthYear|
+-----+---------+
+-----+---------+

-------------------------------------------
Batch: 526
-------------------------------------------
+-----+---------+
|email|birthYear|
+-----+---------+
+-----+---------+

-------------------------------------------
Batch: 527
-------------------------------------------
+-----+---------+
|email|birthYear|
+-----+---------+
+-----+---------+

-------------------------------------------
Batch: 528
-------------------------------------------
+-----+---------+
|email|birthYear|
+-----+---------+
+-----+---------+

-------------------------------------------
Batch: 529
-------------------------------------------
+-----+---------+
|email|birthYear|
+-----+---------+
+-----+---------+

-------------------------------------------
Batch: 530
-------------------------------------------
+-----+---------+
|email|birthYear|
+-----+---------+
+-----+---------+

-------------------------------------------
Batch: 531
-------------------------------------------
+-----+---------+
|email|birthYear|
+-----+---------+
+-----+---------+

-------------------------------------------
Batch: 532
-------------------------------------------
+-----+---------+
|email|birthYear|
+-----+---------+
+-----+---------+

-------------------------------------------
Batch: 533
-------------------------------------------
+-----+---------+
|email|birthYear|
+-----+---------+
+-----+---------+

-------------------------------------------
Batch: 534
-------------------------------------------
+-----+---------+
|email|birthYear|
+-----+---------+
+-----+---------+

-------------------------------------------
Batch: 535
-------------------------------------------
+-----+---------+
|email|birthYear|
+-----+---------+
+-----+---------+

-------------------------------------------
Batch: 536
-------------------------------------------
+-----+---------+
|email|birthYear|
+-----+---------+
+-----+---------+

-------------------------------------------
Batch: 537
-------------------------------------------
+-----+---------+
|email|birthYear|
+-----+---------+
+-----+---------+

-------------------------------------------
Batch: 538
-------------------------------------------
+-----+---------+
|email|birthYear|
+-----+---------+
+-----+---------+

-------------------------------------------
Batch: 539
-------------------------------------------
+-----+---------+
|email|birthYear|
+-----+---------+
+-----+---------+

-------------------------------------------
Batch: 540
-------------------------------------------
+-----+---------+
|email|birthYear|
+-----+---------+
+-----+---------+

-------------------------------------------
Batch: 541
-------------------------------------------
+-----+---------+
|email|birthYear|
+-----+---------+
+-----+---------+

-------------------------------------------
Batch: 542
-------------------------------------------
+-----+---------+
|email|birthYear|
+-----+---------+
+-----+---------+

-------------------------------------------
Batch: 543
-------------------------------------------
+-----+---------+
|email|birthYear|
+-----+---------+
+-----+---------+

-------------------------------------------
Batch: 544
-------------------------------------------
+-----+---------+
|email|birthYear|
+-----+---------+
+-----+---------+

-------------------------------------------
Batch: 545
-------------------------------------------
+-----+---------+
|email|birthYear|
+-----+---------+
+-----+---------+

-------------------------------------------
Batch: 546
-------------------------------------------
+-----+---------+
|email|birthYear|
+-----+---------+
+-----+---------+

-------------------------------------------
Batch: 547
-------------------------------------------
+-----+---------+
|email|birthYear|
+-----+---------+
+-----+---------+

-------------------------------------------
Batch: 548
-------------------------------------------
+-----+---------+
|email|birthYear|
+-----+---------+
+-----+---------+

-------------------------------------------
Batch: 549
-------------------------------------------
+-----+---------+
|email|birthYear|
+-----+---------+
+-----+---------+

-------------------------------------------
Batch: 550
-------------------------------------------
+-----+---------+
|email|birthYear|
+-----+---------+
+-----+---------+

-------------------------------------------
Batch: 551
-------------------------------------------
+-----+---------+
|email|birthYear|
+-----+---------+
+-----+---------+

-------------------------------------------
Batch: 552
-------------------------------------------
+-----+---------+
|email|birthYear|
+-----+---------+
+-----+---------+

-------------------------------------------
Batch: 553
-------------------------------------------
+-----+---------+
|email|birthYear|
+-----+---------+
+-----+---------+

-------------------------------------------
Batch: 554
-------------------------------------------
+-----+---------+
|email|birthYear|
+-----+---------+
+-----+---------+

-------------------------------------------
Batch: 555
-------------------------------------------
+-----+---------+
|email|birthYear|
+-----+---------+
+-----+---------+

-------------------------------------------
Batch: 556
-------------------------------------------
+-----+---------+
|email|birthYear|
+-----+---------+
+-----+---------+

-------------------------------------------
Batch: 557
-------------------------------------------
+-----+---------+
|email|birthYear|
+-----+---------+
+-----+---------+

-------------------------------------------
Batch: 558
-------------------------------------------
+-----+---------+
|email|birthYear|
+-----+---------+
+-----+---------+

-------------------------------------------
Batch: 559
-------------------------------------------
+-----+---------+
|email|birthYear|
+-----+---------+
+-----+---------+

-------------------------------------------
Batch: 560
-------------------------------------------
+-----+---------+
|email|birthYear|
+-----+---------+
+-----+---------+

-------------------------------------------
Batch: 561
-------------------------------------------
+-----+---------+
|email|birthYear|
+-----+---------+
+-----+---------+

-------------------------------------------
Batch: 562
-------------------------------------------
+-----+---------+
|email|birthYear|
+-----+---------+
+-----+---------+

-------------------------------------------
Batch: 563
-------------------------------------------
+-----+---------+
|email|birthYear|
+-----+---------+
+-----+---------+

-------------------------------------------
Batch: 564
-------------------------------------------
+-----+---------+
|email|birthYear|
+-----+---------+
+-----+---------+

-------------------------------------------
Batch: 565
-------------------------------------------
+-----+---------+
|email|birthYear|
+-----+---------+
+-----+---------+

-------------------------------------------
Batch: 566
-------------------------------------------
+-----+---------+
|email|birthYear|
+-----+---------+
+-----+---------+

-------------------------------------------
Batch: 567
-------------------------------------------
+-----+---------+
|email|birthYear|
+-----+---------+
+-----+---------+

-------------------------------------------
Batch: 568
-------------------------------------------
+-----+---------+
|email|birthYear|
+-----+---------+
+-----+---------+

-------------------------------------------
Batch: 569
-------------------------------------------
+-----+---------+
|email|birthYear|
+-----+---------+
+-----+---------+

-------------------------------------------
Batch: 570
-------------------------------------------
+-----+---------+
|email|birthYear|
+-----+---------+
+-----+---------+

-------------------------------------------
Batch: 571
-------------------------------------------
+-----+---------+
|email|birthYear|
+-----+---------+
+-----+---------+

-------------------------------------------
Batch: 572
-------------------------------------------
+-----+---------+
|email|birthYear|
+-----+---------+
+-----+---------+

-------------------------------------------
Batch: 573
-------------------------------------------
+-----+---------+
|email|birthYear|
+-----+---------+
+-----+---------+

-------------------------------------------
Batch: 574
-------------------------------------------
+-----+---------+
|email|birthYear|
+-----+---------+
+-----+---------+

-------------------------------------------
Batch: 575
-------------------------------------------
+-----+---------+
|email|birthYear|
+-----+---------+
+-----+---------+

-------------------------------------------
Batch: 576
-------------------------------------------
+-----+---------+
|email|birthYear|
+-----+---------+
+-----+---------+

-------------------------------------------
Batch: 577
-------------------------------------------
+-----+---------+
|email|birthYear|
+-----+---------+
+-----+---------+

-------------------------------------------
Batch: 578
-------------------------------------------
+-----+---------+
|email|birthYear|
+-----+---------+
+-----+---------+

-------------------------------------------
Batch: 579
-------------------------------------------
+-----+---------+
|email|birthYear|
+-----+---------+
+-----+---------+

-------------------------------------------
Batch: 580
-------------------------------------------
+-----+---------+
|email|birthYear|
+-----+---------+
+-----+---------+

-------------------------------------------
Batch: 581
-------------------------------------------
+-----+---------+
|email|birthYear|
+-----+---------+
+-----+---------+

-------------------------------------------
Batch: 582
-------------------------------------------
+-----+---------+
|email|birthYear|
+-----+---------+
+-----+---------+

-------------------------------------------
Batch: 583
-------------------------------------------
+-----+---------+
|email|birthYear|
+-----+---------+
+-----+---------+

-------------------------------------------
Batch: 584
-------------------------------------------
+-----+---------+
|email|birthYear|
+-----+---------+
+-----+---------+

-------------------------------------------
Batch: 585
-------------------------------------------
+-----+---------+
|email|birthYear|
+-----+---------+
+-----+---------+

-------------------------------------------
Batch: 586
-------------------------------------------
+-----+---------+
|email|birthYear|
+-----+---------+
+-----+---------+

-------------------------------------------
Batch: 587
-------------------------------------------
+-----+---------+
|email|birthYear|
+-----+---------+
+-----+---------+

-------------------------------------------
Batch: 588
-------------------------------------------
+-----+---------+
|email|birthYear|
+-----+---------+
+-----+---------+

-------------------------------------------
Batch: 589
-------------------------------------------
+-----+---------+
|email|birthYear|
+-----+---------+
+-----+---------+

-------------------------------------------
Batch: 590
-------------------------------------------
+-----+---------+
|email|birthYear|
+-----+---------+
+-----+---------+

-------------------------------------------
Batch: 591
-------------------------------------------
+-----+---------+
|email|birthYear|
+-----+---------+
+-----+---------+

-------------------------------------------
Batch: 592
-------------------------------------------
+-----+---------+
|email|birthYear|
+-----+---------+
+-----+---------+

-------------------------------------------
Batch: 593
-------------------------------------------
+-----+---------+
|email|birthYear|
+-----+---------+
+-----+---------+

-------------------------------------------
Batch: 594
-------------------------------------------
+-----+---------+
|email|birthYear|
+-----+---------+
+-----+---------+

-------------------------------------------
Batch: 595
-------------------------------------------
+-----+---------+
|email|birthYear|
+-----+---------+
+-----+---------+

-------------------------------------------
Batch: 596
-------------------------------------------
+-----+---------+
|email|birthYear|
+-----+---------+
+-----+---------+

-------------------------------------------
Batch: 597
-------------------------------------------
+-----+---------+
|email|birthYear|
+-----+---------+
+-----+---------+

-------------------------------------------
Batch: 598
-------------------------------------------
+-----+---------+
|email|birthYear|
+-----+---------+
+-----+---------+

-------------------------------------------
Batch: 599
-------------------------------------------
+-----+---------+
|email|birthYear|
+-----+---------+
+-----+---------+

-------------------------------------------
Batch: 600
-------------------------------------------
+-----+---------+
|email|birthYear|
+-----+---------+
+-----+---------+

-------------------------------------------
Batch: 601
-------------------------------------------
+-----+---------+
|email|birthYear|
+-----+---------+
+-----+---------+

-------------------------------------------
Batch: 602
-------------------------------------------
+-----+---------+
|email|birthYear|
+-----+---------+
+-----+---------+

-------------------------------------------
Batch: 603
-------------------------------------------
+-----+---------+
|email|birthYear|
+-----+---------+
+-----+---------+

-------------------------------------------
Batch: 604
-------------------------------------------
+-----+---------+
|email|birthYear|
+-----+---------+
+-----+---------+

-------------------------------------------
Batch: 605
-------------------------------------------
+-----+---------+
|email|birthYear|
+-----+---------+
+-----+---------+

-------------------------------------------
Batch: 606
-------------------------------------------
+-----+---------+
|email|birthYear|
+-----+---------+
+-----+---------+

-------------------------------------------
Batch: 607
-------------------------------------------
+-----+---------+
|email|birthYear|
+-----+---------+
+-----+---------+

-------------------------------------------
Batch: 608
-------------------------------------------
+-----+---------+
|email|birthYear|
+-----+---------+
+-----+---------+

-------------------------------------------
Batch: 609
-------------------------------------------
+-----+---------+
|email|birthYear|
+-----+---------+
+-----+---------+

-------------------------------------------
Batch: 610
-------------------------------------------
+-----+---------+
|email|birthYear|
+-----+---------+
+-----+---------+

-------------------------------------------
Batch: 611
-------------------------------------------
+-----+---------+
|email|birthYear|
+-----+---------+
+-----+---------+

-------------------------------------------
Batch: 612
-------------------------------------------
+-----+---------+
|email|birthYear|
+-----+---------+
+-----+---------+

-------------------------------------------
Batch: 613
-------------------------------------------
+-----+---------+
|email|birthYear|
+-----+---------+
+-----+---------+

-------------------------------------------
Batch: 614
-------------------------------------------
+-----+---------+
|email|birthYear|
+-----+---------+
+-----+---------+

-------------------------------------------
Batch: 615
-------------------------------------------
+-----+---------+
|email|birthYear|
+-----+---------+
+-----+---------+

-------------------------------------------
Batch: 616
-------------------------------------------
+-----+---------+
|email|birthYear|
+-----+---------+
+-----+---------+

-------------------------------------------
Batch: 617
-------------------------------------------
+-----+---------+
|email|birthYear|
+-----+---------+
+-----+---------+

-------------------------------------------
Batch: 618
-------------------------------------------
+-----+---------+
|email|birthYear|
+-----+---------+
+-----+---------+

-------------------------------------------
Batch: 619
-------------------------------------------
+-----+---------+
|email|birthYear|
+-----+---------+
+-----+---------+

-------------------------------------------
Batch: 620
-------------------------------------------
+-----+---------+
|email|birthYear|
+-----+---------+
+-----+---------+

-------------------------------------------
Batch: 621
-------------------------------------------
+-----+---------+
|email|birthYear|
+-----+---------+
+-----+---------+

-------------------------------------------
Batch: 622
-------------------------------------------
+-----+---------+
|email|birthYear|
+-----+---------+
+-----+---------+

-------------------------------------------
Batch: 623
-------------------------------------------
+-----+---------+
|email|birthYear|
+-----+---------+
+-----+---------+

-------------------------------------------
Batch: 624
-------------------------------------------
+-----+---------+
|email|birthYear|
+-----+---------+
+-----+---------+

-------------------------------------------
Batch: 625
-------------------------------------------
+-----+---------+
|email|birthYear|
+-----+---------+
+-----+---------+

-------------------------------------------
Batch: 626
-------------------------------------------
+-----+---------+
|email|birthYear|
+-----+---------+
+-----+---------+

-------------------------------------------
Batch: 627
-------------------------------------------
+-----+---------+
|email|birthYear|
+-----+---------+
+-----+---------+

-------------------------------------------
Batch: 628
-------------------------------------------
+-----+---------+
|email|birthYear|
+-----+---------+
+-----+---------+

-------------------------------------------
Batch: 629
-------------------------------------------
+-----+---------+
|email|birthYear|
+-----+---------+
+-----+---------+

-------------------------------------------
Batch: 630
-------------------------------------------
+-----+---------+
|email|birthYear|
+-----+---------+
+-----+---------+

-------------------------------------------
Batch: 631
-------------------------------------------
+-----+---------+
|email|birthYear|
+-----+---------+
+-----+---------+

-------------------------------------------
Batch: 632
-------------------------------------------
+-----+---------+
|email|birthYear|
+-----+---------+
+-----+---------+

-------------------------------------------
Batch: 633
-------------------------------------------
+-----+---------+
|email|birthYear|
+-----+---------+
+-----+---------+

-------------------------------------------
Batch: 634
-------------------------------------------
+-----+---------+
|email|birthYear|
+-----+---------+
+-----+---------+

-------------------------------------------
Batch: 635
-------------------------------------------
+-----+---------+
|email|birthYear|
+-----+---------+
+-----+---------+

-------------------------------------------
Batch: 636
-------------------------------------------
+-----+---------+
|email|birthYear|
+-----+---------+
+-----+---------+

-------------------------------------------
Batch: 637
-------------------------------------------
+-----+---------+
|email|birthYear|
+-----+---------+
+-----+---------+

-------------------------------------------
Batch: 638
-------------------------------------------
+-----+---------+
|email|birthYear|
+-----+---------+
+-----+---------+

-------------------------------------------
Batch: 639
-------------------------------------------
+-----+---------+
|email|birthYear|
+-----+---------+
+-----+---------+

-------------------------------------------
Batch: 640
-------------------------------------------
+-----+---------+
|email|birthYear|
+-----+---------+
+-----+---------+

-------------------------------------------
Batch: 641
-------------------------------------------
+-----+---------+
|email|birthYear|
+-----+---------+
+-----+---------+

-------------------------------------------
Batch: 642
-------------------------------------------
+-----+---------+
|email|birthYear|
+-----+---------+
+-----+---------+

-------------------------------------------
Batch: 643
-------------------------------------------
+-----+---------+
|email|birthYear|
+-----+---------+
+-----+---------+

-------------------------------------------
Batch: 644
-------------------------------------------
+-----+---------+
|email|birthYear|
+-----+---------+
+-----+---------+

-------------------------------------------
Batch: 645
-------------------------------------------
+-----+---------+
|email|birthYear|
+-----+---------+
+-----+---------+

-------------------------------------------
Batch: 646
-------------------------------------------
+-----+---------+
|email|birthYear|
+-----+---------+
+-----+---------+

-------------------------------------------
Batch: 647
-------------------------------------------
+-----+---------+
|email|birthYear|
+-----+---------+
+-----+---------+

-------------------------------------------
Batch: 648
-------------------------------------------
+-----+---------+
|email|birthYear|
+-----+---------+
+-----+---------+

-------------------------------------------
Batch: 649
-------------------------------------------
+-----+---------+
|email|birthYear|
+-----+---------+
+-----+---------+

-------------------------------------------
Batch: 650
-------------------------------------------
+-----+---------+
|email|birthYear|
+-----+---------+
+-----+---------+

-------------------------------------------
Batch: 651
-------------------------------------------
+-----+---------+
|email|birthYear|
+-----+---------+
+-----+---------+

-------------------------------------------
Batch: 652
-------------------------------------------
+-----+---------+
|email|birthYear|
+-----+---------+
+-----+---------+

-------------------------------------------
Batch: 653
-------------------------------------------
+-----+---------+
|email|birthYear|
+-----+---------+
+-----+---------+

-------------------------------------------
Batch: 654
-------------------------------------------
+-----+---------+
|email|birthYear|
+-----+---------+
+-----+---------+

-------------------------------------------
Batch: 655
-------------------------------------------
+-----+---------+
|email|birthYear|
+-----+---------+
+-----+---------+

-------------------------------------------
Batch: 656
-------------------------------------------
+-----+---------+
|email|birthYear|
+-----+---------+
+-----+---------+

-------------------------------------------
Batch: 657
-------------------------------------------
+-----+---------+
|email|birthYear|
+-----+---------+
+-----+---------+

-------------------------------------------
Batch: 658
-------------------------------------------
+-----+---------+
|email|birthYear|
+-----+---------+
+-----+---------+

-------------------------------------------
Batch: 659
-------------------------------------------
+-----+---------+
|email|birthYear|
+-----+---------+
+-----+---------+

-------------------------------------------
Batch: 660
-------------------------------------------
+-----+---------+
|email|birthYear|
+-----+---------+
+-----+---------+

-------------------------------------------
Batch: 661
-------------------------------------------
+-----+---------+
|email|birthYear|
+-----+---------+
+-----+---------+

-------------------------------------------
Batch: 662
-------------------------------------------
+-----+---------+
|email|birthYear|
+-----+---------+
+-----+---------+

-------------------------------------------
Batch: 663
-------------------------------------------
+-----+---------+
|email|birthYear|
+-----+---------+
+-----+---------+

-------------------------------------------
Batch: 664
-------------------------------------------
+-----+---------+
|email|birthYear|
+-----+---------+
+-----+---------+

-------------------------------------------
Batch: 665
-------------------------------------------
+-----+---------+
|email|birthYear|
+-----+---------+
+-----+---------+

-------------------------------------------
Batch: 666
-------------------------------------------
+-----+---------+
|email|birthYear|
+-----+---------+
+-----+---------+

-------------------------------------------
Batch: 667
-------------------------------------------
+-----+---------+
|email|birthYear|
+-----+---------+
+-----+---------+

-------------------------------------------
Batch: 668
-------------------------------------------
+-----+---------+
|email|birthYear|
+-----+---------+
+-----+---------+

-------------------------------------------
Batch: 669
-------------------------------------------
+-----+---------+
|email|birthYear|
+-----+---------+
+-----+---------+

-------------------------------------------
Batch: 670
-------------------------------------------
+-----+---------+
|email|birthYear|
+-----+---------+
+-----+---------+

-------------------------------------------
Batch: 671
-------------------------------------------
+-----+---------+
|email|birthYear|
+-----+---------+
+-----+---------+

-------------------------------------------
Batch: 672
-------------------------------------------
+-----+---------+
|email|birthYear|
+-----+---------+
+-----+---------+

-------------------------------------------
Batch: 673
-------------------------------------------
+-----+---------+
|email|birthYear|
+-----+---------+
+-----+---------+

-------------------------------------------
Batch: 674
-------------------------------------------
+-----+---------+
|email|birthYear|
+-----+---------+
+-----+---------+

-------------------------------------------
Batch: 675
-------------------------------------------
+-----+---------+
|email|birthYear|
+-----+---------+
+-----+---------+

-------------------------------------------
Batch: 676
-------------------------------------------
+-----+---------+
|email|birthYear|
+-----+---------+
+-----+---------+

-------------------------------------------
Batch: 677
-------------------------------------------
+-----+---------+
|email|birthYear|
+-----+---------+
+-----+---------+

-------------------------------------------
Batch: 678
-------------------------------------------
+-----+---------+
|email|birthYear|
+-----+---------+
+-----+---------+

-------------------------------------------
Batch: 679
-------------------------------------------
+-----+---------+
|email|birthYear|
+-----+---------+
+-----+---------+

-------------------------------------------
Batch: 680
-------------------------------------------
+-----+---------+
|email|birthYear|
+-----+---------+
+-----+---------+

-------------------------------------------
Batch: 681
-------------------------------------------
+-----+---------+
|email|birthYear|
+-----+---------+
+-----+---------+

-------------------------------------------
Batch: 682
-------------------------------------------
+-----+---------+
|email|birthYear|
+-----+---------+
+-----+---------+

-------------------------------------------
Batch: 683
-------------------------------------------
+-----+---------+
|email|birthYear|
+-----+---------+
+-----+---------+

-------------------------------------------
Batch: 684
-------------------------------------------
+-----+---------+
|email|birthYear|
+-----+---------+
+-----+---------+

-------------------------------------------
Batch: 685
-------------------------------------------
+-----+---------+
|email|birthYear|
+-----+---------+
+-----+---------+

-------------------------------------------
Batch: 686
-------------------------------------------
+-----+---------+
|email|birthYear|
+-----+---------+
+-----+---------+

-------------------------------------------
Batch: 687
-------------------------------------------
+-----+---------+
|email|birthYear|
+-----+---------+
+-----+---------+

-------------------------------------------
Batch: 688
-------------------------------------------
+-----+---------+
|email|birthYear|
+-----+---------+
+-----+---------+

-------------------------------------------
Batch: 689
-------------------------------------------
+-----+---------+
|email|birthYear|
+-----+---------+
+-----+---------+

-------------------------------------------
Batch: 690
-------------------------------------------
+-----+---------+
|email|birthYear|
+-----+---------+
+-----+---------+

-------------------------------------------
Batch: 691
-------------------------------------------
+-----+---------+
|email|birthYear|
+-----+---------+
+-----+---------+

-------------------------------------------
Batch: 692
-------------------------------------------
+-----+---------+
|email|birthYear|
+-----+---------+
+-----+---------+

-------------------------------------------
Batch: 693
-------------------------------------------
+-----+---------+
|email|birthYear|
+-----+---------+
+-----+---------+

-------------------------------------------
Batch: 694
-------------------------------------------
+-----+---------+
|email|birthYear|
+-----+---------+
+-----+---------+

-------------------------------------------
Batch: 695
-------------------------------------------
+-----+---------+
|email|birthYear|
+-----+---------+
+-----+---------+

-------------------------------------------
Batch: 696
-------------------------------------------
+-----+---------+
|email|birthYear|
+-----+---------+
+-----+---------+

-------------------------------------------
Batch: 697
-------------------------------------------
+-----+---------+
|email|birthYear|
+-----+---------+
+-----+---------+

-------------------------------------------
Batch: 698
-------------------------------------------
+-----+---------+
|email|birthYear|
+-----+---------+
+-----+---------+

-------------------------------------------
Batch: 699
-------------------------------------------
+-----+---------+
|email|birthYear|
+-----+---------+
+-----+---------+

-------------------------------------------
Batch: 700
-------------------------------------------
+-----+---------+
|email|birthYear|
+-----+---------+
+-----+---------+

-------------------------------------------
Batch: 701
-------------------------------------------
+-----+---------+
|email|birthYear|
+-----+---------+
+-----+---------+

-------------------------------------------
Batch: 702
-------------------------------------------
+-----+---------+
|email|birthYear|
+-----+---------+
+-----+---------+

-------------------------------------------
Batch: 703
-------------------------------------------
+-----+---------+
|email|birthYear|
+-----+---------+
+-----+---------+

-------------------------------------------
Batch: 704
-------------------------------------------
+-----+---------+
|email|birthYear|
+-----+---------+
+-----+---------+

-------------------------------------------
Batch: 705
-------------------------------------------
+-----+---------+
|email|birthYear|
+-----+---------+
+-----+---------+

-------------------------------------------
Batch: 706
-------------------------------------------
+-----+---------+
|email|birthYear|
+-----+---------+
+-----+---------+

-------------------------------------------
Batch: 707
-------------------------------------------
+-----+---------+
|email|birthYear|
+-----+---------+
+-----+---------+

-------------------------------------------
Batch: 708
-------------------------------------------
+-----+---------+
|email|birthYear|
+-----+---------+
+-----+---------+

-------------------------------------------
Batch: 709
-------------------------------------------
+-----+---------+
|email|birthYear|
+-----+---------+
+-----+---------+

-------------------------------------------
Batch: 710
-------------------------------------------
+-----+---------+
|email|birthYear|
+-----+---------+
+-----+---------+

-------------------------------------------
Batch: 711
-------------------------------------------
+-----+---------+
|email|birthYear|
+-----+---------+
+-----+---------+

-------------------------------------------
Batch: 712
-------------------------------------------
+-----+---------+
|email|birthYear|
+-----+---------+
+-----+---------+

-------------------------------------------
Batch: 713
-------------------------------------------
+-----+---------+
|email|birthYear|
+-----+---------+
+-----+---------+

-------------------------------------------
Batch: 714
-------------------------------------------
+-----+---------+
|email|birthYear|
+-----+---------+
+-----+---------+

-------------------------------------------
Batch: 715
-------------------------------------------
+-----+---------+
|email|birthYear|
+-----+---------+
+-----+---------+

-------------------------------------------
Batch: 716
-------------------------------------------
+-----+---------+
|email|birthYear|
+-----+---------+
+-----+---------+

-------------------------------------------
Batch: 717
-------------------------------------------
+-----+---------+
|email|birthYear|
+-----+---------+
+-----+---------+

-------------------------------------------
Batch: 718
-------------------------------------------
+-----+---------+
|email|birthYear|
+-----+---------+
+-----+---------+

-------------------------------------------
Batch: 719
-------------------------------------------
+-----+---------+
|email|birthYear|
+-----+---------+
+-----+---------+

-------------------------------------------
Batch: 720
-------------------------------------------
+-----+---------+
|email|birthYear|
+-----+---------+
+-----+---------+

-------------------------------------------
Batch: 721
-------------------------------------------
+-----+---------+
|email|birthYear|
+-----+---------+
+-----+---------+

-------------------------------------------
Batch: 722
-------------------------------------------
+-----+---------+
|email|birthYear|
+-----+---------+
+-----+---------+

-------------------------------------------
Batch: 723
-------------------------------------------
+-----+---------+
|email|birthYear|
+-----+---------+
+-----+---------+

-------------------------------------------
Batch: 724
-------------------------------------------
+-----+---------+
|email|birthYear|
+-----+---------+
+-----+---------+

-------------------------------------------
Batch: 725
-------------------------------------------
+-----+---------+
|email|birthYear|
+-----+---------+
+-----+---------+

-------------------------------------------
Batch: 726
-------------------------------------------
+-----+---------+
|email|birthYear|
+-----+---------+
+-----+---------+

-------------------------------------------
Batch: 727
-------------------------------------------
+-----+---------+
|email|birthYear|
+-----+---------+
+-----+---------+

-------------------------------------------
Batch: 728
-------------------------------------------
+-----+---------+
|email|birthYear|
+-----+---------+
+-----+---------+

-------------------------------------------
Batch: 729
-------------------------------------------
+-----+---------+
|email|birthYear|
+-----+---------+
+-----+---------+

-------------------------------------------
Batch: 730
-------------------------------------------
+-----+---------+
|email|birthYear|
+-----+---------+
+-----+---------+

-------------------------------------------
Batch: 731
-------------------------------------------
+-----+---------+
|email|birthYear|
+-----+---------+
+-----+---------+

-------------------------------------------
Batch: 732
-------------------------------------------
+-----+---------+
|email|birthYear|
+-----+---------+
+-----+---------+

-------------------------------------------
Batch: 733
-------------------------------------------
+-----+---------+
|email|birthYear|
+-----+---------+
+-----+---------+

-------------------------------------------
Batch: 734
-------------------------------------------
+-----+---------+
|email|birthYear|
+-----+---------+
+-----+---------+

-------------------------------------------
Batch: 735
-------------------------------------------
+-----+---------+
|email|birthYear|
+-----+---------+
+-----+---------+

-------------------------------------------
Batch: 736
-------------------------------------------
+-----+---------+
|email|birthYear|
+-----+---------+
+-----+---------+

-------------------------------------------
Batch: 737
-------------------------------------------
+-----+---------+
|email|birthYear|
+-----+---------+
+-----+---------+

-------------------------------------------
Batch: 738
-------------------------------------------
+-----+---------+
|email|birthYear|
+-----+---------+
+-----+---------+

-------------------------------------------
Batch: 739
-------------------------------------------
+-----+---------+
|email|birthYear|
+-----+---------+
+-----+---------+

-------------------------------------------
Batch: 740
-------------------------------------------
+-----+---------+
|email|birthYear|
+-----+---------+
+-----+---------+

-------------------------------------------
Batch: 741
-------------------------------------------
+-----+---------+
|email|birthYear|
+-----+---------+
+-----+---------+

-------------------------------------------
Batch: 742
-------------------------------------------
+-----+---------+
|email|birthYear|
+-----+---------+
+-----+---------+

-------------------------------------------
Batch: 743
-------------------------------------------
+-----+---------+
|email|birthYear|
+-----+---------+
+-----+---------+

-------------------------------------------
Batch: 744
-------------------------------------------
+-----+---------+
|email|birthYear|
+-----+---------+
+-----+---------+

-------------------------------------------
Batch: 745
-------------------------------------------
+-----+---------+
|email|birthYear|
+-----+---------+
+-----+---------+

-------------------------------------------
Batch: 746
-------------------------------------------
+-----+---------+
|email|birthYear|
+-----+---------+
+-----+---------+

-------------------------------------------
Batch: 747
-------------------------------------------
+-----+---------+
|email|birthYear|
+-----+---------+
+-----+---------+

-------------------------------------------
Batch: 748
-------------------------------------------
+-----+---------+
|email|birthYear|
+-----+---------+
+-----+---------+

-------------------------------------------
Batch: 749
-------------------------------------------
+-----+---------+
|email|birthYear|
+-----+---------+
+-----+---------+

-------------------------------------------
Batch: 750
-------------------------------------------
+-----+---------+
|email|birthYear|
+-----+---------+
+-----+---------+

-------------------------------------------
Batch: 751
-------------------------------------------
+-----+---------+
|email|birthYear|
+-----+---------+
+-----+---------+

-------------------------------------------
Batch: 752
-------------------------------------------
+-----+---------+
|email|birthYear|
+-----+---------+
+-----+---------+

-------------------------------------------
Batch: 753
-------------------------------------------
+-----+---------+
|email|birthYear|
+-----+---------+
+-----+---------+

-------------------------------------------
Batch: 754
-------------------------------------------
+-----+---------+
|email|birthYear|
+-----+---------+
+-----+---------+

-------------------------------------------
Batch: 755
-------------------------------------------
+-----+---------+
|email|birthYear|
+-----+---------+
+-----+---------+

-------------------------------------------
Batch: 756
-------------------------------------------
+-----+---------+
|email|birthYear|
+-----+---------+
+-----+---------+

-------------------------------------------
Batch: 757
-------------------------------------------
+-----+---------+
|email|birthYear|
+-----+---------+
+-----+---------+

-------------------------------------------
Batch: 758
-------------------------------------------
+-----+---------+
|email|birthYear|
+-----+---------+
+-----+---------+

-------------------------------------------
Batch: 759
-------------------------------------------
+-----+---------+
|email|birthYear|
+-----+---------+
+-----+---------+

-------------------------------------------
Batch: 760
-------------------------------------------
+-----+---------+
|email|birthYear|
+-----+---------+
+-----+---------+

-------------------------------------------
Batch: 761
-------------------------------------------
+-----+---------+
|email|birthYear|
+-----+---------+
+-----+---------+

-------------------------------------------
Batch: 762
-------------------------------------------
+-----+---------+
|email|birthYear|
+-----+---------+
+-----+---------+

-------------------------------------------
Batch: 763
-------------------------------------------
+-----+---------+
|email|birthYear|
+-----+---------+
+-----+---------+

-------------------------------------------
Batch: 764
-------------------------------------------
+-----+---------+
|email|birthYear|
+-----+---------+
+-----+---------+

-------------------------------------------
Batch: 765
-------------------------------------------
+-----+---------+
|email|birthYear|
+-----+---------+
+-----+---------+

-------------------------------------------
Batch: 766
-------------------------------------------
+-----+---------+
|email|birthYear|
+-----+---------+
+-----+---------+

-------------------------------------------
Batch: 767
-------------------------------------------
+-----+---------+
|email|birthYear|
+-----+---------+
+-----+---------+

-------------------------------------------
Batch: 768
-------------------------------------------
+-----+---------+
|email|birthYear|
+-----+---------+
+-----+---------+

-------------------------------------------
Batch: 769
-------------------------------------------
+-----+---------+
|email|birthYear|
+-----+---------+
+-----+---------+

-------------------------------------------
Batch: 770
-------------------------------------------
+-----+---------+
|email|birthYear|
+-----+---------+
+-----+---------+

-------------------------------------------
Batch: 771
-------------------------------------------
+-----+---------+
|email|birthYear|
+-----+---------+
+-----+---------+

-------------------------------------------
Batch: 772
-------------------------------------------
+-----+---------+
|email|birthYear|
+-----+---------+
+-----+---------+

-------------------------------------------
Batch: 773
-------------------------------------------
+-----+---------+
|email|birthYear|
+-----+---------+
+-----+---------+

-------------------------------------------
Batch: 774
-------------------------------------------
+-----+---------+
|email|birthYear|
+-----+---------+
+-----+---------+

-------------------------------------------
Batch: 775
-------------------------------------------
+-----+---------+
|email|birthYear|
+-----+---------+
+-----+---------+

-------------------------------------------
Batch: 776
-------------------------------------------
+-----+---------+
|email|birthYear|
+-----+---------+
+-----+---------+

-------------------------------------------
Batch: 777
-------------------------------------------
+-----+---------+
|email|birthYear|
+-----+---------+
+-----+---------+

-------------------------------------------
Batch: 778
-------------------------------------------
+-----+---------+
|email|birthYear|
+-----+---------+
+-----+---------+

-------------------------------------------
Batch: 779
-------------------------------------------
+-----+---------+
|email|birthYear|
+-----+---------+
+-----+---------+

-------------------------------------------
Batch: 780
-------------------------------------------
+-----+---------+
|email|birthYear|
+-----+---------+
+-----+---------+

-------------------------------------------
Batch: 781
-------------------------------------------
+-----+---------+
|email|birthYear|
+-----+---------+
+-----+---------+

-------------------------------------------
Batch: 782
-------------------------------------------
+-----+---------+
|email|birthYear|
+-----+---------+
+-----+---------+

-------------------------------------------
Batch: 783
-------------------------------------------
+-----+---------+
|email|birthYear|
+-----+---------+
+-----+---------+

-------------------------------------------
Batch: 784
-------------------------------------------
+-----+---------+
|email|birthYear|
+-----+---------+
+-----+---------+

-------------------------------------------
Batch: 785
-------------------------------------------
+-----+---------+
|email|birthYear|
+-----+---------+
+-----+---------+

-------------------------------------------
Batch: 786
-------------------------------------------
+-----+---------+
|email|birthYear|
+-----+---------+
+-----+---------+

-------------------------------------------
Batch: 787
-------------------------------------------
+-----+---------+
|email|birthYear|
+-----+---------+
+-----+---------+

-------------------------------------------
Batch: 788
-------------------------------------------
+-----+---------+
|email|birthYear|
+-----+---------+
+-----+---------+

-------------------------------------------
Batch: 789
-------------------------------------------
+-----+---------+
|email|birthYear|
+-----+---------+
+-----+---------+

-------------------------------------------
Batch: 790
-------------------------------------------
+-----+---------+
|email|birthYear|
+-----+---------+
+-----+---------+

-------------------------------------------
Batch: 791
-------------------------------------------
+-----+---------+
|email|birthYear|
+-----+---------+
+-----+---------+

-------------------------------------------
Batch: 792
-------------------------------------------
+-----+---------+
|email|birthYear|
+-----+---------+
+-----+---------+

-------------------------------------------
Batch: 793
-------------------------------------------
+-----+---------+
|email|birthYear|
+-----+---------+
+-----+---------+

-------------------------------------------
Batch: 794
-------------------------------------------
+-----+---------+
|email|birthYear|
+-----+---------+
+-----+---------+

-------------------------------------------
Batch: 795
-------------------------------------------
+-----+---------+
|email|birthYear|
+-----+---------+
+-----+---------+

-------------------------------------------
Batch: 796
-------------------------------------------
+-----+---------+
|email|birthYear|
+-----+---------+
+-----+---------+

-------------------------------------------
Batch: 797
-------------------------------------------
+-----+---------+
|email|birthYear|
+-----+---------+
+-----+---------+

-------------------------------------------
Batch: 798
-------------------------------------------
+-----+---------+
|email|birthYear|
+-----+---------+
+-----+---------+

-------------------------------------------
Batch: 799
-------------------------------------------
+-----+---------+
|email|birthYear|
+-----+---------+
+-----+---------+

-------------------------------------------
Batch: 800
-------------------------------------------
+-----+---------+
|email|birthYear|
+-----+---------+
+-----+---------+

-------------------------------------------
Batch: 801
-------------------------------------------
+-----+---------+
|email|birthYear|
+-----+---------+
+-----+---------+

-------------------------------------------
Batch: 802
-------------------------------------------
+-----+---------+
|email|birthYear|
+-----+---------+
+-----+---------+

-------------------------------------------
Batch: 803
-------------------------------------------
+-----+---------+
|email|birthYear|
+-----+---------+
+-----+---------+

-------------------------------------------
Batch: 804
-------------------------------------------
+-----+---------+
|email|birthYear|
+-----+---------+
+-----+---------+

-------------------------------------------
Batch: 805
-------------------------------------------
+-----+---------+
|email|birthYear|
+-----+---------+
+-----+---------+

-------------------------------------------
Batch: 806
-------------------------------------------
+-----+---------+
|email|birthYear|
+-----+---------+
+-----+---------+

-------------------------------------------
Batch: 807
-------------------------------------------
+-----+---------+
|email|birthYear|
+-----+---------+
+-----+---------+

-------------------------------------------
Batch: 808
-------------------------------------------
+-----+---------+
|email|birthYear|
+-----+---------+
+-----+---------+

-------------------------------------------
Batch: 809
-------------------------------------------
+-----+---------+
|email|birthYear|
+-----+---------+
+-----+---------+

-------------------------------------------
Batch: 810
-------------------------------------------
+-----+---------+
|email|birthYear|
+-----+---------+
+-----+---------+

-------------------------------------------
Batch: 811
-------------------------------------------
+-----+---------+
|email|birthYear|
+-----+---------+
+-----+---------+

-------------------------------------------
Batch: 812
-------------------------------------------
+-----+---------+
|email|birthYear|
+-----+---------+
+-----+---------+

-------------------------------------------
Batch: 813
-------------------------------------------
+-----+---------+
|email|birthYear|
+-----+---------+
+-----+---------+

-------------------------------------------
Batch: 814
-------------------------------------------
+-----+---------+
|email|birthYear|
+-----+---------+
+-----+---------+

-------------------------------------------
Batch: 815
-------------------------------------------
+-----+---------+
|email|birthYear|
+-----+---------+
+-----+---------+

-------------------------------------------
Batch: 816
-------------------------------------------
+-----+---------+
|email|birthYear|
+-----+---------+
+-----+---------+

-------------------------------------------
Batch: 817
-------------------------------------------
+-----+---------+
|email|birthYear|
+-----+---------+
+-----+---------+

-------------------------------------------
Batch: 818
-------------------------------------------
+-----+---------+
|email|birthYear|
+-----+---------+
+-----+---------+

-------------------------------------------
Batch: 819
-------------------------------------------
+-----+---------+
|email|birthYear|
+-----+---------+
+-----+---------+

-------------------------------------------
Batch: 820
-------------------------------------------
+-----+---------+
|email|birthYear|
+-----+---------+
+-----+---------+

-------------------------------------------
Batch: 821
-------------------------------------------
+-----+---------+
|email|birthYear|
+-----+---------+
+-----+---------+

-------------------------------------------
Batch: 822
-------------------------------------------
+-----+---------+
|email|birthYear|
+-----+---------+
+-----+---------+

-------------------------------------------
Batch: 823
-------------------------------------------
+-----+---------+
|email|birthYear|
+-----+---------+
+-----+---------+

-------------------------------------------
Batch: 824
-------------------------------------------
+-----+---------+
|email|birthYear|
+-----+---------+
+-----+---------+

-------------------------------------------
Batch: 825
-------------------------------------------
+-----+---------+
|email|birthYear|
+-----+---------+
+-----+---------+

-------------------------------------------
Batch: 826
-------------------------------------------
+-----+---------+
|email|birthYear|
+-----+---------+
+-----+---------+

-------------------------------------------
Batch: 827
-------------------------------------------
+-----+---------+
|email|birthYear|
+-----+---------+
+-----+---------+

-------------------------------------------
Batch: 828
-------------------------------------------
+-----+---------+
|email|birthYear|
+-----+---------+
+-----+---------+

-------------------------------------------
Batch: 829
-------------------------------------------
+-----+---------+
|email|birthYear|
+-----+---------+
+-----+---------+

-------------------------------------------
Batch: 830
-------------------------------------------
+-----+---------+
|email|birthYear|
+-----+---------+
+-----+---------+

-------------------------------------------
Batch: 831
-------------------------------------------
+-----+---------+
|email|birthYear|
+-----+---------+
+-----+---------+

-------------------------------------------
Batch: 832
-------------------------------------------
+-----+---------+
|email|birthYear|
+-----+---------+
+-----+---------+

-------------------------------------------
Batch: 833
-------------------------------------------
+-----+---------+
|email|birthYear|
+-----+---------+
+-----+---------+

-------------------------------------------
Batch: 834
-------------------------------------------
+-----+---------+
|email|birthYear|
+-----+---------+
+-----+---------+

-------------------------------------------
Batch: 835
-------------------------------------------
+-----+---------+
|email|birthYear|
+-----+---------+
+-----+---------+

-------------------------------------------
Batch: 836
-------------------------------------------
+-----+---------+
|email|birthYear|
+-----+---------+
+-----+---------+

-------------------------------------------
Batch: 837
-------------------------------------------
+-----+---------+
|email|birthYear|
+-----+---------+
+-----+---------+

-------------------------------------------
Batch: 838
-------------------------------------------
+-----+---------+
|email|birthYear|
+-----+---------+
+-----+---------+

-------------------------------------------
Batch: 839
-------------------------------------------
+-----+---------+
|email|birthYear|
+-----+---------+
+-----+---------+

-------------------------------------------
Batch: 840
-------------------------------------------
+-----+---------+
|email|birthYear|
+-----+---------+
+-----+---------+

-------------------------------------------
Batch: 841
-------------------------------------------
+-----+---------+
|email|birthYear|
+-----+---------+
+-----+---------+

-------------------------------------------
Batch: 842
-------------------------------------------
+-----+---------+
|email|birthYear|
+-----+---------+
+-----+---------+

-------------------------------------------
Batch: 843
-------------------------------------------
+-----+---------+
|email|birthYear|
+-----+---------+
+-----+---------+

-------------------------------------------
Batch: 844
-------------------------------------------
+-----+---------+
|email|birthYear|
+-----+---------+
+-----+---------+

-------------------------------------------
Batch: 845
-------------------------------------------
+-----+---------+
|email|birthYear|
+-----+---------+
+-----+---------+

-------------------------------------------
Batch: 846
-------------------------------------------
+-----+---------+
|email|birthYear|
+-----+---------+
+-----+---------+

-------------------------------------------
Batch: 847
-------------------------------------------
+-----+---------+
|email|birthYear|
+-----+---------+
+-----+---------+

-------------------------------------------
Batch: 848
-------------------------------------------
+-----+---------+
|email|birthYear|
+-----+---------+
+-----+---------+

-------------------------------------------
Batch: 849
-------------------------------------------
+-----+---------+
|email|birthYear|
+-----+---------+
+-----+---------+

-------------------------------------------
Batch: 850
-------------------------------------------
+-----+---------+
|email|birthYear|
+-----+---------+
+-----+---------+

-------------------------------------------
Batch: 851
-------------------------------------------
+-----+---------+
|email|birthYear|
+-----+---------+
+-----+---------+

-------------------------------------------
Batch: 852
-------------------------------------------
+-----+---------+
|email|birthYear|
+-----+---------+
+-----+---------+

-------------------------------------------
Batch: 853
-------------------------------------------
+-----+---------+
|email|birthYear|
+-----+---------+
+-----+---------+

-------------------------------------------
Batch: 854
-------------------------------------------
+-----+---------+
|email|birthYear|
+-----+---------+
+-----+---------+

-------------------------------------------
Batch: 855
-------------------------------------------
+-----+---------+
|email|birthYear|
+-----+---------+
+-----+---------+

-------------------------------------------
Batch: 856
-------------------------------------------
+-----+---------+
|email|birthYear|
+-----+---------+
+-----+---------+

-------------------------------------------
Batch: 857
-------------------------------------------
+-----+---------+
|email|birthYear|
+-----+---------+
+-----+---------+

-------------------------------------------
Batch: 858
-------------------------------------------
+-----+---------+
|email|birthYear|
+-----+---------+
+-----+---------+

-------------------------------------------
Batch: 859
-------------------------------------------
+-----+---------+
|email|birthYear|
+-----+---------+
+-----+---------+

-------------------------------------------
Batch: 860
-------------------------------------------
+-----+---------+
|email|birthYear|
+-----+---------+
+-----+---------+

-------------------------------------------
Batch: 861
-------------------------------------------
+-----+---------+
|email|birthYear|
+-----+---------+
+-----+---------+

-------------------------------------------
Batch: 862
-------------------------------------------
+-----+---------+
|email|birthYear|
+-----+---------+
+-----+---------+

-------------------------------------------
Batch: 863
-------------------------------------------
+-----+---------+
|email|birthYear|
+-----+---------+
+-----+---------+

-------------------------------------------
Batch: 864
-------------------------------------------
+-----+---------+
|email|birthYear|
+-----+---------+
+-----+---------+

-------------------------------------------
Batch: 865
-------------------------------------------
+-----+---------+
|email|birthYear|
+-----+---------+
+-----+---------+

-------------------------------------------
Batch: 866
-------------------------------------------
+-----+---------+
|email|birthYear|
+-----+---------+
+-----+---------+

-------------------------------------------
Batch: 867
-------------------------------------------
+-----+---------+
|email|birthYear|
+-----+---------+
+-----+---------+

-------------------------------------------
Batch: 868
-------------------------------------------
+-----+---------+
|email|birthYear|
+-----+---------+
+-----+---------+

-------------------------------------------
Batch: 869
-------------------------------------------
+-----+---------+
|email|birthYear|
+-----+---------+
+-----+---------+

-------------------------------------------
Batch: 870
-------------------------------------------
+-----+---------+
|email|birthYear|
+-----+---------+
+-----+---------+

-------------------------------------------
Batch: 871
-------------------------------------------
+-----+---------+
|email|birthYear|
+-----+---------+
+-----+---------+

-------------------------------------------
Batch: 872
-------------------------------------------
+-----+---------+
|email|birthYear|
+-----+---------+
+-----+---------+

-------------------------------------------
Batch: 873
-------------------------------------------
+-----+---------+
|email|birthYear|
+-----+---------+
+-----+---------+

-------------------------------------------
Batch: 874
-------------------------------------------
+-----+---------+
|email|birthYear|
+-----+---------+
+-----+---------+

-------------------------------------------
Batch: 875
-------------------------------------------
+-----+---------+
|email|birthYear|
+-----+---------+
+-----+---------+

-------------------------------------------
Batch: 876
-------------------------------------------
+-----+---------+
|email|birthYear|
+-----+---------+
+-----+---------+

-------------------------------------------
Batch: 877
-------------------------------------------
+-----+---------+
|email|birthYear|
+-----+---------+
+-----+---------+

-------------------------------------------
Batch: 878
-------------------------------------------
+-----+---------+
|email|birthYear|
+-----+---------+
+-----+---------+

-------------------------------------------
Batch: 879
-------------------------------------------
+-----+---------+
|email|birthYear|
+-----+---------+
+-----+---------+

-------------------------------------------
Batch: 880
-------------------------------------------
+-----+---------+
|email|birthYear|
+-----+---------+
+-----+---------+

-------------------------------------------
Batch: 881
-------------------------------------------
+-----+---------+
|email|birthYear|
+-----+---------+
+-----+---------+

-------------------------------------------
Batch: 882
-------------------------------------------
+-----+---------+
|email|birthYear|
+-----+---------+
+-----+---------+

-------------------------------------------
Batch: 883
-------------------------------------------
+-----+---------+
|email|birthYear|
+-----+---------+
+-----+---------+

-------------------------------------------
Batch: 884
-------------------------------------------
+-----+---------+
|email|birthYear|
+-----+---------+
+-----+---------+

-------------------------------------------
Batch: 885
-------------------------------------------
+-----+---------+
|email|birthYear|
+-----+---------+
+-----+---------+

-------------------------------------------
Batch: 886
-------------------------------------------
+-----+---------+
|email|birthYear|
+-----+---------+
+-----+---------+

-------------------------------------------
Batch: 887
-------------------------------------------
+-----+---------+
|email|birthYear|
+-----+---------+
+-----+---------+

-------------------------------------------
Batch: 888
-------------------------------------------
+-----+---------+
|email|birthYear|
+-----+---------+
+-----+---------+

-------------------------------------------
Batch: 889
-------------------------------------------
+-----+---------+
|email|birthYear|
+-----+---------+
+-----+---------+

-------------------------------------------
Batch: 890
-------------------------------------------
+-----+---------+
|email|birthYear|
+-----+---------+
+-----+---------+

-------------------------------------------
Batch: 891
-------------------------------------------
+-----+---------+
|email|birthYear|
+-----+---------+
+-----+---------+

-------------------------------------------
Batch: 892
-------------------------------------------
+-----+---------+
|email|birthYear|
+-----+---------+
+-----+---------+

-------------------------------------------
Batch: 893
-------------------------------------------
+-----+---------+
|email|birthYear|
+-----+---------+
+-----+---------+

-------------------------------------------
Batch: 894
-------------------------------------------
+-----+---------+
|email|birthYear|
+-----+---------+
+-----+---------+

-------------------------------------------
Batch: 895
-------------------------------------------
+-----+---------+
|email|birthYear|
+-----+---------+
+-----+---------+

-------------------------------------------
Batch: 896
-------------------------------------------
+-----+---------+
|email|birthYear|
+-----+---------+
+-----+---------+

-------------------------------------------
Batch: 897
-------------------------------------------
+-----+---------+
|email|birthYear|
+-----+---------+
+-----+---------+

-------------------------------------------
Batch: 898
-------------------------------------------
+-----+---------+
|email|birthYear|
+-----+---------+
+-----+---------+

-------------------------------------------
Batch: 899
-------------------------------------------
+-----+---------+
|email|birthYear|
+-----+---------+
+-----+---------+

-------------------------------------------
Batch: 900
-------------------------------------------
+-----+---------+
|email|birthYear|
+-----+---------+
+-----+---------+

-------------------------------------------
Batch: 901
-------------------------------------------
+-----+---------+
|email|birthYear|
+-----+---------+
+-----+---------+

-------------------------------------------
Batch: 902
-------------------------------------------
+-----+---------+
|email|birthYear|
+-----+---------+
+-----+---------+

-------------------------------------------
Batch: 903
-------------------------------------------
+-----+---------+
|email|birthYear|
+-----+---------+
+-----+---------+

-------------------------------------------
Batch: 904
-------------------------------------------
+-----+---------+
|email|birthYear|
+-----+---------+
+-----+---------+

-------------------------------------------
Batch: 905
-------------------------------------------
+-----+---------+
|email|birthYear|
+-----+---------+
+-----+---------+

-------------------------------------------
Batch: 906
-------------------------------------------
+-----+---------+
|email|birthYear|
+-----+---------+
+-----+---------+

-------------------------------------------
Batch: 907
-------------------------------------------
+-----+---------+
|email|birthYear|
+-----+---------+
+-----+---------+

-------------------------------------------
Batch: 908
-------------------------------------------
+-----+---------+
|email|birthYear|
+-----+---------+
+-----+---------+

-------------------------------------------
Batch: 909
-------------------------------------------
+-----+---------+
|email|birthYear|
+-----+---------+
+-----+---------+

-------------------------------------------
Batch: 910
-------------------------------------------
+-----+---------+
|email|birthYear|
+-----+---------+
+-----+---------+

-------------------------------------------
Batch: 911
-------------------------------------------
+-----+---------+
|email|birthYear|
+-----+---------+
+-----+---------+

-------------------------------------------
Batch: 912
-------------------------------------------
+-----+---------+
|email|birthYear|
+-----+---------+
+-----+---------+

-------------------------------------------
Batch: 913
-------------------------------------------
+-----+---------+
|email|birthYear|
+-----+---------+
+-----+---------+

-------------------------------------------
Batch: 914
-------------------------------------------
+-----+---------+
|email|birthYear|
+-----+---------+
+-----+---------+

-------------------------------------------
Batch: 915
-------------------------------------------
+-----+---------+
|email|birthYear|
+-----+---------+
+-----+---------+

-------------------------------------------
Batch: 916
-------------------------------------------
+-----+---------+
|email|birthYear|
+-----+---------+
+-----+---------+

-------------------------------------------
Batch: 917
-------------------------------------------
+-----+---------+
|email|birthYear|
+-----+---------+
+-----+---------+

-------------------------------------------
Batch: 918
-------------------------------------------
+-----+---------+
|email|birthYear|
+-----+---------+
+-----+---------+

-------------------------------------------
Batch: 919
-------------------------------------------
+-----+---------+
|email|birthYear|
+-----+---------+
+-----+---------+

-------------------------------------------
Batch: 920
-------------------------------------------
+-----+---------+
|email|birthYear|
+-----+---------+
+-----+---------+

-------------------------------------------
Batch: 921
-------------------------------------------
+-----+---------+
|email|birthYear|
+-----+---------+
+-----+---------+

-------------------------------------------
Batch: 922
-------------------------------------------
+-----+---------+
|email|birthYear|
+-----+---------+
+-----+---------+

-------------------------------------------
Batch: 923
-------------------------------------------
+-----+---------+
|email|birthYear|
+-----+---------+
+-----+---------+

-------------------------------------------
Batch: 924
-------------------------------------------
+-----+---------+
|email|birthYear|
+-----+---------+
+-----+---------+

-------------------------------------------
Batch: 925
-------------------------------------------
+-----+---------+
|email|birthYear|
+-----+---------+
+-----+---------+

-------------------------------------------
Batch: 926
-------------------------------------------
+-----+---------+
|email|birthYear|
+-----+---------+
+-----+---------+

-------------------------------------------
Batch: 927
-------------------------------------------
+-----+---------+
|email|birthYear|
+-----+---------+
+-----+---------+

-------------------------------------------
Batch: 928
-------------------------------------------
+-----+---------+
|email|birthYear|
+-----+---------+
+-----+---------+

-------------------------------------------
Batch: 929
-------------------------------------------
+-----+---------+
|email|birthYear|
+-----+---------+
+-----+---------+

-------------------------------------------
Batch: 930
-------------------------------------------
+-----+---------+
|email|birthYear|
+-----+---------+
+-----+---------+

-------------------------------------------
Batch: 931
-------------------------------------------
+-----+---------+
|email|birthYear|
+-----+---------+
+-----+---------+

-------------------------------------------
Batch: 932
-------------------------------------------
+-----+---------+
|email|birthYear|
+-----+---------+
+-----+---------+

-------------------------------------------
Batch: 933
-------------------------------------------
+-----+---------+
|email|birthYear|
+-----+---------+
+-----+---------+

-------------------------------------------
Batch: 934
-------------------------------------------
+-----+---------+
|email|birthYear|
+-----+---------+
+-----+---------+

-------------------------------------------
Batch: 935
-------------------------------------------
+-----+---------+
|email|birthYear|
+-----+---------+
+-----+---------+

-------------------------------------------
Batch: 936
-------------------------------------------
+-----+---------+
|email|birthYear|
+-----+---------+
+-----+---------+

-------------------------------------------
Batch: 937
-------------------------------------------
+-----+---------+
|email|birthYear|
+-----+---------+
+-----+---------+

-------------------------------------------
Batch: 938
-------------------------------------------
+-----+---------+
|email|birthYear|
+-----+---------+
+-----+---------+

-------------------------------------------
Batch: 939
-------------------------------------------
+-----+---------+
|email|birthYear|
+-----+---------+
+-----+---------+

-------------------------------------------
Batch: 940
-------------------------------------------
+-----+---------+
|email|birthYear|
+-----+---------+
+-----+---------+

-------------------------------------------
Batch: 941
-------------------------------------------
+-----+---------+
|email|birthYear|
+-----+---------+
+-----+---------+

-------------------------------------------
Batch: 942
-------------------------------------------
+-----+---------+
|email|birthYear|
+-----+---------+
+-----+---------+

-------------------------------------------
Batch: 943
-------------------------------------------
+-----+---------+
|email|birthYear|
+-----+---------+
+-----+---------+

-------------------------------------------
Batch: 944
-------------------------------------------
+-----+---------+
|email|birthYear|
+-----+---------+
+-----+---------+

-------------------------------------------
Batch: 945
-------------------------------------------
+-----+---------+
|email|birthYear|
+-----+---------+
+-----+---------+

-------------------------------------------
Batch: 946
-------------------------------------------
+-----+---------+
|email|birthYear|
+-----+---------+
+-----+---------+

-------------------------------------------
Batch: 947
-------------------------------------------
+-----+---------+
|email|birthYear|
+-----+---------+
+-----+---------+

-------------------------------------------
Batch: 948
-------------------------------------------
+-----+---------+
|email|birthYear|
+-----+---------+
+-----+---------+

-------------------------------------------
Batch: 949
-------------------------------------------
+-----+---------+
|email|birthYear|
+-----+---------+
+-----+---------+

-------------------------------------------
Batch: 950
-------------------------------------------
+-----+---------+
|email|birthYear|
+-----+---------+
+-----+---------+

-------------------------------------------
Batch: 951
-------------------------------------------
+-----+---------+
|email|birthYear|
+-----+---------+
+-----+---------+

-------------------------------------------
Batch: 952
-------------------------------------------
+-----+---------+
|email|birthYear|
+-----+---------+
+-----+---------+

-------------------------------------------
Batch: 953
-------------------------------------------
+-----+---------+
|email|birthYear|
+-----+---------+
+-----+---------+

-------------------------------------------
Batch: 954
-------------------------------------------
+-----+---------+
|email|birthYear|
+-----+---------+
+-----+---------+

-------------------------------------------
Batch: 955
-------------------------------------------
+-----+---------+
|email|birthYear|
+-----+---------+
+-----+---------+

-------------------------------------------
Batch: 956
-------------------------------------------
+-----+---------+
|email|birthYear|
+-----+---------+
+-----+---------+

-------------------------------------------
Batch: 957
-------------------------------------------
+-----+---------+
|email|birthYear|
+-----+---------+
+-----+---------+

-------------------------------------------
Batch: 958
-------------------------------------------
+-----+---------+
|email|birthYear|
+-----+---------+
+-----+---------+

-------------------------------------------
Batch: 959
-------------------------------------------
+-----+---------+
|email|birthYear|
+-----+---------+
+-----+---------+

-------------------------------------------
Batch: 960
-------------------------------------------
+-----+---------+
|email|birthYear|
+-----+---------+
+-----+---------+

-------------------------------------------
Batch: 961
-------------------------------------------
+-----+---------+
|email|birthYear|
+-----+---------+
+-----+---------+

-------------------------------------------
Batch: 962
-------------------------------------------
+-----+---------+
|email|birthYear|
+-----+---------+
+-----+---------+

-------------------------------------------
Batch: 963
-------------------------------------------
+-----+---------+
|email|birthYear|
+-----+---------+
+-----+---------+

-------------------------------------------
Batch: 964
-------------------------------------------
+-----+---------+
|email|birthYear|
+-----+---------+
+-----+---------+

-------------------------------------------
Batch: 965
-------------------------------------------
+-----+---------+
|email|birthYear|
+-----+---------+
+-----+---------+

-------------------------------------------
Batch: 966
-------------------------------------------
+-----+---------+
|email|birthYear|
+-----+---------+
+-----+---------+

-------------------------------------------
Batch: 967
-------------------------------------------
+-----+---------+
|email|birthYear|
+-----+---------+
+-----+---------+

-------------------------------------------
Batch: 968
-------------------------------------------
+-----+---------+
|email|birthYear|
+-----+---------+
+-----+---------+

-------------------------------------------
Batch: 969
-------------------------------------------
+-----+---------+
|email|birthYear|
+-----+---------+
+-----+---------+

-------------------------------------------
Batch: 970
-------------------------------------------
+-----+---------+
|email|birthYear|
+-----+---------+
+-----+---------+

-------------------------------------------
Batch: 971
-------------------------------------------
+-----+---------+
|email|birthYear|
+-----+---------+
+-----+---------+

-------------------------------------------
Batch: 972
-------------------------------------------
+-----+---------+
|email|birthYear|
+-----+---------+
+-----+---------+

-------------------------------------------
Batch: 973
-------------------------------------------
+-----+---------+
|email|birthYear|
+-----+---------+
+-----+---------+

-------------------------------------------
Batch: 974
-------------------------------------------
+-----+---------+
|email|birthYear|
+-----+---------+
+-----+---------+

-------------------------------------------
Batch: 975
-------------------------------------------
+-----+---------+
|email|birthYear|
+-----+---------+
+-----+---------+

-------------------------------------------
Batch: 976
-------------------------------------------
+-----+---------+
|email|birthYear|
+-----+---------+
+-----+---------+

-------------------------------------------
Batch: 977
-------------------------------------------
+-----+---------+
|email|birthYear|
+-----+---------+
+-----+---------+

-------------------------------------------
Batch: 978
-------------------------------------------
+-----+---------+
|email|birthYear|
+-----+---------+
+-----+---------+

-------------------------------------------
Batch: 979
-------------------------------------------
+-----+---------+
|email|birthYear|
+-----+---------+
+-----+---------+

-------------------------------------------
Batch: 980
-------------------------------------------
+-----+---------+
|email|birthYear|
+-----+---------+
+-----+---------+

-------------------------------------------
Batch: 981
-------------------------------------------
+-----+---------+
|email|birthYear|
+-----+---------+
+-----+---------+

-------------------------------------------
Batch: 982
-------------------------------------------
+-----+---------+
|email|birthYear|
+-----+---------+
+-----+---------+

-------------------------------------------
Batch: 983
-------------------------------------------
+-----+---------+
|email|birthYear|
+-----+---------+
+-----+---------+

-------------------------------------------
Batch: 984
-------------------------------------------
+-----+---------+
|email|birthYear|
+-----+---------+
+-----+---------+

-------------------------------------------
Batch: 985
-------------------------------------------
+-----+---------+
|email|birthYear|
+-----+---------+
+-----+---------+

-------------------------------------------
Batch: 986
-------------------------------------------
+-----+---------+
|email|birthYear|
+-----+---------+
+-----+---------+

-------------------------------------------
Batch: 987
-------------------------------------------
+-----+---------+
|email|birthYear|
+-----+---------+
+-----+---------+

-------------------------------------------
Batch: 988
-------------------------------------------
+-----+---------+
|email|birthYear|
+-----+---------+
+-----+---------+

-------------------------------------------
Batch: 989
-------------------------------------------
+-----+---------+
|email|birthYear|
+-----+---------+
+-----+---------+

-------------------------------------------
Batch: 990
-------------------------------------------
+-----+---------+
|email|birthYear|
+-----+---------+
+-----+---------+

-------------------------------------------
Batch: 991
-------------------------------------------
+-----+---------+
|email|birthYear|
+-----+---------+
+-----+---------+

-------------------------------------------
Batch: 992
-------------------------------------------
+-----+---------+
|email|birthYear|
+-----+---------+
+-----+---------+

-------------------------------------------
Batch: 993
-------------------------------------------
+-----+---------+
|email|birthYear|
+-----+---------+
+-----+---------+

-------------------------------------------
Batch: 994
-------------------------------------------
+-----+---------+
|email|birthYear|
+-----+---------+
+-----+---------+

-------------------------------------------
Batch: 995
-------------------------------------------
+-----+---------+
|email|birthYear|
+-----+---------+
+-----+---------+

-------------------------------------------
Batch: 996
-------------------------------------------
+-----+---------+
|email|birthYear|
+-----+---------+
+-----+---------+

-------------------------------------------
Batch: 997
-------------------------------------------
+-----+---------+
|email|birthYear|
+-----+---------+
+-----+---------+

-------------------------------------------
Batch: 998
-------------------------------------------
+-----+---------+
|email|birthYear|
+-----+---------+
+-----+---------+

-------------------------------------------
Batch: 999
-------------------------------------------
+-----+---------+
|email|birthYear|
+-----+---------+
+-----+---------+

-------------------------------------------
Batch: 1000
-------------------------------------------
+-----+---------+
|email|birthYear|
+-----+---------+
+-----+---------+

-------------------------------------------
Batch: 1001
-------------------------------------------
+-----+---------+
|email|birthYear|
+-----+---------+
+-----+---------+

-------------------------------------------
Batch: 1002
-------------------------------------------
+-----+---------+
|email|birthYear|
+-----+---------+
+-----+---------+

-------------------------------------------
Batch: 1003
-------------------------------------------
+-----+---------+
|email|birthYear|
+-----+---------+
+-----+---------+

-------------------------------------------
Batch: 1004
-------------------------------------------
+-----+---------+
|email|birthYear|
+-----+---------+
+-----+---------+

-------------------------------------------
Batch: 1005
-------------------------------------------
+-----+---------+
|email|birthYear|
+-----+---------+
+-----+---------+

-------------------------------------------
Batch: 1006
-------------------------------------------
+-----+---------+
|email|birthYear|
+-----+---------+
+-----+---------+

-------------------------------------------
Batch: 1007
-------------------------------------------
+-----+---------+
|email|birthYear|
+-----+---------+
+-----+---------+

-------------------------------------------
Batch: 1008
-------------------------------------------
+-----+---------+
|email|birthYear|
+-----+---------+
+-----+---------+

-------------------------------------------
Batch: 1009
-------------------------------------------
+-----+---------+
|email|birthYear|
+-----+---------+
+-----+---------+

-------------------------------------------
Batch: 1010
-------------------------------------------
+-----+---------+
|email|birthYear|
+-----+---------+
+-----+---------+

-------------------------------------------
Batch: 1011
-------------------------------------------
+-----+---------+
|email|birthYear|
+-----+---------+
+-----+---------+

-------------------------------------------
Batch: 1012
-------------------------------------------
+-----+---------+
|email|birthYear|
+-----+---------+
+-----+---------+

-------------------------------------------
Batch: 1013
-------------------------------------------
+-----+---------+
|email|birthYear|
+-----+---------+
+-----+---------+

-------------------------------------------
Batch: 1014
-------------------------------------------
+-----+---------+
|email|birthYear|
+-----+---------+
+-----+---------+

-------------------------------------------
Batch: 1015
-------------------------------------------
+-----+---------+
|email|birthYear|
+-----+---------+
+-----+---------+

-------------------------------------------
Batch: 1016
-------------------------------------------
+-----+---------+
|email|birthYear|
+-----+---------+
+-----+---------+

-------------------------------------------
Batch: 1017
-------------------------------------------
+-----+---------+
|email|birthYear|
+-----+---------+
+-----+---------+

-------------------------------------------
Batch: 1018
-------------------------------------------
+-----+---------+
|email|birthYear|
+-----+---------+
+-----+---------+

-------------------------------------------
Batch: 1019
-------------------------------------------
+-----+---------+
|email|birthYear|
+-----+---------+
+-----+---------+

-------------------------------------------
Batch: 1020
-------------------------------------------
+-----+---------+
|email|birthYear|
+-----+---------+
+-----+---------+

-------------------------------------------
Batch: 1021
-------------------------------------------
+-----+---------+
|email|birthYear|
+-----+---------+
+-----+---------+

-------------------------------------------
Batch: 1022
-------------------------------------------
+-----+---------+
|email|birthYear|
+-----+---------+
+-----+---------+

-------------------------------------------
Batch: 1023
-------------------------------------------
+-----+---------+
|email|birthYear|
+-----+---------+
+-----+---------+

-------------------------------------------
Batch: 1024
-------------------------------------------
+-----+---------+
|email|birthYear|
+-----+---------+
+-----+---------+

-------------------------------------------
Batch: 1025
-------------------------------------------
+-----+---------+
|email|birthYear|
+-----+---------+
+-----+---------+

-------------------------------------------
Batch: 1026
-------------------------------------------
+-----+---------+
|email|birthYear|
+-----+---------+
+-----+---------+

-------------------------------------------
Batch: 1027
-------------------------------------------
+-----+---------+
|email|birthYear|
+-----+---------+
+-----+---------+

-------------------------------------------
Batch: 1028
-------------------------------------------
+-----+---------+
|email|birthYear|
+-----+---------+
+-----+---------+

-------------------------------------------
Batch: 1029
-------------------------------------------
+-----+---------+
|email|birthYear|
+-----+---------+
+-----+---------+

-------------------------------------------
Batch: 1030
-------------------------------------------
+-----+---------+
|email|birthYear|
+-----+---------+
+-----+---------+

-------------------------------------------
Batch: 1031
-------------------------------------------
+-----+---------+
|email|birthYear|
+-----+---------+
+-----+---------+

-------------------------------------------
Batch: 1032
-------------------------------------------
+-----+---------+
|email|birthYear|
+-----+---------+
+-----+---------+

-------------------------------------------
Batch: 1033
-------------------------------------------
+-----+---------+
|email|birthYear|
+-----+---------+
+-----+---------+

-------------------------------------------
Batch: 1034
-------------------------------------------
+-----+---------+
|email|birthYear|
+-----+---------+
+-----+---------+

-------------------------------------------
Batch: 1035
-------------------------------------------
+-----+---------+
|email|birthYear|
+-----+---------+
+-----+---------+

-------------------------------------------
Batch: 1036
-------------------------------------------
+-----+---------+
|email|birthYear|
+-----+---------+
+-----+---------+

-------------------------------------------
Batch: 1037
-------------------------------------------
+-----+---------+
|email|birthYear|
+-----+---------+
+-----+---------+

-------------------------------------------
Batch: 1038
-------------------------------------------
+-----+---------+
|email|birthYear|
+-----+---------+
+-----+---------+

-------------------------------------------
Batch: 1039
-------------------------------------------
+-----+---------+
|email|birthYear|
+-----+---------+
+-----+---------+

-------------------------------------------
Batch: 1040
-------------------------------------------
+-----+---------+
|email|birthYear|
+-----+---------+
+-----+---------+

-------------------------------------------
Batch: 1041
-------------------------------------------
+-----+---------+
|email|birthYear|
+-----+---------+
+-----+---------+

-------------------------------------------
Batch: 1042
-------------------------------------------
+-----+---------+
|email|birthYear|
+-----+---------+
+-----+---------+

-------------------------------------------
Batch: 1043
-------------------------------------------
+-----+---------+
|email|birthYear|
+-----+---------+
+-----+---------+

-------------------------------------------
Batch: 1044
-------------------------------------------
+-----+---------+
|email|birthYear|
+-----+---------+
+-----+---------+

-------------------------------------------
Batch: 1045
-------------------------------------------
+-----+---------+
|email|birthYear|
+-----+---------+
+-----+---------+

-------------------------------------------
Batch: 1046
-------------------------------------------
+-----+---------+
|email|birthYear|
+-----+---------+
+-----+---------+

-------------------------------------------
Batch: 1047
-------------------------------------------
+-----+---------+
|email|birthYear|
+-----+---------+
+-----+---------+

-------------------------------------------
Batch: 1048
-------------------------------------------
+-----+---------+
|email|birthYear|
+-----+---------+
+-----+---------+

-------------------------------------------
Batch: 1049
-------------------------------------------
+-----+---------+
|email|birthYear|
+-----+---------+
+-----+---------+

-------------------------------------------
Batch: 1050
-------------------------------------------
+-----+---------+
|email|birthYear|
+-----+---------+
+-----+---------+

-------------------------------------------
Batch: 1051
-------------------------------------------
+-----+---------+
|email|birthYear|
+-----+---------+
+-----+---------+

-------------------------------------------
Batch: 1052
-------------------------------------------
+-----+---------+
|email|birthYear|
+-----+---------+
+-----+---------+

-------------------------------------------
Batch: 1053
-------------------------------------------
+-----+---------+
|email|birthYear|
+-----+---------+
+-----+---------+

-------------------------------------------
Batch: 1054
-------------------------------------------
+-----+---------+
|email|birthYear|
+-----+---------+
+-----+---------+

-------------------------------------------
Batch: 1055
-------------------------------------------
+-----+---------+
|email|birthYear|
+-----+---------+
+-----+---------+

-------------------------------------------
Batch: 1056
-------------------------------------------
+-----+---------+
|email|birthYear|
+-----+---------+
+-----+---------+

-------------------------------------------
Batch: 1057
-------------------------------------------
+-----+---------+
|email|birthYear|
+-----+---------+
+-----+---------+

-------------------------------------------
Batch: 1058
-------------------------------------------
+-----+---------+
|email|birthYear|
+-----+---------+
+-----+---------+

-------------------------------------------
Batch: 1059
-------------------------------------------
+-----+---------+
|email|birthYear|
+-----+---------+
+-----+---------+

-------------------------------------------
Batch: 1060
-------------------------------------------
+-----+---------+
|email|birthYear|
+-----+---------+
+-----+---------+

-------------------------------------------
Batch: 1061
-------------------------------------------
+-----+---------+
|email|birthYear|
+-----+---------+
+-----+---------+

-------------------------------------------
Batch: 1062
-------------------------------------------
+-----+---------+
|email|birthYear|
+-----+---------+
+-----+---------+

-------------------------------------------
Batch: 1063
-------------------------------------------
+-----+---------+
|email|birthYear|
+-----+---------+
+-----+---------+

-------------------------------------------
Batch: 1064
-------------------------------------------
+-----+---------+
|email|birthYear|
+-----+---------+
+-----+---------+

-------------------------------------------
Batch: 1065
-------------------------------------------
+-----+---------+
|email|birthYear|
+-----+---------+
+-----+---------+

-------------------------------------------
Batch: 1066
-------------------------------------------
+-----+---------+
|email|birthYear|
+-----+---------+
+-----+---------+

-------------------------------------------
Batch: 1067
-------------------------------------------
+-----+---------+
|email|birthYear|
+-----+---------+
+-----+---------+

-------------------------------------------
Batch: 1068
-------------------------------------------
+-----+---------+
|email|birthYear|
+-----+---------+
+-----+---------+

-------------------------------------------
Batch: 1069
-------------------------------------------
+-----+---------+
|email|birthYear|
+-----+---------+
+-----+---------+

-------------------------------------------
Batch: 1070
-------------------------------------------
+-----+---------+
|email|birthYear|
+-----+---------+
+-----+---------+

-------------------------------------------
Batch: 1071
-------------------------------------------
+-----+---------+
|email|birthYear|
+-----+---------+
+-----+---------+

-------------------------------------------
Batch: 1072
-------------------------------------------
+-----+---------+
|email|birthYear|
+-----+---------+
+-----+---------+

-------------------------------------------
Batch: 1073
-------------------------------------------
+-----+---------+
|email|birthYear|
+-----+---------+
+-----+---------+

-------------------------------------------
Batch: 1074
-------------------------------------------
+-----+---------+
|email|birthYear|
+-----+---------+
+-----+---------+

-------------------------------------------
Batch: 1075
-------------------------------------------
+-----+---------+
|email|birthYear|
+-----+---------+
+-----+---------+

-------------------------------------------
Batch: 1076
-------------------------------------------
+-----+---------+
|email|birthYear|
+-----+---------+
+-----+---------+

-------------------------------------------
Batch: 1077
-------------------------------------------
+-----+---------+
|email|birthYear|
+-----+---------+
+-----+---------+

-------------------------------------------
Batch: 1078
-------------------------------------------
+-----+---------+
|email|birthYear|
+-----+---------+
+-----+---------+

-------------------------------------------
Batch: 1079
-------------------------------------------
+-----+---------+
|email|birthYear|
+-----+---------+
+-----+---------+

-------------------------------------------
Batch: 1080
-------------------------------------------
+-----+---------+
|email|birthYear|
+-----+---------+
+-----+---------+

-------------------------------------------
Batch: 1081
-------------------------------------------
+-----+---------+
|email|birthYear|
+-----+---------+
+-----+---------+

-------------------------------------------
Batch: 1082
-------------------------------------------
+-----+---------+
|email|birthYear|
+-----+---------+
+-----+---------+

-------------------------------------------
Batch: 1083
-------------------------------------------
+-----+---------+
|email|birthYear|
+-----+---------+
+-----+---------+

-------------------------------------------
Batch: 1084
-------------------------------------------
+-----+---------+
|email|birthYear|
+-----+---------+
+-----+---------+

-------------------------------------------
Batch: 1085
-------------------------------------------
+-----+---------+
|email|birthYear|
+-----+---------+
+-----+---------+

-------------------------------------------
Batch: 1086
-------------------------------------------
+-----+---------+
|email|birthYear|
+-----+---------+
+-----+---------+

-------------------------------------------
Batch: 1087
-------------------------------------------
+-----+---------+
|email|birthYear|
+-----+---------+
+-----+---------+

-------------------------------------------
Batch: 1088
-------------------------------------------
+-----+---------+
|email|birthYear|
+-----+---------+
+-----+---------+

-------------------------------------------
Batch: 1089
-------------------------------------------
+-----+---------+
|email|birthYear|
+-----+---------+
+-----+---------+

-------------------------------------------
Batch: 1090
-------------------------------------------
+-----+---------+
|email|birthYear|
+-----+---------+
+-----+---------+

-------------------------------------------
Batch: 1091
-------------------------------------------
+-----+---------+
|email|birthYear|
+-----+---------+
+-----+---------+

-------------------------------------------
Batch: 1092
-------------------------------------------
+-----+---------+
|email|birthYear|
+-----+---------+
+-----+---------+

-------------------------------------------
Batch: 1093
-------------------------------------------
+-----+---------+
|email|birthYear|
+-----+---------+
+-----+---------+

-------------------------------------------
Batch: 1094
-------------------------------------------
+-----+---------+
|email|birthYear|
+-----+---------+
+-----+---------+

-------------------------------------------
Batch: 1095
-------------------------------------------
+-----+---------+
|email|birthYear|
+-----+---------+
+-----+---------+

-------------------------------------------
Batch: 1096
-------------------------------------------
+-----+---------+
|email|birthYear|
+-----+---------+
+-----+---------+

-------------------------------------------
Batch: 1097
-------------------------------------------
+-----+---------+
|email|birthYear|
+-----+---------+
+-----+---------+

-------------------------------------------
Batch: 1098
-------------------------------------------
+-----+---------+
|email|birthYear|
+-----+---------+
+-----+---------+

-------------------------------------------
Batch: 1099
-------------------------------------------
+-----+---------+
|email|birthYear|
+-----+---------+
+-----+---------+

-------------------------------------------
Batch: 1100
-------------------------------------------
+-----+---------+
|email|birthYear|
+-----+---------+
+-----+---------+

-------------------------------------------
Batch: 1101
-------------------------------------------
+-----+---------+
|email|birthYear|
+-----+---------+
+-----+---------+

-------------------------------------------
Batch: 1102
-------------------------------------------
+-----+---------+
|email|birthYear|
+-----+---------+
+-----+---------+

-------------------------------------------
Batch: 1103
-------------------------------------------
+-----+---------+
|email|birthYear|
+-----+---------+
+-----+---------+

-------------------------------------------
Batch: 1104
-------------------------------------------
+-----+---------+
|email|birthYear|
+-----+---------+
+-----+---------+

-------------------------------------------
Batch: 1105
-------------------------------------------
+-----+---------+
|email|birthYear|
+-----+---------+
+-----+---------+

-------------------------------------------
Batch: 1106
-------------------------------------------
+-----+---------+
|email|birthYear|
+-----+---------+
+-----+---------+

-------------------------------------------
Batch: 1107
-------------------------------------------
+-----+---------+
|email|birthYear|
+-----+---------+
+-----+---------+

-------------------------------------------
Batch: 1108
-------------------------------------------
+-----+---------+
|email|birthYear|
+-----+---------+
+-----+---------+

-------------------------------------------
Batch: 1109
-------------------------------------------
+-----+---------+
|email|birthYear|
+-----+---------+
+-----+---------+

-------------------------------------------
Batch: 1110
-------------------------------------------
+-----+---------+
|email|birthYear|
+-----+---------+
+-----+---------+

-------------------------------------------
Batch: 1111
-------------------------------------------
+-----+---------+
|email|birthYear|
+-----+---------+
+-----+---------+

-------------------------------------------
Batch: 1112
-------------------------------------------
+-----+---------+
|email|birthYear|
+-----+---------+
+-----+---------+

-------------------------------------------
Batch: 1113
-------------------------------------------
+-----+---------+
|email|birthYear|
+-----+---------+
+-----+---------+

-------------------------------------------
Batch: 1114
-------------------------------------------
+-----+---------+
|email|birthYear|
+-----+---------+
+-----+---------+

-------------------------------------------
Batch: 1115
-------------------------------------------
+-----+---------+
|email|birthYear|
+-----+---------+
+-----+---------+

-------------------------------------------
Batch: 1116
-------------------------------------------
+-----+---------+
|email|birthYear|
+-----+---------+
+-----+---------+

-------------------------------------------
Batch: 1117
-------------------------------------------
+-----+---------+
|email|birthYear|
+-----+---------+
+-----+---------+

-------------------------------------------
Batch: 1118
-------------------------------------------
+-----+---------+
|email|birthYear|
+-----+---------+
+-----+---------+

-------------------------------------------
Batch: 1119
-------------------------------------------
+-----+---------+
|email|birthYear|
+-----+---------+
+-----+---------+

-------------------------------------------
Batch: 1120
-------------------------------------------
+-----+---------+
|email|birthYear|
+-----+---------+
+-----+---------+

-------------------------------------------
Batch: 1121
-------------------------------------------
+-----+---------+
|email|birthYear|
+-----+---------+
+-----+---------+

-------------------------------------------
Batch: 1122
-------------------------------------------
+-----+---------+
|email|birthYear|
+-----+---------+
+-----+---------+

-------------------------------------------
Batch: 1123
-------------------------------------------
+-----+---------+
|email|birthYear|
+-----+---------+
+-----+---------+

-------------------------------------------
Batch: 1124
-------------------------------------------
+-----+---------+
|email|birthYear|
+-----+---------+
+-----+---------+

-------------------------------------------
Batch: 1125
-------------------------------------------
+-----+---------+
|email|birthYear|
+-----+---------+
+-----+---------+

-------------------------------------------
Batch: 1126
-------------------------------------------
+-----+---------+
|email|birthYear|
+-----+---------+
+-----+---------+

-------------------------------------------
Batch: 1127
-------------------------------------------
+-----+---------+
|email|birthYear|
+-----+---------+
+-----+---------+

-------------------------------------------
Batch: 1128
-------------------------------------------
+-----+---------+
|email|birthYear|
+-----+---------+
+-----+---------+

-------------------------------------------
Batch: 1129
-------------------------------------------
+-----+---------+
|email|birthYear|
+-----+---------+
+-----+---------+

-------------------------------------------
Batch: 1130
-------------------------------------------
+-----+---------+
|email|birthYear|
+-----+---------+
+-----+---------+

-------------------------------------------
Batch: 1131
-------------------------------------------
+-----+---------+
|email|birthYear|
+-----+---------+
+-----+---------+

-------------------------------------------
Batch: 1132
-------------------------------------------
+-----+---------+
|email|birthYear|
+-----+---------+
+-----+---------+

-------------------------------------------
Batch: 1133
-------------------------------------------
+-----+---------+
|email|birthYear|
+-----+---------+
+-----+---------+

-------------------------------------------
Batch: 1134
-------------------------------------------
+-----+---------+
|email|birthYear|
+-----+---------+
+-----+---------+

-------------------------------------------
Batch: 1135
-------------------------------------------
+-----+---------+
|email|birthYear|
+-----+---------+
+-----+---------+

-------------------------------------------
Batch: 1136
-------------------------------------------
+-----+---------+
|email|birthYear|
+-----+---------+
+-----+---------+

-------------------------------------------
Batch: 1137
-------------------------------------------
+-----+---------+
|email|birthYear|
+-----+---------+
+-----+---------+

-------------------------------------------
Batch: 1138
-------------------------------------------
+-----+---------+
|email|birthYear|
+-----+---------+
+-----+---------+

-------------------------------------------
Batch: 1139
-------------------------------------------
+-----+---------+
|email|birthYear|
+-----+---------+
+-----+---------+

-------------------------------------------
Batch: 1140
-------------------------------------------
+-----+---------+
|email|birthYear|
+-----+---------+
+-----+---------+

-------------------------------------------
Batch: 1141
-------------------------------------------
+-----+---------+
|email|birthYear|
+-----+---------+
+-----+---------+

-------------------------------------------
Batch: 1142
-------------------------------------------
+-----+---------+
|email|birthYear|
+-----+---------+
+-----+---------+

-------------------------------------------
Batch: 1143
-------------------------------------------
+-----+---------+
|email|birthYear|
+-----+---------+
+-----+---------+

-------------------------------------------
Batch: 1144
-------------------------------------------
+-----+---------+
|email|birthYear|
+-----+---------+
+-----+---------+

-------------------------------------------
Batch: 1145
-------------------------------------------
+-----+---------+
|email|birthYear|
+-----+---------+
+-----+---------+

-------------------------------------------
Batch: 1146
-------------------------------------------
+-----+---------+
|email|birthYear|
+-----+---------+
+-----+---------+

-------------------------------------------
Batch: 1147
-------------------------------------------
+-----+---------+
|email|birthYear|
+-----+---------+
+-----+---------+

-------------------------------------------
Batch: 1148
-------------------------------------------
+-----+---------+
|email|birthYear|
+-----+---------+
+-----+---------+

-------------------------------------------
Batch: 1149
-------------------------------------------
+-----+---------+
|email|birthYear|
+-----+---------+
+-----+---------+

-------------------------------------------
Batch: 1150
-------------------------------------------
+-----+---------+
|email|birthYear|
+-----+---------+
+-----+---------+

-------------------------------------------
Batch: 1151
-------------------------------------------
+-----+---------+
|email|birthYear|
+-----+---------+
+-----+---------+

-------------------------------------------
Batch: 1152
-------------------------------------------
+-----+---------+
|email|birthYear|
+-----+---------+
+-----+---------+

-------------------------------------------
Batch: 1153
-------------------------------------------
+-----+---------+
|email|birthYear|
+-----+---------+
+-----+---------+

-------------------------------------------
Batch: 1154
-------------------------------------------
+-----+---------+
|email|birthYear|
+-----+---------+
+-----+---------+

-------------------------------------------
Batch: 1155
-------------------------------------------
+-----+---------+
|email|birthYear|
+-----+---------+
+-----+---------+

-------------------------------------------
Batch: 1156
-------------------------------------------
+-----+---------+
|email|birthYear|
+-----+---------+
+-----+---------+

-------------------------------------------
Batch: 1157
-------------------------------------------
+-----+---------+
|email|birthYear|
+-----+---------+
+-----+---------+

-------------------------------------------
Batch: 1158
-------------------------------------------
+-----+---------+
|email|birthYear|
+-----+---------+
+-----+---------+

-------------------------------------------
Batch: 1159
-------------------------------------------
+-----+---------+
|email|birthYear|
+-----+---------+
+-----+---------+

-------------------------------------------
Batch: 1160
-------------------------------------------
+-----+---------+
|email|birthYear|
+-----+---------+
+-----+---------+

-------------------------------------------
Batch: 1161
-------------------------------------------
+-----+---------+
|email|birthYear|
+-----+---------+
+-----+---------+

-------------------------------------------
Batch: 1162
-------------------------------------------
+-----+---------+
|email|birthYear|
+-----+---------+
+-----+---------+

-------------------------------------------
Batch: 1163
-------------------------------------------
+-----+---------+
|email|birthYear|
+-----+---------+
+-----+---------+

-------------------------------------------
Batch: 1164
-------------------------------------------
+-----+---------+
|email|birthYear|
+-----+---------+
+-----+---------+

-------------------------------------------
Batch: 1165
-------------------------------------------
+-----+---------+
|email|birthYear|
+-----+---------+
+-----+---------+

-------------------------------------------
Batch: 1166
-------------------------------------------
+-----+---------+
|email|birthYear|
+-----+---------+
+-----+---------+

-------------------------------------------
Batch: 1167
-------------------------------------------
+-----+---------+
|email|birthYear|
+-----+---------+
+-----+---------+

-------------------------------------------
Batch: 1168
-------------------------------------------
+-----+---------+
|email|birthYear|
+-----+---------+
+-----+---------+

-------------------------------------------
Batch: 1169
-------------------------------------------
+-----+---------+
|email|birthYear|
+-----+---------+
+-----+---------+

-------------------------------------------
Batch: 1170
-------------------------------------------
+-----+---------+
|email|birthYear|
+-----+---------+
+-----+---------+

-------------------------------------------
Batch: 1171
-------------------------------------------
+-----+---------+
|email|birthYear|
+-----+---------+
+-----+---------+

-------------------------------------------
Batch: 1172
-------------------------------------------
+-----+---------+
|email|birthYear|
+-----+---------+
+-----+---------+

-------------------------------------------
Batch: 1173
-------------------------------------------
+-----+---------+
|email|birthYear|
+-----+---------+
+-----+---------+

-------------------------------------------
Batch: 1174
-------------------------------------------
+-----+---------+
|email|birthYear|
+-----+---------+
+-----+---------+

-------------------------------------------
Batch: 1175
-------------------------------------------
+-----+---------+
|email|birthYear|
+-----+---------+
+-----+---------+

-------------------------------------------
Batch: 1176
-------------------------------------------
+-----+---------+
|email|birthYear|
+-----+---------+
+-----+---------+

-------------------------------------------
Batch: 1177
-------------------------------------------
+-----+---------+
|email|birthYear|
+-----+---------+
+-----+---------+

-------------------------------------------
Batch: 1178
-------------------------------------------
+-----+---------+
|email|birthYear|
+-----+---------+
+-----+---------+

-------------------------------------------
Batch: 1179
-------------------------------------------
+-----+---------+
|email|birthYear|
+-----+---------+
+-----+---------+

-------------------------------------------
Batch: 1180
-------------------------------------------
+-----+---------+
|email|birthYear|
+-----+---------+
+-----+---------+

-------------------------------------------
Batch: 1181
-------------------------------------------
+-----+---------+
|email|birthYear|
+-----+---------+
+-----+---------+

-------------------------------------------
Batch: 1182
-------------------------------------------
+-----+---------+
|email|birthYear|
+-----+---------+
+-----+---------+

-------------------------------------------
Batch: 1183
-------------------------------------------
+-----+---------+
|email|birthYear|
+-----+---------+
+-----+---------+

-------------------------------------------
Batch: 1184
-------------------------------------------
+-----+---------+
|email|birthYear|
+-----+---------+
+-----+---------+

-------------------------------------------
Batch: 1185
-------------------------------------------
+-----+---------+
|email|birthYear|
+-----+---------+
+-----+---------+

-------------------------------------------
Batch: 1186
-------------------------------------------
+-----+---------+
|email|birthYear|
+-----+---------+
+-----+---------+

-------------------------------------------
Batch: 1187
-------------------------------------------
+-----+---------+
|email|birthYear|
+-----+---------+
+-----+---------+

-------------------------------------------
Batch: 1188
-------------------------------------------
+-----+---------+
|email|birthYear|
+-----+---------+
+-----+---------+

-------------------------------------------
Batch: 1189
-------------------------------------------
+-----+---------+
|email|birthYear|
+-----+---------+
+-----+---------+

-------------------------------------------
Batch: 1190
-------------------------------------------
+-----+---------+
|email|birthYear|
+-----+---------+
+-----+---------+

-------------------------------------------
Batch: 1191
-------------------------------------------
+-----+---------+
|email|birthYear|
+-----+---------+
+-----+---------+

-------------------------------------------
Batch: 1192
-------------------------------------------
+-----+---------+
|email|birthYear|
+-----+---------+
+-----+---------+

-------------------------------------------
Batch: 1193
-------------------------------------------
+-----+---------+
|email|birthYear|
+-----+---------+
+-----+---------+

-------------------------------------------
Batch: 1194
-------------------------------------------
+-----+---------+
|email|birthYear|
+-----+---------+
+-----+---------+

-------------------------------------------
Batch: 1195
-------------------------------------------
+-----+---------+
|email|birthYear|
+-----+---------+
+-----+---------+

-------------------------------------------
Batch: 1196
-------------------------------------------
+-----+---------+
|email|birthYear|
+-----+---------+
+-----+---------+

-------------------------------------------
Batch: 1197
-------------------------------------------
+-----+---------+
|email|birthYear|
+-----+---------+
+-----+---------+

-------------------------------------------
Batch: 1198
-------------------------------------------
+-----+---------+
|email|birthYear|
+-----+---------+
+-----+---------+

-------------------------------------------
Batch: 1199
-------------------------------------------
+-----+---------+
|email|birthYear|
+-----+---------+
+-----+---------+

-------------------------------------------
Batch: 1200
-------------------------------------------
+-----+---------+
|email|birthYear|
+-----+---------+
+-----+---------+

-------------------------------------------
Batch: 1201
-------------------------------------------
+-----+---------+
|email|birthYear|
+-----+---------+
+-----+---------+

-------------------------------------------
Batch: 1202
-------------------------------------------
+-----+---------+
|email|birthYear|
+-----+---------+
+-----+---------+

-------------------------------------------
Batch: 1203
-------------------------------------------
+-----+---------+
|email|birthYear|
+-----+---------+
+-----+---------+

-------------------------------------------
Batch: 1204
-------------------------------------------
+-----+---------+
|email|birthYear|
+-----+---------+
+-----+---------+

-------------------------------------------
Batch: 1205
-------------------------------------------
+-----+---------+
|email|birthYear|
+-----+---------+
+-----+---------+

-------------------------------------------
Batch: 1206
-------------------------------------------
+-----+---------+
|email|birthYear|
+-----+---------+
+-----+---------+

-------------------------------------------
Batch: 1207
-------------------------------------------
+-----+---------+
|email|birthYear|
+-----+---------+
+-----+---------+

-------------------------------------------
Batch: 1208
-------------------------------------------
+-----+---------+
|email|birthYear|
+-----+---------+
+-----+---------+

-------------------------------------------
Batch: 1209
-------------------------------------------
+-----+---------+
|email|birthYear|
+-----+---------+
+-----+---------+

-------------------------------------------
Batch: 1210
-------------------------------------------
+-----+---------+
|email|birthYear|
+-----+---------+
+-----+---------+

-------------------------------------------
Batch: 1211
-------------------------------------------
+-----+---------+
|email|birthYear|
+-----+---------+
+-----+---------+

-------------------------------------------
Batch: 1212
-------------------------------------------
+-----+---------+
|email|birthYear|
+-----+---------+
+-----+---------+

-------------------------------------------
Batch: 1213
-------------------------------------------
+-----+---------+
|email|birthYear|
+-----+---------+
+-----+---------+

-------------------------------------------
Batch: 1214
-------------------------------------------
+-----+---------+
|email|birthYear|
+-----+---------+
+-----+---------+

-------------------------------------------
Batch: 1215
-------------------------------------------
+-----+---------+
|email|birthYear|
+-----+---------+
+-----+---------+

-------------------------------------------
Batch: 1216
-------------------------------------------
+-----+---------+
|email|birthYear|
+-----+---------+
+-----+---------+

-------------------------------------------
Batch: 1217
-------------------------------------------
+-----+---------+
|email|birthYear|
+-----+---------+
+-----+---------+

-------------------------------------------
Batch: 1218
-------------------------------------------
+-----+---------+
|email|birthYear|
+-----+---------+
+-----+---------+

-------------------------------------------
Batch: 1219
-------------------------------------------
+-----+---------+
|email|birthYear|
+-----+---------+
+-----+---------+

-------------------------------------------
Batch: 1220
-------------------------------------------
+-----+---------+
|email|birthYear|
+-----+---------+
+-----+---------+

-------------------------------------------
Batch: 1221
-------------------------------------------
+-----+---------+
|email|birthYear|
+-----+---------+
+-----+---------+

-------------------------------------------
Batch: 1222
-------------------------------------------
+-----+---------+
|email|birthYear|
+-----+---------+
+-----+---------+

-------------------------------------------
Batch: 1223
-------------------------------------------
+-----+---------+
|email|birthYear|
+-----+---------+
+-----+---------+

-------------------------------------------
Batch: 1224
-------------------------------------------
+-----+---------+
|email|birthYear|
+-----+---------+
+-----+---------+

-------------------------------------------
Batch: 1225
-------------------------------------------
+-----+---------+
|email|birthYear|
+-----+---------+
+-----+---------+

-------------------------------------------
Batch: 1226
-------------------------------------------
+-----+---------+
|email|birthYear|
+-----+---------+
+-----+---------+

-------------------------------------------
Batch: 1227
-------------------------------------------
+-----+---------+
|email|birthYear|
+-----+---------+
+-----+---------+

-------------------------------------------
Batch: 1228
-------------------------------------------
+-----+---------+
|email|birthYear|
+-----+---------+
+-----+---------+

-------------------------------------------
Batch: 1229
-------------------------------------------
+-----+---------+
|email|birthYear|
+-----+---------+
+-----+---------+

-------------------------------------------
Batch: 1230
-------------------------------------------
+-----+---------+
|email|birthYear|
+-----+---------+
+-----+---------+

-------------------------------------------
Batch: 1231
-------------------------------------------
+-----+---------+
|email|birthYear|
+-----+---------+
+-----+---------+

-------------------------------------------
Batch: 1232
-------------------------------------------
+-----+---------+
|email|birthYear|
+-----+---------+
+-----+---------+

-------------------------------------------
Batch: 1233
-------------------------------------------
+-----+---------+
|email|birthYear|
+-----+---------+
+-----+---------+

-------------------------------------------
Batch: 1234
-------------------------------------------
+-----+---------+
|email|birthYear|
+-----+---------+
+-----+---------+

-------------------------------------------
Batch: 1235
-------------------------------------------
+-----+---------+
|email|birthYear|
+-----+---------+
+-----+---------+

-------------------------------------------
Batch: 1236
-------------------------------------------
+-----+---------+
|email|birthYear|
+-----+---------+
+-----+---------+

-------------------------------------------
Batch: 1237
-------------------------------------------
+-----+---------+
|email|birthYear|
+-----+---------+
+-----+---------+

-------------------------------------------
Batch: 1238
-------------------------------------------
+-----+---------+
|email|birthYear|
+-----+---------+
+-----+---------+

-------------------------------------------
Batch: 1239
-------------------------------------------
+-----+---------+
|email|birthYear|
+-----+---------+
+-----+---------+

-------------------------------------------
Batch: 1240
-------------------------------------------
+-----+---------+
|email|birthYear|
+-----+---------+
+-----+---------+

-------------------------------------------
Batch: 1241
-------------------------------------------
+-----+---------+
|email|birthYear|
+-----+---------+
+-----+---------+

-------------------------------------------
Batch: 1242
-------------------------------------------
+-----+---------+
|email|birthYear|
+-----+---------+
+-----+---------+

-------------------------------------------
Batch: 1243
-------------------------------------------
+-----+---------+
|email|birthYear|
+-----+---------+
+-----+---------+

-------------------------------------------
Batch: 1244
-------------------------------------------
+-----+---------+
|email|birthYear|
+-----+---------+
+-----+---------+

-------------------------------------------
Batch: 1245
-------------------------------------------
+-----+---------+
|email|birthYear|
+-----+---------+
+-----+---------+

-------------------------------------------
Batch: 1246
-------------------------------------------
+-----+---------+
|email|birthYear|
+-----+---------+
+-----+---------+

-------------------------------------------
Batch: 1247
-------------------------------------------
+-----+---------+
|email|birthYear|
+-----+---------+
+-----+---------+

-------------------------------------------
Batch: 1248
-------------------------------------------
+-----+---------+
|email|birthYear|
+-----+---------+
+-----+---------+

-------------------------------------------
Batch: 1249
-------------------------------------------
+-----+---------+
|email|birthYear|
+-----+---------+
+-----+---------+

-------------------------------------------
Batch: 1250
-------------------------------------------
+-----+---------+
|email|birthYear|
+-----+---------+
+-----+---------+

-------------------------------------------
Batch: 1251
-------------------------------------------
+-----+---------+
|email|birthYear|
+-----+---------+
+-----+---------+

-------------------------------------------
Batch: 1252
-------------------------------------------
+-----+---------+
|email|birthYear|
+-----+---------+
+-----+---------+

-------------------------------------------
Batch: 1253
-------------------------------------------
+-----+---------+
|email|birthYear|
+-----+---------+
+-----+---------+

-------------------------------------------
Batch: 1254
-------------------------------------------
+-----+---------+
|email|birthYear|
+-----+---------+
+-----+---------+

-------------------------------------------
Batch: 1255
-------------------------------------------
+-----+---------+
|email|birthYear|
+-----+---------+
+-----+---------+

-------------------------------------------
Batch: 1256
-------------------------------------------
+-----+---------+
|email|birthYear|
+-----+---------+
+-----+---------+

-------------------------------------------
Batch: 1257
-------------------------------------------
+-----+---------+
|email|birthYear|
+-----+---------+
+-----+---------+

-------------------------------------------
Batch: 1258
-------------------------------------------
+-----+---------+
|email|birthYear|
+-----+---------+
+-----+---------+

-------------------------------------------
Batch: 1259
-------------------------------------------
+-----+---------+
|email|birthYear|
+-----+---------+
+-----+---------+

-------------------------------------------
Batch: 1260
-------------------------------------------
+-----+---------+
|email|birthYear|
+-----+---------+
+-----+---------+

-------------------------------------------
Batch: 1261
-------------------------------------------
+-----+---------+
|email|birthYear|
+-----+---------+
+-----+---------+

-------------------------------------------
Batch: 1262
-------------------------------------------
+-----+---------+
|email|birthYear|
+-----+---------+
+-----+---------+

-------------------------------------------
Batch: 1263
-------------------------------------------
+-----+---------+
|email|birthYear|
+-----+---------+
+-----+---------+

-------------------------------------------
Batch: 1264
-------------------------------------------
+-----+---------+
|email|birthYear|
+-----+---------+
+-----+---------+

-------------------------------------------
Batch: 1265
-------------------------------------------
+-----+---------+
|email|birthYear|
+-----+---------+
+-----+---------+

-------------------------------------------
Batch: 1266
-------------------------------------------
+-----+---------+
|email|birthYear|
+-----+---------+
+-----+---------+

-------------------------------------------
Batch: 1267
-------------------------------------------
+-----+---------+
|email|birthYear|
+-----+---------+
+-----+---------+

-------------------------------------------
Batch: 1268
-------------------------------------------
+-----+---------+
|email|birthYear|
+-----+---------+
+-----+---------+

-------------------------------------------
Batch: 1269
-------------------------------------------
+-----+---------+
|email|birthYear|
+-----+---------+
+-----+---------+

-------------------------------------------
Batch: 1270
-------------------------------------------
+-----+---------+
|email|birthYear|
+-----+---------+
+-----+---------+

-------------------------------------------
Batch: 1271
-------------------------------------------
+-----+---------+
|email|birthYear|
+-----+---------+
+-----+---------+

-------------------------------------------
Batch: 1272
-------------------------------------------
+-----+---------+
|email|birthYear|
+-----+---------+
+-----+---------+

-------------------------------------------
Batch: 1273
-------------------------------------------
+-----+---------+
|email|birthYear|
+-----+---------+
+-----+---------+

-------------------------------------------
Batch: 1274
-------------------------------------------
+-----+---------+
|email|birthYear|
+-----+---------+
+-----+---------+

-------------------------------------------
Batch: 1275
-------------------------------------------
+-----+---------+
|email|birthYear|
+-----+---------+
+-----+---------+

-------------------------------------------
Batch: 1276
-------------------------------------------
+-----+---------+
|email|birthYear|
+-----+---------+
+-----+---------+

-------------------------------------------
Batch: 1277
-------------------------------------------
+-----+---------+
|email|birthYear|
+-----+---------+
+-----+---------+

-------------------------------------------
Batch: 1278
-------------------------------------------
+-----+---------+
|email|birthYear|
+-----+---------+
+-----+---------+

-------------------------------------------
Batch: 1279
-------------------------------------------
+-----+---------+
|email|birthYear|
+-----+---------+
+-----+---------+

-------------------------------------------
Batch: 1280
-------------------------------------------
+-----+---------+
|email|birthYear|
+-----+---------+
+-----+---------+

-------------------------------------------
Batch: 1281
-------------------------------------------
+-----+---------+
|email|birthYear|
+-----+---------+
+-----+---------+

-------------------------------------------
Batch: 1282
-------------------------------------------
+-----+---------+
|email|birthYear|
+-----+---------+
+-----+---------+

-------------------------------------------
Batch: 1283
-------------------------------------------
+-----+---------+
|email|birthYear|
+-----+---------+
+-----+---------+

-------------------------------------------
Batch: 1284
-------------------------------------------
+-----+---------+
|email|birthYear|
+-----+---------+
+-----+---------+

-------------------------------------------
Batch: 1285
-------------------------------------------
+-----+---------+
|email|birthYear|
+-----+---------+
+-----+---------+

-------------------------------------------
Batch: 1286
-------------------------------------------
+-----+---------+
|email|birthYear|
+-----+---------+
+-----+---------+

-------------------------------------------
Batch: 1287
-------------------------------------------
+-----+---------+
|email|birthYear|
+-----+---------+
+-----+---------+

-------------------------------------------
Batch: 1288
-------------------------------------------
+-----+---------+
|email|birthYear|
+-----+---------+
+-----+---------+

-------------------------------------------
Batch: 1289
-------------------------------------------
+-----+---------+
|email|birthYear|
+-----+---------+
+-----+---------+

-------------------------------------------
Batch: 1290
-------------------------------------------
+-----+---------+
|email|birthYear|
+-----+---------+
+-----+---------+

-------------------------------------------
Batch: 1291
-------------------------------------------
+-----+---------+
|email|birthYear|
+-----+---------+
+-----+---------+

-------------------------------------------
Batch: 1292
-------------------------------------------
+-----+---------+
|email|birthYear|
+-----+---------+
+-----+---------+

-------------------------------------------
Batch: 1293
-------------------------------------------
+-----+---------+
|email|birthYear|
+-----+---------+
+-----+---------+

-------------------------------------------
Batch: 1294
-------------------------------------------
+-----+---------+
|email|birthYear|
+-----+---------+
+-----+---------+

-------------------------------------------
Batch: 1295
-------------------------------------------
+-----+---------+
|email|birthYear|
+-----+---------+
+-----+---------+

-------------------------------------------
Batch: 1296
-------------------------------------------
+-----+---------+
|email|birthYear|
+-----+---------+
+-----+---------+

-------------------------------------------
Batch: 1297
-------------------------------------------
+-----+---------+
|email|birthYear|
+-----+---------+
+-----+---------+

-------------------------------------------
Batch: 1298
-------------------------------------------
+-----+---------+
|email|birthYear|
+-----+---------+
+-----+---------+

-------------------------------------------
Batch: 1299
-------------------------------------------
+-----+---------+
|email|birthYear|
+-----+---------+
+-----+---------+

-------------------------------------------
Batch: 1300
-------------------------------------------
+-----+---------+
|email|birthYear|
+-----+---------+
+-----+---------+

-------------------------------------------
Batch: 1301
-------------------------------------------
+-----+---------+
|email|birthYear|
+-----+---------+
+-----+---------+

-------------------------------------------
Batch: 1302
-------------------------------------------
+-----+---------+
|email|birthYear|
+-----+---------+
+-----+---------+

-------------------------------------------
Batch: 1303
-------------------------------------------
+-----+---------+
|email|birthYear|
+-----+---------+
+-----+---------+

-------------------------------------------
Batch: 1304
-------------------------------------------
+-----+---------+
|email|birthYear|
+-----+---------+
+-----+---------+

-------------------------------------------
Batch: 1305
-------------------------------------------
+-----+---------+
|email|birthYear|
+-----+---------+
+-----+---------+

-------------------------------------------
Batch: 1306
-------------------------------------------
+-----+---------+
|email|birthYear|
+-----+---------+
+-----+---------+

-------------------------------------------
Batch: 1307
-------------------------------------------
+-----+---------+
|email|birthYear|
+-----+---------+
+-----+---------+

-------------------------------------------
Batch: 1308
-------------------------------------------
+-----+---------+
|email|birthYear|
+-----+---------+
+-----+---------+

-------------------------------------------
Batch: 1309
-------------------------------------------
+-----+---------+
|email|birthYear|
+-----+---------+
+-----+---------+

-------------------------------------------
Batch: 1310
-------------------------------------------
+-----+---------+
|email|birthYear|
+-----+---------+
+-----+---------+

-------------------------------------------
Batch: 1311
-------------------------------------------
+-----+---------+
|email|birthYear|
+-----+---------+
+-----+---------+

-------------------------------------------
Batch: 1312
-------------------------------------------
+-----+---------+
|email|birthYear|
+-----+---------+
+-----+---------+

-------------------------------------------
Batch: 1313
-------------------------------------------
+-----+---------+
|email|birthYear|
+-----+---------+
+-----+---------+

-------------------------------------------
Batch: 1314
-------------------------------------------
+-----+---------+
|email|birthYear|
+-----+---------+
+-----+---------+

-------------------------------------------
Batch: 1315
-------------------------------------------
+-----+---------+
|email|birthYear|
+-----+---------+
+-----+---------+

-------------------------------------------
Batch: 1316
-------------------------------------------
+-----+---------+
|email|birthYear|
+-----+---------+
+-----+---------+

-------------------------------------------
Batch: 1317
-------------------------------------------
+-----+---------+
|email|birthYear|
+-----+---------+
+-----+---------+

-------------------------------------------
Batch: 1318
-------------------------------------------
+-----+---------+
|email|birthYear|
+-----+---------+
+-----+---------+

-------------------------------------------
Batch: 1319
-------------------------------------------
+-----+---------+
|email|birthYear|
+-----+---------+
+-----+---------+

-------------------------------------------
Batch: 1320
-------------------------------------------
+-----+---------+
|email|birthYear|
+-----+---------+
+-----+---------+

-------------------------------------------
Batch: 1321
-------------------------------------------
+-----+---------+
|email|birthYear|
+-----+---------+
+-----+---------+

-------------------------------------------
Batch: 1322
-------------------------------------------
+-----+---------+
|email|birthYear|
+-----+---------+
+-----+---------+

-------------------------------------------
Batch: 1323
-------------------------------------------
+-----+---------+
|email|birthYear|
+-----+---------+
+-----+---------+

-------------------------------------------
Batch: 1324
-------------------------------------------
+-----+---------+
|email|birthYear|
+-----+---------+
+-----+---------+

-------------------------------------------
Batch: 1325
-------------------------------------------
+-----+---------+
|email|birthYear|
+-----+---------+
+-----+---------+

-------------------------------------------
Batch: 1326
-------------------------------------------
+-----+---------+
|email|birthYear|
+-----+---------+
+-----+---------+

-------------------------------------------
Batch: 1327
-------------------------------------------
+-----+---------+
|email|birthYear|
+-----+---------+
+-----+---------+

-------------------------------------------
Batch: 1328
-------------------------------------------
+-----+---------+
|email|birthYear|
+-----+---------+
+-----+---------+

-------------------------------------------
Batch: 1329
-------------------------------------------
+-----+---------+
|email|birthYear|
+-----+---------+
+-----+---------+

-------------------------------------------
Batch: 1330
-------------------------------------------
+-----+---------+
|email|birthYear|
+-----+---------+
+-----+---------+

-------------------------------------------
Batch: 1331
-------------------------------------------
+-----+---------+
|email|birthYear|
+-----+---------+
+-----+---------+

-------------------------------------------
Batch: 1332
-------------------------------------------
+-----+---------+
|email|birthYear|
+-----+---------+
+-----+---------+

-------------------------------------------
Batch: 1333
-------------------------------------------
+-----+---------+
|email|birthYear|
+-----+---------+
+-----+---------+

-------------------------------------------
Batch: 1334
-------------------------------------------
+-----+---------+
|email|birthYear|
+-----+---------+
+-----+---------+

-------------------------------------------
Batch: 1335
-------------------------------------------
+-----+---------+
|email|birthYear|
+-----+---------+
+-----+---------+

-------------------------------------------
Batch: 1336
-------------------------------------------
+-----+---------+
|email|birthYear|
+-----+---------+
+-----+---------+

-------------------------------------------
Batch: 1337
-------------------------------------------
+-----+---------+
|email|birthYear|
+-----+---------+
+-----+---------+

-------------------------------------------
Batch: 1338
-------------------------------------------
+-----+---------+
|email|birthYear|
+-----+---------+
+-----+---------+

-------------------------------------------
Batch: 1339
-------------------------------------------
+-----+---------+
|email|birthYear|
+-----+---------+
+-----+---------+

-------------------------------------------
Batch: 1340
-------------------------------------------
+-----+---------+
|email|birthYear|
+-----+---------+
+-----+---------+

-------------------------------------------
Batch: 1341
-------------------------------------------
+-----+---------+
|email|birthYear|
+-----+---------+
+-----+---------+

-------------------------------------------
Batch: 1342
-------------------------------------------
+-----+---------+
|email|birthYear|
+-----+---------+
+-----+---------+

-------------------------------------------
Batch: 1343
-------------------------------------------
+-----+---------+
|email|birthYear|
+-----+---------+
+-----+---------+

-------------------------------------------
Batch: 1344
-------------------------------------------
+-----+---------+
|email|birthYear|
+-----+---------+
+-----+---------+

-------------------------------------------
Batch: 1345
-------------------------------------------
+-----+---------+
|email|birthYear|
+-----+---------+
+-----+---------+

-------------------------------------------
Batch: 1346
-------------------------------------------
+-----+---------+
|email|birthYear|
+-----+---------+
+-----+---------+

-------------------------------------------
Batch: 1347
-------------------------------------------
+-----+---------+
|email|birthYear|
+-----+---------+
+-----+---------+

-------------------------------------------
Batch: 1348
-------------------------------------------
+-----+---------+
|email|birthYear|
+-----+---------+
+-----+---------+

-------------------------------------------
Batch: 1349
-------------------------------------------
+-----+---------+
|email|birthYear|
+-----+---------+
+-----+---------+

-------------------------------------------
Batch: 1350
-------------------------------------------
+-----+---------+
|email|birthYear|
+-----+---------+
+-----+---------+

-------------------------------------------
Batch: 1351
-------------------------------------------
+-----+---------+
|email|birthYear|
+-----+---------+
+-----+---------+

-------------------------------------------
Batch: 1352
-------------------------------------------
+-----+---------+
|email|birthYear|
+-----+---------+
+-----+---------+

-------------------------------------------
Batch: 1353
-------------------------------------------
+-----+---------+
|email|birthYear|
+-----+---------+
+-----+---------+

-------------------------------------------
Batch: 1354
-------------------------------------------
+-----+---------+
|email|birthYear|
+-----+---------+
+-----+---------+

-------------------------------------------
Batch: 1355
-------------------------------------------
+-----+---------+
|email|birthYear|
+-----+---------+
+-----+---------+

-------------------------------------------
Batch: 1356
-------------------------------------------
+-----+---------+
|email|birthYear|
+-----+---------+
+-----+---------+

-------------------------------------------
Batch: 1357
-------------------------------------------
+-----+---------+
|email|birthYear|
+-----+---------+
+-----+---------+

-------------------------------------------
Batch: 1358
-------------------------------------------
+-----+---------+
|email|birthYear|
+-----+---------+
+-----+---------+

-------------------------------------------
Batch: 1359
-------------------------------------------
+-----+---------+
|email|birthYear|
+-----+---------+
+-----+---------+

-------------------------------------------
Batch: 1360
-------------------------------------------
+-----+---------+
|email|birthYear|
+-----+---------+
+-----+---------+

-------------------------------------------
Batch: 1361
-------------------------------------------
+-----+---------+
|email|birthYear|
+-----+---------+
+-----+---------+

-------------------------------------------
Batch: 1362
-------------------------------------------
+-----+---------+
|email|birthYear|
+-----+---------+
+-----+---------+

-------------------------------------------
Batch: 1363
-------------------------------------------
+-----+---------+
|email|birthYear|
+-----+---------+
+-----+---------+

-------------------------------------------
Batch: 1364
-------------------------------------------
+-----+---------+
|email|birthYear|
+-----+---------+
+-----+---------+

-------------------------------------------
Batch: 1365
-------------------------------------------
+-----+---------+
|email|birthYear|
+-----+---------+
+-----+---------+

-------------------------------------------
Batch: 1366
-------------------------------------------
+-----+---------+
|email|birthYear|
+-----+---------+
+-----+---------+

-------------------------------------------
Batch: 1367
-------------------------------------------
+-----+---------+
|email|birthYear|
+-----+---------+
+-----+---------+

-------------------------------------------
Batch: 1368
-------------------------------------------
+-----+---------+
|email|birthYear|
+-----+---------+
+-----+---------+

-------------------------------------------
Batch: 1369
-------------------------------------------
+-----+---------+
|email|birthYear|
+-----+---------+
+-----+---------+

-------------------------------------------
Batch: 1370
-------------------------------------------
+-----+---------+
|email|birthYear|
+-----+---------+
+-----+---------+

-------------------------------------------
Batch: 1371
-------------------------------------------
+-----+---------+
|email|birthYear|
+-----+---------+
+-----+---------+

-------------------------------------------
Batch: 1372
-------------------------------------------
+-----+---------+
|email|birthYear|
+-----+---------+
+-----+---------+

-------------------------------------------
Batch: 1373
-------------------------------------------
+-----+---------+
|email|birthYear|
+-----+---------+
+-----+---------+

-------------------------------------------
Batch: 1374
-------------------------------------------
+-----+---------+
|email|birthYear|
+-----+---------+
+-----+---------+

-------------------------------------------
Batch: 1375
-------------------------------------------
+-----+---------+
|email|birthYear|
+-----+---------+
+-----+---------+

-------------------------------------------
Batch: 1376
-------------------------------------------
+-----+---------+
|email|birthYear|
+-----+---------+
+-----+---------+

-------------------------------------------
Batch: 1377
-------------------------------------------
+-----+---------+
|email|birthYear|
+-----+---------+
+-----+---------+

-------------------------------------------
Batch: 1378
-------------------------------------------
+-----+---------+
|email|birthYear|
+-----+---------+
+-----+---------+

-------------------------------------------
Batch: 1379
-------------------------------------------
+-----+---------+
|email|birthYear|
+-----+---------+
+-----+---------+

-------------------------------------------
Batch: 1380
-------------------------------------------
+-----+---------+
|email|birthYear|
+-----+---------+
+-----+---------+

-------------------------------------------
Batch: 1381
-------------------------------------------
+-----+---------+
|email|birthYear|
+-----+---------+
+-----+---------+

-------------------------------------------
Batch: 1382
-------------------------------------------
+-----+---------+
|email|birthYear|
+-----+---------+
+-----+---------+

-------------------------------------------
Batch: 1383
-------------------------------------------
+-----+---------+
|email|birthYear|
+-----+---------+
+-----+---------+

-------------------------------------------
Batch: 1384
-------------------------------------------
+-----+---------+
|email|birthYear|
+-----+---------+
+-----+---------+

-------------------------------------------
Batch: 1385
-------------------------------------------
+-----+---------+
|email|birthYear|
+-----+---------+
+-----+---------+

-------------------------------------------
Batch: 1386
-------------------------------------------
+-----+---------+
|email|birthYear|
+-----+---------+
+-----+---------+

-------------------------------------------
Batch: 1387
-------------------------------------------
+-----+---------+
|email|birthYear|
+-----+---------+
+-----+---------+

-------------------------------------------
Batch: 1388
-------------------------------------------
+-----+---------+
|email|birthYear|
+-----+---------+
+-----+---------+

-------------------------------------------
Batch: 1389
-------------------------------------------
+-----+---------+
|email|birthYear|
+-----+---------+
+-----+---------+

-------------------------------------------
Batch: 1390
-------------------------------------------
+-----+---------+
|email|birthYear|
+-----+---------+
+-----+---------+

-------------------------------------------
Batch: 1391
-------------------------------------------
+-----+---------+
|email|birthYear|
+-----+---------+
+-----+---------+

-------------------------------------------
Batch: 1392
-------------------------------------------
+-----+---------+
|email|birthYear|
+-----+---------+
+-----+---------+

-------------------------------------------
Batch: 1393
-------------------------------------------
+-----+---------+
|email|birthYear|
+-----+---------+
+-----+---------+

-------------------------------------------
Batch: 1394
-------------------------------------------
+-----+---------+
|email|birthYear|
+-----+---------+
+-----+---------+

-------------------------------------------
Batch: 1395
-------------------------------------------
+-----+---------+
|email|birthYear|
+-----+---------+
+-----+---------+

-------------------------------------------
Batch: 1396
-------------------------------------------
+-----+---------+
|email|birthYear|
+-----+---------+
+-----+---------+

-------------------------------------------
Batch: 1397
-------------------------------------------
+-----+---------+
|email|birthYear|
+-----+---------+
+-----+---------+

-------------------------------------------
Batch: 1398
-------------------------------------------
+-----+---------+
|email|birthYear|
+-----+---------+
+-----+---------+

-------------------------------------------
Batch: 1399
-------------------------------------------
+-----+---------+
|email|birthYear|
+-----+---------+
+-----+---------+

-------------------------------------------
Batch: 1400
-------------------------------------------
+-----+---------+
|email|birthYear|
+-----+---------+
+-----+---------+

-------------------------------------------
Batch: 1401
-------------------------------------------
+-----+---------+
|email|birthYear|
+-----+---------+
+-----+---------+

-------------------------------------------
Batch: 1402
-------------------------------------------
+-----+---------+
|email|birthYear|
+-----+---------+
+-----+---------+

-------------------------------------------
Batch: 1403
-------------------------------------------
+-----+---------+
|email|birthYear|
+-----+---------+
+-----+---------+

-------------------------------------------
Batch: 1404
-------------------------------------------
+-----+---------+
|email|birthYear|
+-----+---------+
+-----+---------+

-------------------------------------------
Batch: 1405
-------------------------------------------
+-----+---------+
|email|birthYear|
+-----+---------+
+-----+---------+

-------------------------------------------
Batch: 1406
-------------------------------------------
+-----+---------+
|email|birthYear|
+-----+---------+
+-----+---------+

-------------------------------------------
Batch: 1407
-------------------------------------------
+-----+---------+
|email|birthYear|
+-----+---------+
+-----+---------+

-------------------------------------------
Batch: 1408
-------------------------------------------
+-----+---------+
|email|birthYear|
+-----+---------+
+-----+---------+

-------------------------------------------
Batch: 1409
-------------------------------------------
+-----+---------+
|email|birthYear|
+-----+---------+
+-----+---------+

-------------------------------------------
Batch: 1410
-------------------------------------------
+-----+---------+
|email|birthYear|
+-----+---------+
+-----+---------+

-------------------------------------------
Batch: 1411
-------------------------------------------
+-----+---------+
|email|birthYear|
+-----+---------+
+-----+---------+

-------------------------------------------
Batch: 1412
-------------------------------------------
+-----+---------+
|email|birthYear|
+-----+---------+
+-----+---------+

-------------------------------------------
Batch: 1413
-------------------------------------------
+-----+---------+
|email|birthYear|
+-----+---------+
+-----+---------+

-------------------------------------------
Batch: 1414
-------------------------------------------
+-----+---------+
|email|birthYear|
+-----+---------+
+-----+---------+

-------------------------------------------
Batch: 1415
-------------------------------------------
+-----+---------+
|email|birthYear|
+-----+---------+
+-----+---------+

-------------------------------------------
Batch: 1416
-------------------------------------------
+-----+---------+
|email|birthYear|
+-----+---------+
+-----+---------+

-------------------------------------------
Batch: 1417
-------------------------------------------
+-----+---------+
|email|birthYear|
+-----+---------+
+-----+---------+

-------------------------------------------
Batch: 1418
-------------------------------------------
+-----+---------+
|email|birthYear|
+-----+---------+
+-----+---------+

-------------------------------------------
Batch: 1419
-------------------------------------------
+-----+---------+
|email|birthYear|
+-----+---------+
+-----+---------+

-------------------------------------------
Batch: 1420
-------------------------------------------
+-----+---------+
|email|birthYear|
+-----+---------+
+-----+---------+

-------------------------------------------
Batch: 1421
-------------------------------------------
+-----+---------+
|email|birthYear|
+-----+---------+
+-----+---------+

-------------------------------------------
Batch: 1422
-------------------------------------------
+-----+---------+
|email|birthYear|
+-----+---------+
+-----+---------+

-------------------------------------------
Batch: 1423
-------------------------------------------
+-----+---------+
|email|birthYear|
+-----+---------+
+-----+---------+

-------------------------------------------
Batch: 1424
-------------------------------------------
+-----+---------+
|email|birthYear|
+-----+---------+
+-----+---------+

-------------------------------------------
Batch: 1425
-------------------------------------------
+-----+---------+
|email|birthYear|
+-----+---------+
+-----+---------+

-------------------------------------------
Batch: 1426
-------------------------------------------
+-----+---------+
|email|birthYear|
+-----+---------+
+-----+---------+

-------------------------------------------
Batch: 1427
-------------------------------------------
+-----+---------+
|email|birthYear|
+-----+---------+
+-----+---------+

-------------------------------------------
Batch: 1428
-------------------------------------------
+-----+---------+
|email|birthYear|
+-----+---------+
+-----+---------+

-------------------------------------------
Batch: 1429
-------------------------------------------
+-----+---------+
|email|birthYear|
+-----+---------+
+-----+---------+

-------------------------------------------
Batch: 1430
-------------------------------------------
+-----+---------+
|email|birthYear|
+-----+---------+
+-----+---------+

-------------------------------------------
Batch: 1431
-------------------------------------------
+-----+---------+
|email|birthYear|
+-----+---------+
+-----+---------+

-------------------------------------------
Batch: 1432
-------------------------------------------
+-----+---------+
|email|birthYear|
+-----+---------+
+-----+---------+

-------------------------------------------
Batch: 1433
-------------------------------------------
+-----+---------+
|email|birthYear|
+-----+---------+
+-----+---------+

-------------------------------------------
Batch: 1434
-------------------------------------------
+-----+---------+
|email|birthYear|
+-----+---------+
+-----+---------+

-------------------------------------------
Batch: 1435
-------------------------------------------
+-----+---------+
|email|birthYear|
+-----+---------+
+-----+---------+

-------------------------------------------
Batch: 1436
-------------------------------------------
+-----+---------+
|email|birthYear|
+-----+---------+
+-----+---------+

-------------------------------------------
Batch: 1437
-------------------------------------------
+-----+---------+
|email|birthYear|
+-----+---------+
+-----+---------+

-------------------------------------------
Batch: 1438
-------------------------------------------
+-----+---------+
|email|birthYear|
+-----+---------+
+-----+---------+

-------------------------------------------
Batch: 1439
-------------------------------------------
+-----+---------+
|email|birthYear|
+-----+---------+
+-----+---------+

-------------------------------------------
Batch: 1440
-------------------------------------------
+-----+---------+
|email|birthYear|
+-----+---------+
+-----+---------+

-------------------------------------------
Batch: 1441
-------------------------------------------
+-----+---------+
|email|birthYear|
+-----+---------+
+-----+---------+

-------------------------------------------
Batch: 1442
-------------------------------------------
+-----+---------+
|email|birthYear|
+-----+---------+
+-----+---------+

-------------------------------------------
Batch: 1443
-------------------------------------------
+-----+---------+
|email|birthYear|
+-----+---------+
+-----+---------+

-------------------------------------------
Batch: 1444
-------------------------------------------
+-----+---------+
|email|birthYear|
+-----+---------+
+-----+---------+

-------------------------------------------
Batch: 1445
-------------------------------------------
+-----+---------+
|email|birthYear|
+-----+---------+
+-----+---------+

-------------------------------------------
Batch: 1446
-------------------------------------------
+-----+---------+
|email|birthYear|
+-----+---------+
+-----+---------+

-------------------------------------------
Batch: 1447
-------------------------------------------
+-----+---------+
|email|birthYear|
+-----+---------+
+-----+---------+

-------------------------------------------
Batch: 1448
-------------------------------------------
+-----+---------+
|email|birthYear|
+-----+---------+
+-----+---------+

-------------------------------------------
Batch: 1449
-------------------------------------------
+-----+---------+
|email|birthYear|
+-----+---------+
+-----+---------+

-------------------------------------------
Batch: 1450
-------------------------------------------
+-----+---------+
|email|birthYear|
+-----+---------+
+-----+---------+

-------------------------------------------
Batch: 1451
-------------------------------------------
+-----+---------+
|email|birthYear|
+-----+---------+
+-----+---------+

-------------------------------------------
Batch: 1452
-------------------------------------------
+-----+---------+
|email|birthYear|
+-----+---------+
+-----+---------+

-------------------------------------------
Batch: 1453
-------------------------------------------
+-----+---------+
|email|birthYear|
+-----+---------+
+-----+---------+

-------------------------------------------
Batch: 1454
-------------------------------------------
+-----+---------+
|email|birthYear|
+-----+---------+
+-----+---------+

-------------------------------------------
Batch: 1455
-------------------------------------------
+-----+---------+
|email|birthYear|
+-----+---------+
+-----+---------+

-------------------------------------------
Batch: 1456
-------------------------------------------
+-----+---------+
|email|birthYear|
+-----+---------+
+-----+---------+

-------------------------------------------
Batch: 1457
-------------------------------------------
+-----+---------+
|email|birthYear|
+-----+---------+
+-----+---------+

-------------------------------------------
Batch: 1458
-------------------------------------------
+-----+---------+
|email|birthYear|
+-----+---------+
+-----+---------+

-------------------------------------------
Batch: 1459
-------------------------------------------
+-----+---------+
|email|birthYear|
+-----+---------+
+-----+---------+

-------------------------------------------
Batch: 1460
-------------------------------------------
+-----+---------+
|email|birthYear|
+-----+---------+
+-----+---------+

-------------------------------------------
Batch: 1461
-------------------------------------------
+-----+---------+
|email|birthYear|
+-----+---------+
+-----+---------+

-------------------------------------------
Batch: 1462
-------------------------------------------
+-----+---------+
|email|birthYear|
+-----+---------+
+-----+---------+

-------------------------------------------
Batch: 1463
-------------------------------------------
+-----+---------+
|email|birthYear|
+-----+---------+
+-----+---------+

-------------------------------------------
Batch: 1464
-------------------------------------------
+-----+---------+
|email|birthYear|
+-----+---------+
+-----+---------+

-------------------------------------------
Batch: 1465
-------------------------------------------
+-----+---------+
|email|birthYear|
+-----+---------+
+-----+---------+

-------------------------------------------
Batch: 1466
-------------------------------------------
+-----+---------+
|email|birthYear|
+-----+---------+
+-----+---------+

-------------------------------------------
Batch: 1467
-------------------------------------------
+-----+---------+
|email|birthYear|
+-----+---------+
+-----+---------+

-------------------------------------------
Batch: 1468
-------------------------------------------
+-----+---------+
|email|birthYear|
+-----+---------+
+-----+---------+

-------------------------------------------
Batch: 1469
-------------------------------------------
+-----+---------+
|email|birthYear|
+-----+---------+
+-----+---------+

-------------------------------------------
Batch: 1470
-------------------------------------------
+-----+---------+
|email|birthYear|
+-----+---------+
+-----+---------+

-------------------------------------------
Batch: 1471
-------------------------------------------
+-----+---------+
|email|birthYear|
+-----+---------+
+-----+---------+

-------------------------------------------
Batch: 1472
-------------------------------------------
+-----+---------+
|email|birthYear|
+-----+---------+
+-----+---------+

-------------------------------------------
Batch: 1473
-------------------------------------------
+-----+---------+
|email|birthYear|
+-----+---------+
+-----+---------+

-------------------------------------------
Batch: 1474
-------------------------------------------
+-----+---------+
|email|birthYear|
+-----+---------+
+-----+---------+

-------------------------------------------
Batch: 1475
-------------------------------------------
+-----+---------+
|email|birthYear|
+-----+---------+
+-----+---------+

-------------------------------------------
Batch: 1476
-------------------------------------------
+-----+---------+
|email|birthYear|
+-----+---------+
+-----+---------+

-------------------------------------------
Batch: 1477
-------------------------------------------
+-----+---------+
|email|birthYear|
+-----+---------+
+-----+---------+

-------------------------------------------
Batch: 1478
-------------------------------------------
+-----+---------+
|email|birthYear|
+-----+---------+
+-----+---------+

-------------------------------------------
Batch: 1479
-------------------------------------------
+-----+---------+
|email|birthYear|
+-----+---------+
+-----+---------+

-------------------------------------------
Batch: 1480
-------------------------------------------
+-----+---------+
|email|birthYear|
+-----+---------+
+-----+---------+

-------------------------------------------
Batch: 1481
-------------------------------------------
+-----+---------+
|email|birthYear|
+-----+---------+
+-----+---------+

-------------------------------------------
Batch: 1482
-------------------------------------------
+-----+---------+
|email|birthYear|
+-----+---------+
+-----+---------+

-------------------------------------------
Batch: 1483
-------------------------------------------
+-----+---------+
|email|birthYear|
+-----+---------+
+-----+---------+

-------------------------------------------
Batch: 1484
-------------------------------------------
+-----+---------+
|email|birthYear|
+-----+---------+
+-----+---------+

-------------------------------------------
Batch: 1485
-------------------------------------------
+-----+---------+
|email|birthYear|
+-----+---------+
+-----+---------+

-------------------------------------------
Batch: 1486
-------------------------------------------
+-----+---------+
|email|birthYear|
+-----+---------+
+-----+---------+

-------------------------------------------
Batch: 1487
-------------------------------------------
+-----+---------+
|email|birthYear|
+-----+---------+
+-----+---------+

-------------------------------------------
Batch: 1488
-------------------------------------------
+-----+---------+
|email|birthYear|
+-----+---------+
+-----+---------+

-------------------------------------------
Batch: 1489
-------------------------------------------
+-----+---------+
|email|birthYear|
+-----+---------+
+-----+---------+

-------------------------------------------
Batch: 1490
-------------------------------------------
+-----+---------+
|email|birthYear|
+-----+---------+
+-----+---------+

-------------------------------------------
Batch: 1491
-------------------------------------------
+-----+---------+
|email|birthYear|
+-----+---------+
+-----+---------+

-------------------------------------------
Batch: 1492
-------------------------------------------
+-----+---------+
|email|birthYear|
+-----+---------+
+-----+---------+

-------------------------------------------
Batch: 1493
-------------------------------------------
+-----+---------+
|email|birthYear|
+-----+---------+
+-----+---------+

-------------------------------------------
Batch: 1494
-------------------------------------------
+-----+---------+
|email|birthYear|
+-----+---------+
+-----+---------+

-------------------------------------------
Batch: 1495
-------------------------------------------
+-----+---------+
|email|birthYear|
+-----+---------+
+-----+---------+

-------------------------------------------
Batch: 1496
-------------------------------------------
+-----+---------+
|email|birthYear|
+-----+---------+
+-----+---------+

-------------------------------------------
Batch: 1497
-------------------------------------------
+-----+---------+
|email|birthYear|
+-----+---------+
+-----+---------+

-------------------------------------------
Batch: 1498
-------------------------------------------
+-----+---------+
|email|birthYear|
+-----+---------+
+-----+---------+

-------------------------------------------
Batch: 1499
-------------------------------------------
+-----+---------+
|email|birthYear|
+-----+---------+
+-----+---------+

-------------------------------------------
Batch: 1500
-------------------------------------------
+-----+---------+
|email|birthYear|
+-----+---------+
+-----+---------+

-------------------------------------------
Batch: 1501
-------------------------------------------
+-----+---------+
|email|birthYear|
+-----+---------+
+-----+---------+

-------------------------------------------
Batch: 1502
-------------------------------------------
+-----+---------+
|email|birthYear|
+-----+---------+
+-----+---------+

-------------------------------------------
Batch: 1503
-------------------------------------------
+-----+---------+
|email|birthYear|
+-----+---------+
+-----+---------+

-------------------------------------------
Batch: 1504
-------------------------------------------
+-----+---------+
|email|birthYear|
+-----+---------+
+-----+---------+

-------------------------------------------
Batch: 1505
-------------------------------------------
+-----+---------+
|email|birthYear|
+-----+---------+
+-----+---------+

-------------------------------------------
Batch: 1506
-------------------------------------------
+-----+---------+
|email|birthYear|
+-----+---------+
+-----+---------+

-------------------------------------------
Batch: 1507
-------------------------------------------
+-----+---------+
|email|birthYear|
+-----+---------+
+-----+---------+

-------------------------------------------
Batch: 1508
-------------------------------------------
+-----+---------+
|email|birthYear|
+-----+---------+
+-----+---------+

-------------------------------------------
Batch: 1509
-------------------------------------------
+-----+---------+
|email|birthYear|
+-----+---------+
+-----+---------+

-------------------------------------------
Batch: 1510
-------------------------------------------
+-----+---------+
|email|birthYear|
+-----+---------+
+-----+---------+

-------------------------------------------
Batch: 1511
-------------------------------------------
+-----+---------+
|email|birthYear|
+-----+---------+
+-----+---------+

-------------------------------------------
Batch: 1512
-------------------------------------------
+-----+---------+
|email|birthYear|
+-----+---------+
+-----+---------+

-------------------------------------------
Batch: 1513
-------------------------------------------
+-----+---------+
|email|birthYear|
+-----+---------+
+-----+---------+

-------------------------------------------
Batch: 1514
-------------------------------------------
+-----+---------+
|email|birthYear|
+-----+---------+
+-----+---------+

-------------------------------------------
Batch: 1515
-------------------------------------------
+-----+---------+
|email|birthYear|
+-----+---------+
+-----+---------+

-------------------------------------------
Batch: 1516
-------------------------------------------
+-----+---------+
|email|birthYear|
+-----+---------+
+-----+---------+

-------------------------------------------
Batch: 1517
-------------------------------------------
+-----+---------+
|email|birthYear|
+-----+---------+
+-----+---------+

-------------------------------------------
Batch: 1518
-------------------------------------------
+-----+---------+
|email|birthYear|
+-----+---------+
+-----+---------+

-------------------------------------------
Batch: 1519
-------------------------------------------
+-----+---------+
|email|birthYear|
+-----+---------+
+-----+---------+

-------------------------------------------
Batch: 1520
-------------------------------------------
+-----+---------+
|email|birthYear|
+-----+---------+
+-----+---------+

-------------------------------------------
Batch: 1521
-------------------------------------------
+-----+---------+
|email|birthYear|
+-----+---------+
+-----+---------+

-------------------------------------------
Batch: 1522
-------------------------------------------
+-----+---------+
|email|birthYear|
+-----+---------+
+-----+---------+

-------------------------------------------
Batch: 1523
-------------------------------------------
+-----+---------+
|email|birthYear|
+-----+---------+
+-----+---------+

-------------------------------------------
Batch: 1524
-------------------------------------------
+-----+---------+
|email|birthYear|
+-----+---------+
+-----+---------+

-------------------------------------------
Batch: 1525
-------------------------------------------
+-----+---------+
|email|birthYear|
+-----+---------+
+-----+---------+

-------------------------------------------
Batch: 1526
-------------------------------------------
+-----+---------+
|email|birthYear|
+-----+---------+
+-----+---------+

-------------------------------------------
Batch: 1527
-------------------------------------------
+-----+---------+
|email|birthYear|
+-----+---------+
+-----+---------+

-------------------------------------------
Batch: 1528
-------------------------------------------
+-----+---------+
|email|birthYear|
+-----+---------+
+-----+---------+

-------------------------------------------
Batch: 1529
-------------------------------------------
+-----+---------+
|email|birthYear|
+-----+---------+
+-----+---------+

-------------------------------------------
Batch: 1530
-------------------------------------------
+-----+---------+
|email|birthYear|
+-----+---------+
+-----+---------+

-------------------------------------------
Batch: 1531
-------------------------------------------
+-----+---------+
|email|birthYear|
+-----+---------+
+-----+---------+

-------------------------------------------
Batch: 1532
-------------------------------------------
+-----+---------+
|email|birthYear|
+-----+---------+
+-----+---------+

-------------------------------------------
Batch: 1533
-------------------------------------------
+-----+---------+
|email|birthYear|
+-----+---------+
+-----+---------+

-------------------------------------------
Batch: 1534
-------------------------------------------
+-----+---------+
|email|birthYear|
+-----+---------+
+-----+---------+

-------------------------------------------
Batch: 1535
-------------------------------------------
+-----+---------+
|email|birthYear|
+-----+---------+
+-----+---------+

-------------------------------------------
Batch: 1536
-------------------------------------------
+-----+---------+
|email|birthYear|
+-----+---------+
+-----+---------+

-------------------------------------------
Batch: 1537
-------------------------------------------
+-----+---------+
|email|birthYear|
+-----+---------+
+-----+---------+

-------------------------------------------
Batch: 1538
-------------------------------------------
+-----+---------+
|email|birthYear|
+-----+---------+
+-----+---------+

-------------------------------------------
Batch: 1539
-------------------------------------------
+-----+---------+
|email|birthYear|
+-----+---------+
+-----+---------+

-------------------------------------------
Batch: 1540
-------------------------------------------
+-----+---------+
|email|birthYear|
+-----+---------+
+-----+---------+

-------------------------------------------
Batch: 1541
-------------------------------------------
+-----+---------+
|email|birthYear|
+-----+---------+
+-----+---------+

-------------------------------------------
Batch: 1542
-------------------------------------------
+-----+---------+
|email|birthYear|
+-----+---------+
+-----+---------+

-------------------------------------------
Batch: 1543
-------------------------------------------
+-----+---------+
|email|birthYear|
+-----+---------+
+-----+---------+

-------------------------------------------
Batch: 1544
-------------------------------------------
+-----+---------+
|email|birthYear|
+-----+---------+
+-----+---------+

-------------------------------------------
Batch: 1545
-------------------------------------------
+-----+---------+
|email|birthYear|
+-----+---------+
+-----+---------+

-------------------------------------------
Batch: 1546
-------------------------------------------
+-----+---------+
|email|birthYear|
+-----+---------+
+-----+---------+

-------------------------------------------
Batch: 1547
-------------------------------------------
+-----+---------+
|email|birthYear|
+-----+---------+
+-----+---------+

-------------------------------------------
Batch: 1548
-------------------------------------------
+-----+---------+
|email|birthYear|
+-----+---------+
+-----+---------+

-------------------------------------------
Batch: 1549
-------------------------------------------
+-----+---------+
|email|birthYear|
+-----+---------+
+-----+---------+

-------------------------------------------
Batch: 1550
-------------------------------------------
+-----+---------+
|email|birthYear|
+-----+---------+
+-----+---------+

-------------------------------------------
Batch: 1551
-------------------------------------------
+-----+---------+
|email|birthYear|
+-----+---------+
+-----+---------+

-------------------------------------------
Batch: 1552
-------------------------------------------
+-----+---------+
|email|birthYear|
+-----+---------+
+-----+---------+

-------------------------------------------
Batch: 1553
-------------------------------------------
+-----+---------+
|email|birthYear|
+-----+---------+
+-----+---------+

-------------------------------------------
Batch: 1554
-------------------------------------------
+-----+---------+
|email|birthYear|
+-----+---------+
+-----+---------+

-------------------------------------------
Batch: 1555
-------------------------------------------
+-----+---------+
|email|birthYear|
+-----+---------+
+-----+---------+

-------------------------------------------
Batch: 1556
-------------------------------------------
+-----+---------+
|email|birthYear|
+-----+---------+
+-----+---------+

-------------------------------------------
Batch: 1557
-------------------------------------------
+-----+---------+
|email|birthYear|
+-----+---------+
+-----+---------+

-------------------------------------------
Batch: 1558
-------------------------------------------
+-----+---------+
|email|birthYear|
+-----+---------+
+-----+---------+

-------------------------------------------
Batch: 1559
-------------------------------------------
+-----+---------+
|email|birthYear|
+-----+---------+
+-----+---------+

-------------------------------------------
Batch: 1560
-------------------------------------------
+-----+---------+
|email|birthYear|
+-----+---------+
+-----+---------+

-------------------------------------------
Batch: 1561
-------------------------------------------
+-----+---------+
|email|birthYear|
+-----+---------+
+-----+---------+

-------------------------------------------
Batch: 1562
-------------------------------------------
+-----+---------+
|email|birthYear|
+-----+---------+
+-----+---------+

-------------------------------------------
Batch: 1563
-------------------------------------------
+-----+---------+
|email|birthYear|
+-----+---------+
+-----+---------+

-------------------------------------------
Batch: 1564
-------------------------------------------
+-----+---------+
|email|birthYear|
+-----+---------+
+-----+---------+

-------------------------------------------
Batch: 1565
-------------------------------------------
+-----+---------+
|email|birthYear|
+-----+---------+
+-----+---------+

-------------------------------------------
Batch: 1566
-------------------------------------------
+-----+---------+
|email|birthYear|
+-----+---------+
+-----+---------+

-------------------------------------------
Batch: 1567
-------------------------------------------
+-----+---------+
|email|birthYear|
+-----+---------+
+-----+---------+

-------------------------------------------
Batch: 1568
-------------------------------------------
+-----+---------+
|email|birthYear|
+-----+---------+
+-----+---------+

-------------------------------------------
Batch: 1569
-------------------------------------------
+-----+---------+
|email|birthYear|
+-----+---------+
+-----+---------+

-------------------------------------------
Batch: 1570
-------------------------------------------
+-----+---------+
|email|birthYear|
+-----+---------+
+-----+---------+

-------------------------------------------
Batch: 1571
-------------------------------------------
+-----+---------+
|email|birthYear|
+-----+---------+
+-----+---------+

-------------------------------------------
Batch: 1572
-------------------------------------------
+-----+---------+
|email|birthYear|
+-----+---------+
+-----+---------+

-------------------------------------------
Batch: 1573
-------------------------------------------
+-----+---------+
|email|birthYear|
+-----+---------+
+-----+---------+

-------------------------------------------
Batch: 1574
-------------------------------------------
+-----+---------+
|email|birthYear|
+-----+---------+
+-----+---------+

-------------------------------------------
Batch: 1575
-------------------------------------------
+-----+---------+
|email|birthYear|
+-----+---------+
+-----+---------+

-------------------------------------------
Batch: 1576
-------------------------------------------
+-----+---------+
|email|birthYear|
+-----+---------+
+-----+---------+

-------------------------------------------
Batch: 1577
-------------------------------------------
+-----+---------+
|email|birthYear|
+-----+---------+
+-----+---------+

-------------------------------------------
Batch: 1578
-------------------------------------------
+-----+---------+
|email|birthYear|
+-----+---------+
+-----+---------+

-------------------------------------------
Batch: 1579
-------------------------------------------
+-----+---------+
|email|birthYear|
+-----+---------+
+-----+---------+

-------------------------------------------
Batch: 1580
-------------------------------------------
+-----+---------+
|email|birthYear|
+-----+---------+
+-----+---------+

-------------------------------------------
Batch: 1581
-------------------------------------------
+-----+---------+
|email|birthYear|
+-----+---------+
+-----+---------+

-------------------------------------------
Batch: 1582
-------------------------------------------
+-----+---------+
|email|birthYear|
+-----+---------+
+-----+---------+

-------------------------------------------
Batch: 1583
-------------------------------------------
+-----+---------+
|email|birthYear|
+-----+---------+
+-----+---------+

-------------------------------------------
Batch: 1584
-------------------------------------------
+-----+---------+
|email|birthYear|
+-----+---------+
+-----+---------+

-------------------------------------------
Batch: 1585
-------------------------------------------
+-----+---------+
|email|birthYear|
+-----+---------+
+-----+---------+

-------------------------------------------
Batch: 1586
-------------------------------------------
+-----+---------+
|email|birthYear|
+-----+---------+
+-----+---------+

-------------------------------------------
Batch: 1587
-------------------------------------------
+-----+---------+
|email|birthYear|
+-----+---------+
+-----+---------+

-------------------------------------------
Batch: 1588
-------------------------------------------
+-----+---------+
|email|birthYear|
+-----+---------+
+-----+---------+

-------------------------------------------
Batch: 1589
-------------------------------------------
+-----+---------+
|email|birthYear|
+-----+---------+
+-----+---------+

-------------------------------------------
Batch: 1590
-------------------------------------------
+-----+---------+
|email|birthYear|
+-----+---------+
+-----+---------+

-------------------------------------------
Batch: 1591
-------------------------------------------
+-----+---------+
|email|birthYear|
+-----+---------+
+-----+---------+

-------------------------------------------
Batch: 1592
-------------------------------------------
+-----+---------+
|email|birthYear|
+-----+---------+
+-----+---------+

-------------------------------------------
Batch: 1593
-------------------------------------------
+-----+---------+
|email|birthYear|
+-----+---------+
+-----+---------+

-------------------------------------------
Batch: 1594
-------------------------------------------
+-----+---------+
|email|birthYear|
+-----+---------+
+-----+---------+

-------------------------------------------
Batch: 1595
-------------------------------------------
+-----+---------+
|email|birthYear|
+-----+---------+
+-----+---------+

-------------------------------------------
Batch: 1596
-------------------------------------------
+-----+---------+
|email|birthYear|
+-----+---------+
+-----+---------+

-------------------------------------------
Batch: 1597
-------------------------------------------
+-----+---------+
|email|birthYear|
+-----+---------+
+-----+---------+

-------------------------------------------
Batch: 1598
-------------------------------------------
+-----+---------+
|email|birthYear|
+-----+---------+
+-----+---------+

-------------------------------------------
Batch: 1599
-------------------------------------------
+-----+---------+
|email|birthYear|
+-----+---------+
+-----+---------+

-------------------------------------------
Batch: 1600
-------------------------------------------
+-----+---------+
|email|birthYear|
+-----+---------+
+-----+---------+

-------------------------------------------
Batch: 1601
-------------------------------------------
+-----+---------+
|email|birthYear|
+-----+---------+
+-----+---------+

-------------------------------------------
Batch: 1602
-------------------------------------------
+-----+---------+
|email|birthYear|
+-----+---------+
+-----+---------+

-------------------------------------------
Batch: 1603
-------------------------------------------
+-----+---------+
|email|birthYear|
+-----+---------+
+-----+---------+

-------------------------------------------
Batch: 1604
-------------------------------------------
+-----+---------+
|email|birthYear|
+-----+---------+
+-----+---------+

-------------------------------------------
Batch: 1605
-------------------------------------------
+-----+---------+
|email|birthYear|
+-----+---------+
+-----+---------+

-------------------------------------------
Batch: 1606
-------------------------------------------
+-----+---------+
|email|birthYear|
+-----+---------+
+-----+---------+

-------------------------------------------
Batch: 1607
-------------------------------------------
+-----+---------+
|email|birthYear|
+-----+---------+
+-----+---------+

-------------------------------------------
Batch: 1608
-------------------------------------------
+-----+---------+
|email|birthYear|
+-----+---------+
+-----+---------+

-------------------------------------------
Batch: 1609
-------------------------------------------
+-----+---------+
|email|birthYear|
+-----+---------+
+-----+---------+

-------------------------------------------
Batch: 1610
-------------------------------------------
+-----+---------+
|email|birthYear|
+-----+---------+
+-----+---------+

-------------------------------------------
Batch: 1611
-------------------------------------------
+-----+---------+
|email|birthYear|
+-----+---------+
+-----+---------+

-------------------------------------------
Batch: 1612
-------------------------------------------
+-----+---------+
|email|birthYear|
+-----+---------+
+-----+---------+

-------------------------------------------
Batch: 1613
-------------------------------------------
+-----+---------+
|email|birthYear|
+-----+---------+
+-----+---------+

-------------------------------------------
Batch: 1614
-------------------------------------------
+-----+---------+
|email|birthYear|
+-----+---------+
+-----+---------+

-------------------------------------------
Batch: 1615
-------------------------------------------
+-----+---------+
|email|birthYear|
+-----+---------+
+-----+---------+

-------------------------------------------
Batch: 1616
-------------------------------------------
+-----+---------+
|email|birthYear|
+-----+---------+
+-----+---------+

-------------------------------------------
Batch: 1617
-------------------------------------------
+-----+---------+
|email|birthYear|
+-----+---------+
+-----+---------+

-------------------------------------------
Batch: 1618
-------------------------------------------
+-----+---------+
|email|birthYear|
+-----+---------+
+-----+---------+

-------------------------------------------
Batch: 1619
-------------------------------------------
+-----+---------+
|email|birthYear|
+-----+---------+
+-----+---------+

-------------------------------------------
Batch: 1620
-------------------------------------------
+-----+---------+
|email|birthYear|
+-----+---------+
+-----+---------+

-------------------------------------------
Batch: 1621
-------------------------------------------
+-----+---------+
|email|birthYear|
+-----+---------+
+-----+---------+

-------------------------------------------
Batch: 1622
-------------------------------------------
+-----+---------+
|email|birthYear|
+-----+---------+
+-----+---------+

-------------------------------------------
Batch: 1623
-------------------------------------------
+-----+---------+
|email|birthYear|
+-----+---------+
+-----+---------+

-------------------------------------------
Batch: 1624
-------------------------------------------
+-----+---------+
|email|birthYear|
+-----+---------+
+-----+---------+

-------------------------------------------
Batch: 1625
-------------------------------------------
+-----+---------+
|email|birthYear|
+-----+---------+
+-----+---------+

-------------------------------------------
Batch: 1626
-------------------------------------------
+-----+---------+
|email|birthYear|
+-----+---------+
+-----+---------+

-------------------------------------------
Batch: 1627
-------------------------------------------
+-----+---------+
|email|birthYear|
+-----+---------+
+-----+---------+

-------------------------------------------
Batch: 1628
-------------------------------------------
+-----+---------+
|email|birthYear|
+-----+---------+
+-----+---------+

-------------------------------------------
Batch: 1629
-------------------------------------------
+-----+---------+
|email|birthYear|
+-----+---------+
+-----+---------+

-------------------------------------------
Batch: 1630
-------------------------------------------
+-----+---------+
|email|birthYear|
+-----+---------+
+-----+---------+

-------------------------------------------
Batch: 1631
-------------------------------------------
+-----+---------+
|email|birthYear|
+-----+---------+
+-----+---------+

-------------------------------------------
Batch: 1632
-------------------------------------------
+-----+---------+
|email|birthYear|
+-----+---------+
+-----+---------+

-------------------------------------------
Batch: 1633
-------------------------------------------
+-----+---------+
|email|birthYear|
+-----+---------+
+-----+---------+

-------------------------------------------
Batch: 1634
-------------------------------------------
+-----+---------+
|email|birthYear|
+-----+---------+
+-----+---------+

-------------------------------------------
Batch: 1635
-------------------------------------------
+-----+---------+
|email|birthYear|
+-----+---------+
+-----+---------+

-------------------------------------------
Batch: 1636
-------------------------------------------
+-----+---------+
|email|birthYear|
+-----+---------+
+-----+---------+

-------------------------------------------
Batch: 1637
-------------------------------------------
+-----+---------+
|email|birthYear|
+-----+---------+
+-----+---------+

-------------------------------------------
Batch: 1638
-------------------------------------------
+-----+---------+
|email|birthYear|
+-----+---------+
+-----+---------+

-------------------------------------------
Batch: 1639
-------------------------------------------
+-----+---------+
|email|birthYear|
+-----+---------+
+-----+---------+

-------------------------------------------
Batch: 1640
-------------------------------------------
+-----+---------+
|email|birthYear|
+-----+---------+
+-----+---------+

-------------------------------------------
Batch: 1641
-------------------------------------------
+-----+---------+
|email|birthYear|
+-----+---------+
+-----+---------+

-------------------------------------------
Batch: 1642
-------------------------------------------
+-----+---------+
|email|birthYear|
+-----+---------+
+-----+---------+

-------------------------------------------
Batch: 1643
-------------------------------------------
+-----+---------+
|email|birthYear|
+-----+---------+
+-----+---------+

-------------------------------------------
Batch: 1644
-------------------------------------------
+-----+---------+
|email|birthYear|
+-----+---------+
+-----+---------+

-------------------------------------------
Batch: 1645
-------------------------------------------
+-----+---------+
|email|birthYear|
+-----+---------+
+-----+---------+

-------------------------------------------
Batch: 1646
-------------------------------------------
+-----+---------+
|email|birthYear|
+-----+---------+
+-----+---------+

-------------------------------------------
Batch: 1647
-------------------------------------------
+-----+---------+
|email|birthYear|
+-----+---------+
+-----+---------+

-------------------------------------------
Batch: 1648
-------------------------------------------
+-----+---------+
|email|birthYear|
+-----+---------+
+-----+---------+

-------------------------------------------
Batch: 1649
-------------------------------------------
+-----+---------+
|email|birthYear|
+-----+---------+
+-----+---------+

-------------------------------------------
Batch: 1650
-------------------------------------------
+-----+---------+
|email|birthYear|
+-----+---------+
+-----+---------+

-------------------------------------------
Batch: 1651
-------------------------------------------
+-----+---------+
|email|birthYear|
+-----+---------+
+-----+---------+

-------------------------------------------
Batch: 1652
-------------------------------------------
+-----+---------+
|email|birthYear|
+-----+---------+
+-----+---------+

-------------------------------------------
Batch: 1653
-------------------------------------------
+-----+---------+
|email|birthYear|
+-----+---------+
+-----+---------+

-------------------------------------------
Batch: 1654
-------------------------------------------
+-----+---------+
|email|birthYear|
+-----+---------+
+-----+---------+

-------------------------------------------
Batch: 1655
-------------------------------------------
+-----+---------+
|email|birthYear|
+-----+---------+
+-----+---------+

-------------------------------------------
Batch: 1656
-------------------------------------------
+-----+---------+
|email|birthYear|
+-----+---------+
+-----+---------+

-------------------------------------------
Batch: 1657
-------------------------------------------
+-----+---------+
|email|birthYear|
+-----+---------+
+-----+---------+

-------------------------------------------
Batch: 1658
-------------------------------------------
+-----+---------+
|email|birthYear|
+-----+---------+
+-----+---------+

-------------------------------------------
Batch: 1659
-------------------------------------------
+-----+---------+
|email|birthYear|
+-----+---------+
+-----+---------+

-------------------------------------------
Batch: 1660
-------------------------------------------
+-----+---------+
|email|birthYear|
+-----+---------+
+-----+---------+

-------------------------------------------
Batch: 1661
-------------------------------------------
+-----+---------+
|email|birthYear|
+-----+---------+
+-----+---------+

-------------------------------------------
Batch: 1662
-------------------------------------------
+-----+---------+
|email|birthYear|
+-----+---------+
+-----+---------+

-------------------------------------------
Batch: 1663
-------------------------------------------
+-----+---------+
|email|birthYear|
+-----+---------+
+-----+---------+

-------------------------------------------
Batch: 1664
-------------------------------------------
+-----+---------+
|email|birthYear|
+-----+---------+
+-----+---------+

-------------------------------------------
Batch: 1665
-------------------------------------------
+-----+---------+
|email|birthYear|
+-----+---------+
+-----+---------+

-------------------------------------------
Batch: 1666
-------------------------------------------
+-----+---------+
|email|birthYear|
+-----+---------+
+-----+---------+

-------------------------------------------
Batch: 1667
-------------------------------------------
+-----+---------+
|email|birthYear|
+-----+---------+
+-----+---------+

-------------------------------------------
Batch: 1668
-------------------------------------------
+-----+---------+
|email|birthYear|
+-----+---------+
+-----+---------+

-------------------------------------------
Batch: 1669
-------------------------------------------
+-----+---------+
|email|birthYear|
+-----+---------+
+-----+---------+

-------------------------------------------
Batch: 1670
-------------------------------------------
+-----+---------+
|email|birthYear|
+-----+---------+
+-----+---------+

-------------------------------------------
Batch: 1671
-------------------------------------------
+-----+---------+
|email|birthYear|
+-----+---------+
+-----+---------+

-------------------------------------------
Batch: 1672
-------------------------------------------
+-----+---------+
|email|birthYear|
+-----+---------+
+-----+---------+

-------------------------------------------
Batch: 1673
-------------------------------------------
+-----+---------+
|email|birthYear|
+-----+---------+
+-----+---------+

-------------------------------------------
Batch: 1674
-------------------------------------------
+-----+---------+
|email|birthYear|
+-----+---------+
+-----+---------+

-------------------------------------------
Batch: 1675
-------------------------------------------
+-----+---------+
|email|birthYear|
+-----+---------+
+-----+---------+

-------------------------------------------
Batch: 1676
-------------------------------------------
+-----+---------+
|email|birthYear|
+-----+---------+
+-----+---------+

-------------------------------------------
Batch: 1677
-------------------------------------------
+-----+---------+
|email|birthYear|
+-----+---------+
+-----+---------+

-------------------------------------------
Batch: 1678
-------------------------------------------
+-----+---------+
|email|birthYear|
+-----+---------+
+-----+---------+

-------------------------------------------
Batch: 1679
-------------------------------------------
+-----+---------+
|email|birthYear|
+-----+---------+
+-----+---------+

-------------------------------------------
Batch: 1680
-------------------------------------------
+-----+---------+
|email|birthYear|
+-----+---------+
+-----+---------+

-------------------------------------------
Batch: 1681
-------------------------------------------
+-----+---------+
|email|birthYear|
+-----+---------+
+-----+---------+

-------------------------------------------
Batch: 1682
-------------------------------------------
+-----+---------+
|email|birthYear|
+-----+---------+
+-----+---------+

-------------------------------------------
Batch: 1683
-------------------------------------------
+-----+---------+
|email|birthYear|
+-----+---------+
+-----+---------+

-------------------------------------------
Batch: 1684
-------------------------------------------
+-----+---------+
|email|birthYear|
+-----+---------+
+-----+---------+

-------------------------------------------
Batch: 1685
-------------------------------------------
+-----+---------+
|email|birthYear|
+-----+---------+
+-----+---------+

-------------------------------------------
Batch: 1686
-------------------------------------------
+-----+---------+
|email|birthYear|
+-----+---------+
+-----+---------+

-------------------------------------------
Batch: 1687
-------------------------------------------
+-----+---------+
|email|birthYear|
+-----+---------+
+-----+---------+

-------------------------------------------
Batch: 1688
-------------------------------------------
+-----+---------+
|email|birthYear|
+-----+---------+
+-----+---------+

-------------------------------------------
Batch: 1689
-------------------------------------------
+-----+---------+
|email|birthYear|
+-----+---------+
+-----+---------+

-------------------------------------------
Batch: 1690
-------------------------------------------
+-----+---------+
|email|birthYear|
+-----+---------+
+-----+---------+

-------------------------------------------
Batch: 1691
-------------------------------------------
+-----+---------+
|email|birthYear|
+-----+---------+
+-----+---------+

-------------------------------------------
Batch: 1692
-------------------------------------------
+-----+---------+
|email|birthYear|
+-----+---------+
+-----+---------+

-------------------------------------------
Batch: 1693
-------------------------------------------
+-----+---------+
|email|birthYear|
+-----+---------+
+-----+---------+

-------------------------------------------
Batch: 1694
-------------------------------------------
+-----+---------+
|email|birthYear|
+-----+---------+
+-----+---------+

-------------------------------------------
Batch: 1695
-------------------------------------------
+-----+---------+
|email|birthYear|
+-----+---------+
+-----+---------+

-------------------------------------------
Batch: 1696
-------------------------------------------
+-----+---------+
|email|birthYear|
+-----+---------+
+-----+---------+

-------------------------------------------
Batch: 1697
-------------------------------------------
+-----+---------+
|email|birthYear|
+-----+---------+
+-----+---------+

-------------------------------------------
Batch: 1698
-------------------------------------------
+-----+---------+
|email|birthYear|
+-----+---------+
+-----+---------+

-------------------------------------------
Batch: 1699
-------------------------------------------
+-----+---------+
|email|birthYear|
+-----+---------+
+-----+---------+

-------------------------------------------
Batch: 1700
-------------------------------------------
+-----+---------+
|email|birthYear|
+-----+---------+
+-----+---------+

-------------------------------------------
Batch: 1701
-------------------------------------------
+-----+---------+
|email|birthYear|
+-----+---------+
+-----+---------+

-------------------------------------------
Batch: 1702
-------------------------------------------
+-----+---------+
|email|birthYear|
+-----+---------+
+-----+---------+

-------------------------------------------
Batch: 1703
-------------------------------------------
+-----+---------+
|email|birthYear|
+-----+---------+
+-----+---------+

-------------------------------------------
Batch: 1704
-------------------------------------------
+-----+---------+
|email|birthYear|
+-----+---------+
+-----+---------+

-------------------------------------------
Batch: 1705
-------------------------------------------
+-----+---------+
|email|birthYear|
+-----+---------+
+-----+---------+

-------------------------------------------
Batch: 1706
-------------------------------------------
+-----+---------+
|email|birthYear|
+-----+---------+
+-----+---------+

-------------------------------------------
Batch: 1707
-------------------------------------------
+-----+---------+
|email|birthYear|
+-----+---------+
+-----+---------+

-------------------------------------------
Batch: 1708
-------------------------------------------
+-----+---------+
|email|birthYear|
+-----+---------+
+-----+---------+

-------------------------------------------
Batch: 1709
-------------------------------------------
+-----+---------+
|email|birthYear|
+-----+---------+
+-----+---------+

-------------------------------------------
Batch: 1710
-------------------------------------------
+-----+---------+
|email|birthYear|
+-----+---------+
+-----+---------+

-------------------------------------------
Batch: 1711
-------------------------------------------
+-----+---------+
|email|birthYear|
+-----+---------+
+-----+---------+

-------------------------------------------
Batch: 1712
-------------------------------------------
+-----+---------+
|email|birthYear|
+-----+---------+
+-----+---------+

-------------------------------------------
Batch: 1713
-------------------------------------------
+-----+---------+
|email|birthYear|
+-----+---------+
+-----+---------+

-------------------------------------------
Batch: 1714
-------------------------------------------
+-----+---------+
|email|birthYear|
+-----+---------+
+-----+---------+

-------------------------------------------
Batch: 1715
-------------------------------------------
+-----+---------+
|email|birthYear|
+-----+---------+
+-----+---------+

-------------------------------------------
Batch: 1716
-------------------------------------------
+-----+---------+
|email|birthYear|
+-----+---------+
+-----+---------+

-------------------------------------------
Batch: 1717
-------------------------------------------
+-----+---------+
|email|birthYear|
+-----+---------+
+-----+---------+

-------------------------------------------
Batch: 1718
-------------------------------------------
+-----+---------+
|email|birthYear|
+-----+---------+
+-----+---------+

